,,CLASS 1 (clean images),,,,"k = 5, s = 1.0",,,,"k = 5, s = 2.0",,,,"k = 5, s = 4.0",,,,"k = 5, s = 9.0",,,,"k = 7, s = 2.0",,,,"k = 7, s = 4.0",,,,"k = 7, s = 13.5",,,,"k = 7, s = 15.0",,,,"k = 11, s = 2.0",,,,"k = 11, s = 5.0",,,
layer,head,patch_common_features_cls1,patch_count_cls1,cls_common_features_cls1,cls_count_cls1,patch_common_features,patch_count,cls_common_features,cls_count,patch_common_features,patch_count,cls_common_features,cls_count,patch_common_features,patch_count,cls_common_features,cls_count,patch_common_features,patch_count,cls_common_features,cls_count,patch_common_features,patch_count,cls_common_features,cls_count,patch_common_features,patch_count,cls_common_features,cls_count,patch_common_features,patch_count,cls_common_features,cls_count,patch_common_features,patch_count,cls_common_features,cls_count,patch_common_features,patch_count,cls_common_features,cls_count,patch_common_features,patch_count,cls_common_features,cls_count
0,0,"[2, 12, 15, 25, 27, 37, 45, 46]",8,"[2, 12, 25, 37, 45, 46]",6,"[12, 15, 25, 27, 45, 46]",6,"[12, 25, 37, 45, 46]",5,"[12, 15, 25, 27, 45, 46]",6,"[12, 25, 37, 45, 46]",5,"[12, 15, 25, 27, 45, 46]",6,"[12, 25, 37, 45, 46]",5,"[12, 15, 25, 27, 45, 46]",6,"[12, 25, 45, 46]",4,"[12, 15, 25, 27, 45, 46]",6,"[12, 25, 37, 45, 46]",5,"[12, 15, 25, 27, 45, 46]",6,"[25, 37, 45, 46]",4,"[12, 15, 25, 27, 45, 46]",6,"[25, 37, 45, 46]",4,"[12, 15, 25, 27, 45, 46]",6,"[25, 37, 45, 46]",4,"[15, 25, 27, 45, 46]",5,"[25, 37, 45, 46]",4,"[15, 25, 27, 45, 46]",5,"[25, 37, 45, 46]",4
0,1,"[3, 10, 16, 22, 24, 26, 31, 32, 34, 61]",10,"[3, 24, 25, 27, 29, 31, 32, 46, 60, 61]",10,"[3, 10, 16, 22, 24, 26, 31, 32, 34, 61]",10,"[3, 24, 25, 27, 29, 31, 32, 46, 60, 61]",10,"[3, 10, 16, 22, 24, 26, 31, 32, 34, 61]",10,"[3, 24, 25, 29, 31, 32, 46, 60, 61]",9,"[3, 10, 16, 22, 24, 26, 31, 32, 34, 61]",10,"[3, 24, 25, 29, 31, 32, 46, 60, 61]",9,"[3, 10, 16, 22, 24, 26, 31, 32, 34, 61]",10,"[3, 24, 25, 29, 31, 32, 46, 60, 61]",9,"[3, 10, 16, 22, 24, 26, 31, 32, 34, 61]",10,"[3, 24, 25, 29, 31, 32, 46, 60, 61]",9,"[3, 10, 16, 22, 24, 26, 31, 32, 34, 61]",10,"[3, 24, 25, 29, 31, 32, 46, 60, 61]",9,"[3, 10, 16, 22, 24, 26, 31, 32, 34, 61]",10,"[3, 24, 25, 29, 31, 32, 46, 60, 61]",9,"[3, 10, 16, 22, 24, 26, 31, 32, 34, 61]",10,"[3, 24, 25, 29, 31, 32, 46, 60, 61]",9,"[3, 10, 16, 22, 24, 26, 31, 32, 34, 61]",10,"[3, 24, 25, 29, 31, 32, 46, 60, 61]",9,"[3, 10, 16, 22, 24, 26, 31, 32, 34, 61]",10,"[3, 24, 25, 29, 31, 32, 46, 60, 61]",9
0,2,"[12, 18, 19, 55]",4,"[19, 55]",2,"[18, 19, 55]",3,"[19, 55]",2,"[18, 19, 55]",3,"[19, 55]",2,"[18, 19, 55]",3,"[19, 55]",2,"[18, 19, 55]",3,"[19, 55]",2,"[18, 19, 55]",3,"[19, 55]",2,"[18, 19, 55]",3,"[19, 55]",2,"[18, 19, 55]",3,"[19, 55]",2,"[18, 19, 55]",3,"[19, 55]",2,"[18, 19, 55]",3,"[19, 55]",2,"[18, 19, 55]",3,"[19, 55]",2
0,3,"[6, 7, 13, 23, 40, 41, 61]",7,"[6, 7, 13, 23, 38, 40, 41, 54, 61]",9,"[6, 7, 13, 23, 40, 41, 61]",7,"[6, 7, 13, 23, 38, 40, 41, 54, 61]",9,"[6, 7, 13, 23, 40, 41, 61]",7,"[6, 7, 13, 23, 38, 40, 41, 54, 61]",9,"[6, 7, 13, 23, 40, 41, 61]",7,"[6, 7, 13, 23, 38, 40, 41, 54, 61]",9,"[6, 7, 13, 23, 40, 41, 61]",7,"[6, 7, 13, 23, 38, 40, 41, 54, 61]",9,"[6, 7, 13, 23, 40, 41, 61]",7,"[6, 7, 13, 23, 38, 40, 41, 54, 61]",9,"[6, 7, 13, 23, 40, 41, 61]",7,"[6, 7, 13, 23, 38, 40, 41, 54, 61]",9,"[6, 7, 13, 23, 40, 41, 61]",7,"[6, 7, 13, 23, 38, 40, 41, 54, 61]",9,"[6, 7, 13, 23, 40, 41, 61]",7,"[6, 7, 13, 23, 38, 40, 41, 54, 61]",9,"[6, 7, 13, 23, 40, 41, 61]",7,"[6, 7, 13, 23, 38, 40, 41, 54, 61]",9,"[6, 7, 13, 23, 40, 41, 61]",7,"[6, 7, 13, 23, 38, 40, 41, 54, 61]",9
0,4,"[8, 25, 33, 46, 58]",5,"[8, 33, 46, 58]",4,"[8, 25, 33, 46, 58]",5,"[8, 33, 46, 58]",4,"[8, 25, 33, 46, 58]",5,"[8, 33, 46, 58]",4,"[8, 25, 33, 46, 58]",5,"[8, 33, 46, 58]",4,"[8, 25, 33, 46, 58]",5,"[8, 33, 46, 58]",4,"[8, 25, 33, 46, 58]",5,"[8, 33, 46, 58]",4,"[8, 25, 33, 46, 58]",5,"[8, 33, 46, 58]",4,"[8, 25, 33, 46, 58]",5,"[8, 33, 46, 58]",4,"[8, 25, 33, 46, 58]",5,"[8, 33, 46, 58]",4,"[8, 25, 33, 46, 58]",5,"[8, 33, 46, 58]",4,"[8, 25, 33, 46, 58]",5,"[8, 33, 46, 58]",4
0,5,"[0, 2, 13, 16, 29, 40, 46, 47, 62]",9,"[0, 2, 13, 16, 29, 40, 46, 62]",8,"[0, 2, 13, 16, 29, 40, 46, 47, 62]",9,"[0, 2, 13, 16, 29, 40, 46, 62]",8,"[0, 2, 13, 16, 29, 40, 46, 47, 62]",9,"[0, 2, 13, 16, 29, 40, 46]",7,"[0, 2, 13, 16, 29, 40, 46, 47, 62]",9,"[0, 2, 13, 16, 29, 40, 46]",7,"[0, 2, 13, 16, 29, 40, 46, 47, 62]",9,"[0, 2, 13, 16, 29, 40, 46]",7,"[0, 2, 13, 16, 29, 40, 46, 47, 62]",9,"[0, 2, 13, 16, 29, 40, 46]",7,"[0, 2, 13, 16, 29, 40, 46, 47, 62]",9,"[0, 2, 13, 16, 29, 40, 46]",7,"[0, 2, 13, 16, 29, 40, 46, 47, 62]",9,"[0, 2, 13, 16, 29, 40, 46]",7,"[0, 2, 13, 16, 29, 40, 46, 47, 62]",9,"[0, 2, 13, 16, 29, 40, 46]",7,"[0, 2, 13, 16, 29, 40, 46, 47, 62]",9,"[0, 2, 13, 16, 29, 40, 46]",7,"[0, 2, 13, 16, 29, 40, 46, 47]",8,"[0, 2, 13, 16, 29, 40, 46]",7
0,6,"[11, 18, 34, 43, 59, 60, 61]",7,"[11, 18, 43, 58, 59, 60, 61]",7,"[11, 18, 43, 59, 60]",5,"[11, 18, 43, 59, 60]",5,"[11, 18, 43, 59, 60]",5,"[11, 18, 43, 59, 60]",5,"[11, 18, 43, 59, 60]",5,"[11, 18, 43, 59, 60]",5,"[11, 18, 43, 59, 60]",5,"[11, 18, 43, 59, 60]",5,"[11, 18, 43, 59, 60]",5,"[11, 18, 43, 59, 60]",5,"[11, 18, 43, 59, 60]",5,"[11, 18, 43, 59, 60]",5,"[11, 18, 43, 59, 60]",5,"[11, 18, 43, 59, 60]",5,"[11, 18, 43, 59, 60]",5,"[11, 18, 43, 59, 60]",5,"[11, 18, 43, 59, 60]",5,"[11, 18, 43, 59, 60]",5,"[11, 18, 43, 59, 60]",5,"[11, 18, 43, 59, 60]",5
0,7,"[2, 4, 7, 12, 21, 27, 29, 37, 40, 63]",10,"[2, 4, 7, 12, 21, 27, 29, 37, 40, 63]",10,"[2, 4, 7, 12, 21, 27, 29, 37, 40, 63]",10,"[2, 4, 7, 12, 21, 27, 29, 37, 40, 63]",10,"[2, 4, 7, 12, 21, 27, 29, 37, 40, 63]",10,"[2, 4, 7, 12, 21, 27, 29, 37, 40, 63]",10,"[2, 4, 7, 12, 21, 27, 29, 37, 40, 63]",10,"[2, 4, 7, 12, 21, 27, 29, 37, 40, 63]",10,"[2, 4, 7, 12, 21, 27, 29, 37, 40, 63]",10,"[2, 4, 7, 12, 21, 27, 29, 37, 40, 63]",10,"[2, 4, 7, 12, 21, 27, 29, 37, 40, 63]",10,"[2, 4, 7, 12, 21, 27, 29, 37, 40, 63]",10,"[2, 4, 7, 12, 21, 27, 29, 37, 40, 63]",10,"[2, 4, 7, 12, 21, 27, 29, 37, 40, 63]",10,"[2, 4, 7, 12, 21, 27, 29, 37, 40, 63]",10,"[2, 4, 7, 12, 21, 27, 29, 37, 40, 63]",10,"[2, 4, 7, 12, 21, 27, 29, 37, 40, 63]",10,"[2, 4, 7, 12, 21, 27, 29, 37, 40, 63]",10,"[2, 4, 7, 12, 21, 27, 29, 37, 40, 63]",10,"[2, 4, 7, 12, 21, 27, 29, 37, 40, 63]",10,"[2, 4, 7, 12, 21, 27, 29, 37, 40, 63]",10,"[2, 4, 7, 12, 21, 27, 29, 37, 40, 63]",10
0,8,"[9, 20, 30, 34, 37, 42, 45, 49, 53, 57]",10,"[9, 20, 30, 34, 42, 45, 49, 53, 57]",9,"[9, 20, 30, 34, 37, 42, 45, 49, 53, 57]",10,"[9, 20, 30, 34, 42, 45, 49, 53, 57]",9,"[9, 20, 30, 34, 37, 42, 45, 49, 53, 57]",10,"[9, 20, 30, 34, 42, 45, 49, 57]",8,"[9, 20, 30, 34, 37, 42, 45, 49, 53, 57]",10,"[9, 20, 30, 34, 42, 45, 49, 57]",8,"[9, 20, 30, 34, 37, 42, 45, 49, 53, 57]",10,"[9, 20, 30, 34, 42, 45, 49, 57]",8,"[9, 20, 30, 34, 37, 42, 45, 49, 53, 57]",10,"[9, 20, 30, 34, 42, 45, 49, 57]",8,"[9, 20, 30, 34, 37, 42, 45, 49, 53, 57]",10,"[9, 20, 30, 34, 42, 45, 49, 57]",8,"[9, 20, 30, 34, 37, 42, 45, 49, 53, 57]",10,"[9, 20, 30, 34, 42, 45, 49, 57]",8,"[9, 20, 30, 34, 37, 42, 45, 49, 53, 57]",10,"[9, 20, 30, 34, 42, 45, 49, 57]",8,"[9, 20, 30, 34, 37, 42, 45, 49, 53, 57]",10,"[9, 20, 30, 34, 42, 45, 49, 57]",8,"[9, 20, 30, 34, 37, 42, 45, 49, 53, 57]",10,"[9, 20, 30, 34, 42, 45, 49, 57]",8
0,9,"[2, 12, 17, 36, 39, 43, 59, 63]",8,"[2, 12, 17, 36, 39, 43, 59, 63]",8,"[2, 12, 17, 36, 39, 43, 59, 63]",8,"[2, 12, 17, 36, 39, 43, 59, 63]",8,"[2, 12, 17, 36, 39, 43, 59, 63]",8,"[2, 12, 17, 36, 39, 59, 63]",7,"[2, 12, 17, 36, 39, 43, 59, 63]",8,"[2, 12, 17, 36, 39, 43, 59, 63]",8,"[2, 12, 17, 36, 39, 43, 59, 63]",8,"[2, 12, 17, 36, 39, 43, 59, 63]",8,"[2, 12, 17, 36, 39, 43, 63]",7,"[2, 12, 17, 36, 39, 43, 59, 63]",8,"[2, 12, 17, 36, 39, 43, 59]",7,"[2, 12, 17, 36, 39, 43, 59]",7,"[2, 12, 17, 36, 39, 43, 59]",7,"[2, 12, 17, 36, 39, 43, 59]",7,"[2, 12, 17, 36, 39, 43, 59]",7,"[2, 12, 17, 36, 39, 43, 59]",7,"[2, 12, 17, 36, 39, 43, 59]",7,"[2, 12, 17, 36, 39, 43, 59]",7,"[2, 12, 17, 36, 39, 43]",6,"[2, 12, 17, 36, 39, 59]",6
0,10,"[11, 15, 29, 33, 36, 49]",6,"[11, 15, 29, 33, 36, 49, 59]",7,"[11, 15, 36, 49]",4,"[11, 15, 33, 36, 59]",5,"[11, 15, 36, 49]",4,"[11, 15, 36, 49, 59]",5,"[11, 15, 36, 49]",4,"[11, 15, 36, 49, 59]",5,"[11, 15, 36, 49]",4,"[11, 15, 36, 49, 59]",5,"[11, 15, 36, 49]",4,"[11, 15, 36, 49, 59]",5,"[11, 15, 36, 49]",4,"[11, 15, 36, 49, 59]",5,"[11, 15, 36, 49]",4,"[11, 15, 36, 49, 59]",5,"[11, 15, 36, 49]",4,"[11, 15, 36, 49, 59]",5,"[11, 15, 36, 49]",4,"[11, 15, 36, 49, 59]",5,"[11, 15, 36]",3,"[11, 15, 36, 49, 59]",5
0,11,"[0, 9, 40]",3,"[0, 9, 40, 44, 63]",5,"[0, 9, 40]",3,"[0, 9, 40, 63]",4,"[0, 9, 40]",3,"[0, 9, 40, 63]",4,"[0, 9, 40]",3,"[0, 9, 40, 63]",4,"[0, 9, 40]",3,"[0, 9, 40, 63]",4,"[0, 9, 40]",3,"[0, 9, 40, 63]",4,"[0, 9, 40]",3,"[0, 9, 40, 63]",4,"[0, 9, 40]",3,"[0, 9, 40, 63]",4,"[0, 9, 40]",3,"[0, 9, 40, 63]",4,"[0, 9, 40]",3,"[0, 9, 40, 63]",4,"[0, 9, 40]",3,"[0, 9, 40, 63]",4
1,0,"[7, 10, 25, 26, 42, 44, 48, 50, 59]",9,"[7, 10, 20, 25, 26, 42, 44, 48, 59]",9,"[50, 59]",2,[],0,[59],1,[],0,[59],1,[],0,[59],1,[],0,[],0,[],0,[],0,[],0,[],0,[],0,[],0,[],0,[],0,[],0,[],0,[],0
1,1,"[4, 8, 26, 40, 42, 48, 62]",7,"[4, 8, 26, 40, 42, 48, 62]",7,"[4, 26, 40, 48]",4,"[4, 40, 48]",3,"[4, 40, 48]",3,"[4, 40, 48]",3,"[4, 40, 48]",3,"[4, 40, 48]",3,"[4, 40, 48]",3,"[4, 40, 48]",3,"[4, 40, 48]",3,"[4, 40, 48]",3,"[4, 40, 48]",3,"[4, 40, 48]",3,"[4, 40, 48]",3,"[4, 40, 48]",3,"[4, 40, 48]",3,"[4, 40, 48]",3,"[4, 40, 48]",3,"[4, 40, 48]",3,"[4, 40, 48]",3,"[40, 48, 62]",3
1,2,"[1, 3, 8, 13, 28, 39, 50, 57, 59]",9,"[8, 27, 39, 44, 50, 59, 63]",7,[8],1,"[8, 63]",2,[],0,"[8, 63]",2,[],0,[63],1,[],0,[63],1,[],0,[63],1,[],0,"[27, 63]",2,[],0,"[27, 63]",2,[],0,"[27, 63]",2,[],0,[63],1,[],0,"[27, 63]",2
1,3,"[3, 10, 22, 44, 58]",5,"[3, 22, 44]",3,[44],1,[44],1,[44],1,[44],1,[44],1,[44],1,[44],1,[44],1,[44],1,[44],1,[44],1,[44],1,[44],1,[44],1,[44],1,[44],1,[44],1,[44],1,[44],1,[44],1
1,4,"[20, 24, 29, 35, 38, 39, 51, 59, 63]",9,"[20, 24, 35, 38, 39, 51, 63]",7,"[20, 24, 35, 38, 39, 63]",6,"[20, 24, 35, 38, 39, 63]",6,"[20, 24, 35, 39, 63]",5,"[20, 24, 35, 39, 63]",5,"[20, 24, 35, 39, 63]",5,"[20, 24, 35, 39, 63]",5,"[20, 24, 35, 39, 63]",5,"[20, 24, 35, 39, 63]",5,"[20, 24, 35, 39, 63]",5,"[20, 24, 35, 39, 63]",5,"[20, 24, 35, 39, 63]",5,"[20, 24, 35, 39, 63]",5,"[20, 24, 35, 39, 63]",5,"[20, 24, 35, 39, 63]",5,"[20, 24, 35, 39, 63]",5,"[20, 24, 35, 39, 63]",5,"[20, 24, 35, 39, 63]",5,"[20, 24, 35, 39, 63]",5,"[20, 24, 35, 39, 63]",5,"[20, 24, 35, 39, 63]",5
1,5,"[1, 5, 10, 17, 23, 34, 41, 50]",8,"[0, 1, 10, 23, 25, 27, 31, 41]",8,"[1, 23]",2,"[0, 1, 23, 25, 41]",5,"[1, 23]",2,"[0, 1, 23, 25, 41]",5,"[1, 23]",2,"[0, 1, 23, 25, 41]",5,"[1, 23]",2,"[0, 1, 23, 25, 41]",5,"[1, 23]",2,"[0, 1, 23, 25, 41]",5,"[1, 23]",2,"[0, 1, 23, 25, 41]",5,"[1, 23]",2,"[0, 1, 23, 25, 41]",5,"[1, 23]",2,"[0, 1, 23, 25, 41]",5,"[1, 23]",2,"[0, 1, 23, 25, 41]",5,"[1, 23]",2,"[0, 1, 10, 23, 25, 41]",6
1,6,"[18, 21, 22, 37, 45, 47, 57, 59]",8,"[16, 18, 21, 22, 37, 45, 47, 57, 59]",9,"[18, 22, 37]",3,"[18, 22, 37, 47, 57]",5,"[18, 22, 57]",3,"[18, 22, 37, 47, 57]",5,"[18, 22, 37, 57]",4,"[18, 22, 37, 47, 57]",5,"[18, 22, 37, 47, 57]",5,"[18, 22, 37, 47, 57]",5,"[18, 22, 37, 57]",4,"[18, 22, 37, 47]",4,"[18, 22, 37, 47, 57]",5,"[18, 22, 37, 47]",4,"[18, 22, 37, 47, 57]",5,"[18, 22, 37, 47]",4,"[18, 22, 37, 47, 57]",5,"[18, 22, 37, 47]",4,"[18, 22, 37, 47, 57]",5,"[18, 22, 37, 47]",4,"[18, 22, 37, 47, 57]",5,"[18, 22, 37, 47, 57]",5
1,7,"[16, 20, 34, 38, 54, 57]",6,"[2, 8, 16, 20, 34, 38, 39, 42, 44]",9,"[16, 34, 38, 57]",4,"[8, 16, 39]",3,"[16, 34, 38, 57]",4,"[8, 16, 39]",3,"[34, 38, 57]",3,"[8, 16, 39]",3,"[34, 38, 57]",3,"[8, 16, 39]",3,"[34, 57]",2,"[8, 16, 39]",3,"[34, 57]",2,"[8, 16, 39]",3,"[34, 38, 57]",3,"[8, 16, 39]",3,"[34, 38, 57]",3,"[8, 16, 39]",3,"[34, 57]",2,"[8, 16, 39]",3,[57],1,"[8, 39, 42]",3
1,8,"[5, 19, 22, 30, 33, 34, 61]",7,"[5, 19, 30, 33, 34, 49, 57, 61]",8,"[5, 19, 30, 33, 34]",5,"[5, 30, 33, 34, 57]",5,"[5, 30, 33, 34]",4,"[5, 30, 33, 34]",4,"[5, 30, 33, 34]",4,"[5, 30, 33, 34]",4,"[5, 30, 33, 34]",4,"[5, 30, 33, 34]",4,"[5, 30, 33, 34]",4,"[5, 30, 33, 34]",4,"[5, 30, 33, 34]",4,"[5, 30, 33, 34]",4,"[5, 30, 33, 34]",4,"[5, 30, 33, 34]",4,"[5, 30, 33, 34]",4,"[5, 30, 33, 34]",4,"[5, 30, 33, 34]",4,"[5, 30, 33, 34]",4,"[5, 30, 33]",3,"[5, 30, 33]",3
1,9,"[10, 15, 27, 28, 35, 52, 56]",7,"[3, 10, 15, 27, 28, 52, 56]",7,"[28, 56]",2,"[28, 52, 56]",3,"[28, 56]",2,[56],1,"[28, 56]",2,[56],1,"[28, 56]",2,[56],1,"[28, 56]",2,[56],1,"[28, 56]",2,"[52, 56]",2,"[28, 56]",2,[56],1,"[28, 56]",2,[56],1,"[28, 56]",2,[56],1,"[28, 52, 56]",3,"[52, 56]",2
1,10,"[15, 21, 24, 44, 61, 63]",6,"[6, 12, 15, 20, 21, 24, 44, 47, 61]",9,"[21, 24, 61]",3,"[6, 12, 21, 24, 47, 61]",6,"[21, 24, 61]",3,"[6, 12, 21, 24, 47, 61]",6,"[21, 24, 61]",3,"[6, 12, 21, 24, 47, 61]",6,"[21, 24, 61]",3,"[6, 12, 21, 24, 47, 61]",6,"[21, 24, 61]",3,"[6, 12, 21, 24, 47, 61]",6,"[21, 24, 61]",3,"[6, 12, 21, 24, 61]",5,"[21, 24, 61]",3,"[6, 12, 21, 24, 61]",5,"[21, 24, 61]",3,"[6, 12, 21, 24, 61]",5,"[21, 24, 61]",3,"[6, 12, 21, 24, 61]",5,"[21, 24, 61]",3,"[6, 12, 21, 24, 44, 61]",6
1,11,"[2, 6, 13, 15, 21, 33, 52]",7,"[2, 7, 13, 15, 18, 21, 48, 52, 54]",9,"[6, 13, 15, 21, 52]",5,"[7, 15, 18, 21, 52]",5,"[13, 15, 21]",3,"[7, 18]",2,"[13, 15, 21]",3,"[7, 18, 21]",3,"[13, 15, 21]",3,"[7, 18]",2,"[13, 15, 21]",3,"[7, 18]",2,"[13, 21, 33]",3,"[7, 18]",2,"[13, 21, 33]",3,"[7, 18]",2,"[13, 21, 33]",3,"[7, 18]",2,"[13, 21, 33]",3,"[7, 18]",2,"[13, 33]",2,"[7, 13, 18]",3
2,0,"[23, 26, 30, 40, 41, 45, 56, 57, 59]",9,"[12, 26, 30, 41, 45, 56, 57, 59]",8,"[23, 26, 41, 57, 59]",5,"[26, 41, 57]",3,"[23, 26, 41, 45, 57]",5,"[26, 41, 45, 57]",4,"[26, 41, 45, 57]",4,"[26, 41, 45, 57]",4,"[26, 41, 45, 57]",4,"[26, 41, 45, 57]",4,"[26, 41, 45, 57]",4,"[26, 41, 45, 57]",4,"[26, 41, 45, 57]",4,"[26, 41, 45, 57]",4,"[26, 41, 45, 57]",4,"[26, 41, 45, 57]",4,"[26, 41, 45, 57]",4,"[26, 41, 45, 57]",4,"[26, 41, 45, 57]",4,"[26, 41, 45, 57]",4,"[26, 41, 45, 57]",4,"[26, 41, 45, 57]",4
2,1,"[10, 15, 29, 35, 51, 55, 59]",7,"[10, 15, 29, 35, 51, 55, 59]",7,"[29, 51, 55, 59]",4,"[29, 35, 51, 55, 59]",5,"[29, 55, 59]",3,"[29, 55, 59]",3,"[29, 55, 59]",3,"[29, 35, 55, 59]",4,"[29, 55]",2,"[29, 35, 55]",3,"[29, 55, 59]",3,"[29, 35, 55, 59]",4,"[29, 35, 55]",3,"[29, 35, 55, 59]",4,"[29, 55]",2,"[29, 35, 55, 59]",4,"[29, 55]",2,"[29, 35, 55, 59]",4,"[29, 55, 59]",3,"[29, 35, 55, 59]",4,"[29, 51, 55]",3,"[29, 55]",2
2,2,"[3, 11, 18, 26, 27, 28, 29, 33, 34, 37]",10,"[3, 11, 26, 28, 29, 35, 60]",7,"[3, 26, 28, 29]",4,"[11, 26, 28, 29, 35]",5,"[26, 29]",2,"[11, 26, 28, 29, 35]",5,"[26, 29]",2,"[11, 26, 28, 29, 35]",5,"[26, 29]",2,"[11, 26, 28, 29, 35]",5,"[26, 29]",2,"[11, 26, 29, 35]",4,"[26, 29]",2,"[11, 26, 29, 35]",4,"[26, 29]",2,"[11, 26, 29, 35]",4,"[26, 29]",2,"[11, 26, 29, 35]",4,"[26, 29]",2,"[11, 26, 29, 35]",4,"[26, 29]",2,"[11, 26, 29, 35]",4
2,3,"[5, 41, 44, 45, 53, 61]",6,"[5, 45, 53, 58, 61]",5,"[5, 41, 45]",3,"[5, 45]",2,[5],1,[],0,[5],1,[5],1,[5],1,[5],1,[],0,[],0,[],0,[],0,[],0,[],0,[],0,[],0,[],0,[],0,[],0,[],0
2,4,"[7, 8, 24, 27, 29, 32, 35, 42, 59]",9,"[4, 6, 7, 14, 24, 29, 34, 36, 42]",9,"[7, 24, 27, 32, 42]",5,"[4, 6, 7, 14, 24, 29, 34, 36, 42]",9,"[7, 24, 27, 32, 42]",5,"[4, 6, 7, 14, 24, 34, 36, 42]",8,"[7, 24, 27, 32, 42]",5,"[4, 6, 7, 14, 24, 34, 36, 42]",8,"[7, 24, 27, 32, 42]",5,"[4, 6, 7, 14, 24, 34, 36, 42]",8,"[7, 24, 27, 32, 42]",5,"[4, 6, 14, 24, 34, 42]",6,"[7, 24, 27, 32]",4,"[4, 6, 14, 24, 34, 42]",6,"[7, 24, 27, 32]",4,"[4, 6, 14, 24, 34, 42]",6,"[7, 24, 27, 32]",4,"[4, 6, 14, 24, 34, 42]",6,"[7, 24, 27, 32, 42]",5,"[4, 6, 14, 24, 34, 42]",6,"[24, 32]",2,"[4, 6, 14, 24, 29, 34, 42]",7
2,5,"[2, 28, 42, 45, 54]",5,"[2, 28, 41, 42, 45, 54]",6,"[28, 45, 54]",3,"[28, 54]",2,[54],1,[54],1,"[45, 54]",2,[54],1,"[45, 54]",2,[54],1,[54],1,[],0,"[45, 54]",2,[],0,"[45, 54]",2,[],0,"[45, 54]",2,[],0,[],0,[],0,[],0,[],0
2,6,"[16, 33, 34, 37, 40, 54, 56]",7,"[16, 33, 34, 37, 40, 54, 56, 58]",8,"[16, 33, 37, 56]",4,"[16, 33, 37, 56, 58]",5,"[16, 33, 37, 56]",4,"[16, 33, 37, 56, 58]",5,"[16, 33, 37, 56]",4,"[16, 33, 37, 56, 58]",5,"[16, 33, 37, 56]",4,"[16, 33, 37, 56, 58]",5,"[16, 33, 37, 56]",4,"[16, 33, 37, 56, 58]",5,"[16, 33, 37, 56]",4,"[16, 33, 37, 56, 58]",5,"[16, 33, 37, 56]",4,"[16, 33, 37, 56, 58]",5,"[16, 33, 37, 56]",4,"[16, 33, 37, 56, 58]",5,"[16, 33, 37, 56]",4,"[16, 33, 37, 56, 58]",5,"[16, 33, 37, 56]",4,"[16, 33, 37, 56, 58]",5
2,7,"[1, 15, 32, 48, 56, 58]",6,"[15, 19, 25, 32, 48, 58, 63]",7,"[1, 32, 48, 56, 58]",5,"[32, 58]",2,"[1, 56, 58]",3,[58],1,"[1, 56, 58]",3,[58],1,"[1, 56, 58]",3,[58],1,"[1, 56, 58]",3,"[15, 58]",2,"[1, 56, 58]",3,"[15, 58]",2,"[1, 56, 58]",3,"[15, 58]",2,"[1, 56, 58]",3,"[15, 58]",2,"[1, 56, 58]",3,"[15, 58]",2,"[1, 56, 58]",3,"[15, 58]",2
2,8,"[4, 16, 23, 29, 41, 43, 44, 46, 49]",9,"[4, 16, 23, 29, 41, 43, 44, 46, 49]",9,"[4, 23, 49]",3,"[4, 23, 49]",3,"[4, 23, 49]",3,"[4, 23, 49]",3,"[4, 23, 49]",3,"[4, 23, 49]",3,"[4, 23, 49]",3,"[4, 23, 49]",3,"[4, 23, 49]",3,"[4, 23, 49]",3,"[4, 23, 49]",3,"[4, 23, 49]",3,"[4, 23, 49]",3,"[4, 23, 49]",3,"[4, 23, 49]",3,"[4, 23, 49]",3,"[4, 23, 49]",3,"[4, 23, 49]",3,"[4, 23, 49]",3,"[4, 23, 49]",3
2,9,"[20, 26, 27, 42, 56, 58]",6,"[3, 10, 20, 32, 56, 58]",6,"[20, 56, 58]",3,"[20, 32, 56, 58]",4,"[20, 56, 58]",3,"[20, 56]",2,"[20, 27, 42, 56, 58]",5,"[20, 32, 56]",3,"[20, 27, 42, 56, 58]",5,"[20, 32, 56]",3,"[20, 27, 42, 56, 58]",5,"[20, 56]",2,"[20, 27, 42, 56, 58]",5,"[20, 56]",2,"[20, 27, 42, 56, 58]",5,"[20, 56]",2,"[20, 27, 42, 56, 58]",5,"[20, 56]",2,"[20, 27, 42, 56, 58]",5,"[20, 56]",2,"[20, 27, 56]",3,"[20, 56]",2
2,10,"[2, 4, 15, 20, 28, 36, 51]",7,"[2, 4, 15, 28, 36, 51]",6,"[15, 20]",2,[15],1,"[15, 20]",2,[15],1,"[15, 20]",2,[15],1,"[15, 20]",2,[15],1,"[15, 20, 28]",3,[15],1,"[15, 20, 28]",3,[15],1,"[15, 20]",2,[15],1,"[15, 20]",2,[15],1,"[15, 20, 28]",3,[15],1,"[15, 20]",2,[15],1
2,11,"[8, 10, 30, 40, 53]",5,"[8, 30, 35, 40, 53, 58]",6,[8],1,[8],1,[8],1,[8],1,[8],1,[8],1,[8],1,[8],1,[8],1,[8],1,[8],1,[8],1,[8],1,[8],1,[8],1,[8],1,[8],1,[8],1,[8],1,[8],1
3,0,"[1, 12, 24, 37, 41, 42, 49, 52, 58]",9,"[2, 15, 18, 20, 41, 45, 47, 49]",8,"[24, 42, 49]",3,"[15, 49]",2,"[24, 42, 49]",3,"[15, 49]",2,"[24, 42, 49]",3,"[15, 49]",2,"[24, 42, 49]",3,[49],1,"[24, 42, 49]",3,"[15, 49]",2,"[24, 42, 49]",3,"[15, 49]",2,"[24, 42, 49]",3,"[15, 49]",2,"[24, 42, 49]",3,"[15, 49]",2,"[24, 42, 49]",3,"[15, 49]",2,"[24, 42, 49]",3,"[15, 49]",2
3,1,"[14, 18, 28, 45, 48, 51, 63]",7,"[14, 18, 42, 45, 51, 63]",6,"[45, 48, 51, 63]",4,"[45, 51, 63]",3,"[48, 51, 63]",3,"[51, 63]",2,"[45, 48, 51]",3,"[45, 51]",2,"[45, 48, 51]",3,"[45, 51]",2,"[48, 51]",2,[51],1,"[48, 51]",2,[51],1,"[48, 51]",2,[51],1,"[48, 51]",2,[51],1,"[48, 51]",2,[51],1,"[48, 51]",2,"[42, 51]",2
3,2,"[1, 3, 4, 16, 29, 38, 53]",7,"[1, 3, 4, 16, 29, 38, 53]",7,[1],1,[],0,"[1, 29]",2,"[1, 53]",2,"[29, 53]",2,"[29, 53]",2,"[29, 53]",2,"[29, 53]",2,[29],1,[1],1,"[1, 29]",2,[1],1,"[1, 29]",2,"[1, 53]",2,"[1, 29]",2,"[1, 53]",2,[29],1,[1],1,[1],1,[1],1
3,3,"[57, 62]",2,"[23, 30, 31, 35, 36, 37, 42, 60, 62]",9,[],0,[35],1,[57],1,[35],1,[57],1,[35],1,[57],1,[35],1,[57],1,"[31, 35]",2,[57],1,"[31, 35]",2,[57],1,"[31, 35]",2,[57],1,"[31, 35]",2,[57],1,"[31, 35]",2,[57],1,"[31, 35]",2
3,4,"[15, 19, 23, 45, 58]",5,"[14, 15, 24, 32, 45, 51]",6,"[15, 19, 23, 45]",4,"[14, 15, 45]",3,"[19, 23]",2,[],0,"[19, 23]",2,[],0,"[19, 23]",2,[32],1,[23],1,[],0,[23],1,[],0,[23],1,[],0,[23],1,[],0,[23],1,[],0,[23],1,[],0
3,5,"[0, 1, 13, 17, 44, 51]",6,"[0, 1, 8, 20, 29, 44, 63]",7,[],0,[29],1,[],0,[29],1,[],0,[29],1,[],0,[29],1,[13],1,"[8, 29]",2,[13],1,"[8, 29]",2,[],0,"[8, 29]",2,[],0,"[8, 29]",2,[13],1,"[8, 29]",2,[13],1,"[8, 29]",2
3,6,"[3, 11, 22, 28, 42, 44, 45]",7,"[3, 9, 11, 23, 32, 34, 39, 63]",8,"[22, 44, 45]",3,"[23, 34]",2,"[11, 22, 44, 45]",4,"[23, 34]",2,"[22, 44]",2,"[23, 34]",2,"[22, 44]",2,"[23, 34]",2,"[11, 22, 44, 45]",4,"[23, 34]",2,"[11, 22, 44, 45]",4,"[23, 34]",2,"[22, 44]",2,[34],1,"[22, 44]",2,[34],1,"[11, 22, 44, 45]",4,"[23, 34]",2,"[11, 22, 44, 45]",4,[],0
3,7,"[0, 5, 10, 33, 48]",5,"[0, 10, 33, 47, 48]",5,[],0,[],0,[],0,[],0,[],0,[],0,[],0,[48],1,[10],1,[10],1,[10],1,[10],1,[],0,"[10, 48]",2,[],0,"[10, 48]",2,[10],1,[10],1,[10],1,[10],1
3,8,"[2, 17, 33, 48]",4,"[2, 7, 24, 33, 48]",5,[],0,[],0,[33],1,[33],1,[33],1,[33],1,[33],1,[33],1,[],0,[33],1,[33],1,[],0,[],0,[],0,[],0,[],0,[33],1,[33],1,[33],1,[33],1
3,9,"[5, 26, 51, 58]",4,"[5, 14, 22, 26, 27, 35, 41, 46, 58]",9,[26],1,"[5, 27]",2,[],0,"[5, 14, 27]",3,[],0,"[5, 14, 27]",3,[],0,"[5, 14, 27]",3,[],0,"[5, 14, 27]",3,[],0,"[5, 14, 27]",3,[],0,"[5, 14, 27]",3,[],0,"[5, 14, 27]",3,[],0,"[5, 14, 27]",3,[],0,"[14, 27]",2
3,10,"[3, 6, 38, 43, 47, 57]",6,"[3, 4, 8, 13, 31, 40, 43, 58]",8,[38],1,"[4, 8, 13, 40]",4,"[38, 47]",2,"[4, 40]",2,"[38, 47]",2,"[4, 40]",2,"[38, 47]",2,"[4, 40]",2,"[38, 47]",2,[4],1,"[38, 47]",2,[4],1,"[38, 47]",2,[4],1,"[38, 47]",2,[4],1,"[38, 47]",2,[4],1,[38],1,[4],1
3,11,"[3, 18, 45, 56, 62]",5,"[2, 3, 10, 31, 41, 53]",6,"[3, 18, 45]",3,"[2, 3, 31]",3,"[3, 45]",2,"[2, 3, 31]",3,"[3, 18, 45]",3,"[3, 31]",2,"[3, 18, 45]",3,"[3, 31]",2,"[3, 45]",2,[3],1,"[3, 18, 45]",3,[3],1,"[3, 18, 45]",3,"[3, 31]",2,"[3, 18, 45]",3,"[3, 31]",2,"[3, 45]",2,[3],1,"[3, 45]",2,"[3, 10]",2
4,0,"[0, 18, 23, 24, 31, 44, 59]",7,"[1, 2, 8, 23, 24, 26, 41, 44, 63]",9,"[0, 18, 24, 59]",4,"[1, 2, 23, 24, 26, 41, 63]",7,"[18, 24, 31]",3,"[2, 23, 24, 41, 63]",5,"[18, 24, 31]",3,"[2, 24, 41, 63]",4,"[18, 24, 31]",3,"[2, 24, 41, 63]",4,"[18, 24, 31]",3,"[2, 24, 41, 63]",4,"[18, 31]",2,"[2, 24, 41, 63]",4,"[18, 31]",2,"[2, 24, 41, 63]",4,"[18, 31]",2,"[2, 24, 41, 63]",4,"[18, 24, 31]",3,"[2, 24, 41, 63]",4,"[18, 31]",2,"[2, 8, 24, 41, 63]",5
4,1,"[11, 17, 21, 25, 40, 59]",6,"[6, 33, 47, 53]",4,"[17, 21, 40, 59]",4,"[6, 33]",2,"[17, 21, 40, 59]",4,"[6, 33]",2,"[17, 21, 40, 59]",4,"[6, 33, 53]",3,"[17, 21, 40]",3,"[6, 33, 53]",3,"[17, 21, 40]",3,"[6, 33]",2,"[17, 21, 40]",3,"[6, 33, 53]",3,"[17, 21, 40]",3,"[6, 33, 53]",3,"[17, 21, 40]",3,"[6, 33, 53]",3,"[17, 21, 40]",3,"[6, 33]",2,"[17, 21, 40]",3,"[6, 33]",2
4,2,"[3, 9, 12, 17, 21, 26, 55, 62]",8,"[0, 3, 9, 17, 21, 26, 39, 41, 54, 55, 62]",11,"[9, 17, 21]",3,"[0, 3, 17, 21, 39, 41]",6,"[9, 17, 21]",3,"[0, 17, 21, 39, 41]",5,"[9, 17, 21]",3,"[0, 17, 21, 39, 41]",5,"[9, 17, 21]",3,"[0, 17, 21, 39, 41]",5,"[9, 21]",2,"[0, 21, 41]",3,"[9, 17, 21]",3,"[0, 21, 41]",3,"[9, 17, 21]",3,"[0, 21, 41]",3,"[9, 17, 21]",3,"[0, 17, 21, 41]",4,"[9, 21]",2,"[0, 41]",2,"[9, 17, 21]",3,"[0, 41, 62]",3
4,3,"[4, 26, 34, 35, 41, 42, 50]",7,"[4, 17, 26, 30, 34, 35, 41, 48, 54]",9,"[4, 26, 34, 42]",4,"[4, 17, 26, 30, 34, 41, 48]",7,"[4, 26]",2,"[4, 26, 30, 34, 41, 48]",6,"[26, 34]",2,"[4, 17, 26, 30, 34, 41, 48]",7,"[26, 34]",2,"[4, 17, 26, 30, 34, 41, 48]",7,"[4, 26]",2,"[4, 26, 30, 34, 41, 48]",6,[34],1,"[17, 30, 34, 41, 48]",5,[34],1,"[17, 30, 34, 41, 48]",5,[34],1,"[17, 30, 34, 41, 48]",5,[],0,"[30, 34, 41, 48]",4,"[34, 50]",2,"[17, 30, 34, 48]",4
4,4,"[3, 19, 31, 37, 56]",5,"[3, 31, 37, 43, 51, 53, 56]",7,"[31, 56]",2,"[31, 43, 51]",3,[31],1,"[31, 43, 53]",3,[31],1,"[31, 53]",2,[31],1,"[31, 37, 53]",3,[31],1,[31],1,[31],1,"[31, 53]",2,[31],1,"[31, 53]",2,[31],1,"[31, 53]",2,[31],1,[31],1,[31],1,"[31, 53]",2
4,5,"[20, 31, 36]",3,"[7, 11, 20, 32, 36, 44, 53]",7,[31],1,"[7, 32, 53]",3,[31],1,"[7, 32, 53]",3,[31],1,"[7, 53]",2,[31],1,[53],1,"[31, 36]",2,"[32, 36, 44, 53]",4,[31],1,"[32, 36, 44, 53]",4,[31],1,"[32, 44, 53]",3,[31],1,"[32, 44, 53]",3,"[31, 36]",2,"[32, 36, 44, 53]",4,[],0,"[32, 36, 44, 53]",4
4,6,"[9, 11, 41, 43, 59]",5,"[11, 43, 59]",3,[59],1,"[43, 59]",2,"[11, 59]",2,"[43, 59]",2,[59],1,"[43, 59]",2,[59],1,"[43, 59]",2,"[11, 59]",2,"[11, 43, 59]",3,[59],1,"[43, 59]",2,[59],1,"[43, 59]",2,[59],1,"[43, 59]",2,"[11, 59]",2,"[11, 43, 59]",3,[],0,"[43, 59]",2
4,7,"[5, 17, 36, 43, 58, 62]",6,"[13, 27, 43, 55, 62]",5,"[5, 36, 58, 62]",4,"[27, 62]",2,"[5, 36]",2,"[27, 62]",2,"[5, 36, 62]",3,"[27, 62]",2,"[5, 36, 62]",3,"[27, 62]",2,"[5, 36]",2,[27],1,[36],1,"[27, 62]",2,"[5, 36]",2,"[27, 62]",2,"[5, 36]",2,"[27, 62]",2,"[5, 36]",2,[27],1,[36],1,[27],1
4,8,"[0, 6, 19, 20, 41, 47, 58]",7,"[0, 2, 19, 27, 41, 43, 53]",7,"[19, 41, 58]",3,"[0, 19, 41, 43]",4,"[19, 58]",2,"[0, 43]",2,"[19, 20, 58]",3,"[0, 43]",2,"[19, 20, 58]",3,"[0, 43]",2,"[19, 41, 47, 58]",4,[43],1,"[19, 20, 47, 58]",4,"[0, 43]",2,"[19, 20, 58]",3,"[0, 43]",2,"[19, 20, 58]",3,"[0, 43]",2,"[19, 20, 41, 47, 58]",5,[43],1,"[19, 20, 41, 58]",4,[43],1
4,9,"[2, 11, 19, 20, 32, 38, 55]",7,"[2, 4, 13, 15, 38, 39, 43, 48]",8,"[2, 11, 20, 38, 55]",5,"[2, 4, 13, 15, 38, 39, 43]",7,"[20, 38, 55]",3,"[4, 15, 43]",3,"[11, 19, 38]",3,"[2, 4, 15, 43]",4,"[11, 19, 38]",3,"[2, 4, 15, 38, 39, 43]",6,"[20, 38]",2,"[4, 15, 43]",3,"[19, 20, 38]",3,"[4, 15, 43]",3,"[19, 20, 38]",3,"[4, 15, 43]",3,"[19, 20, 38]",3,"[4, 15, 43]",3,"[20, 38]",2,"[4, 15, 43]",3,"[19, 20, 38, 55]",4,"[4, 15, 43]",3
4,10,"[4, 49, 54]",3,"[8, 11, 16, 18, 23, 27, 29, 36, 51, 54]",10,[49],1,"[8, 11, 18, 29, 36, 51, 54]",7,[49],1,"[18, 29, 36, 51]",4,[49],1,"[18, 29, 36, 51]",4,[49],1,"[18, 29, 36, 51]",4,[49],1,"[18, 29, 36, 54]",4,[49],1,"[18, 29, 36, 54]",4,[49],1,"[18, 29, 36]",3,[49],1,"[18, 29, 36]",3,[49],1,"[18, 29, 36, 54]",4,[49],1,"[18, 29, 36, 54]",4
4,11,"[5, 6, 10, 31, 32, 42, 54]",7,"[5, 6, 10, 32, 42, 54]",6,"[6, 10, 32, 42]",4,"[6, 10, 32]",3,"[6, 10, 32]",3,"[6, 10, 32]",3,"[6, 10, 32]",3,"[6, 10, 32]",3,"[6, 10, 32]",3,"[6, 10, 32]",3,"[6, 10, 32]",3,"[6, 10, 32]",3,"[6, 10, 32]",3,"[6, 10, 32]",3,"[6, 10, 32]",3,"[6, 10, 32]",3,"[6, 10, 32]",3,"[6, 10, 32]",3,"[6, 10, 32]",3,"[6, 10, 32]",3,"[6, 10, 31, 32]",4,"[6, 10, 32]",3
5,0,"[2, 15, 16, 20, 22, 23, 35, 45]",8,"[2, 16, 20, 22, 23, 35, 45]",7,"[2, 16, 20, 22, 23, 35]",6,"[2, 16, 20, 22, 23, 35]",6,"[2, 16, 22, 23]",4,"[2, 16, 22, 23]",4,"[2, 16, 20, 22, 23]",5,"[2, 16, 20, 22, 23]",5,"[2, 16, 20, 22, 23]",5,"[2, 16, 20, 22, 23]",5,"[2, 16, 22, 23]",4,"[2, 16, 22, 23]",4,"[2, 16, 22, 23]",4,"[2, 16, 22, 23]",4,"[2, 16, 20, 22, 23]",5,"[2, 16, 20, 22, 23]",5,"[2, 16, 20, 22, 23]",5,"[2, 16, 20, 22, 23]",5,"[2, 16, 22, 23]",4,"[2, 16, 22, 23]",4,"[2, 16, 22, 23]",4,"[2, 16, 22, 23]",4
5,1,"[0, 4, 13, 14, 21, 30, 43, 56]",8,"[0, 13, 14, 21, 30, 31]",6,"[4, 13, 56]",3,"[13, 30, 31]",3,"[13, 21, 30]",3,"[13, 21, 30, 31]",4,"[4, 21, 30, 56]",4,"[13, 30, 31]",3,"[4, 21, 30, 56]",4,"[30, 31]",2,"[13, 21, 30]",3,"[13, 21, 30]",3,"[21, 30]",2,"[13, 21, 30, 31]",4,"[21, 30]",2,"[21, 30, 31]",3,"[21, 30]",2,"[21, 30, 31]",3,"[13, 21, 30]",3,"[13, 21, 30]",3,"[21, 30]",2,"[21, 30]",2
5,2,"[10, 12, 21, 23, 47, 62]",6,"[1, 10, 12, 19, 21, 25, 27, 49, 62]",9,"[12, 21, 47, 62]",4,"[1, 12, 19, 21, 27]",5,"[12, 21, 47, 62]",4,"[1, 12, 19, 21, 27, 62]",6,"[12, 21, 23, 47, 62]",5,"[1, 12, 19, 21, 25, 27, 62]",7,"[12, 21, 23, 47, 62]",5,"[1, 12, 19, 21, 25, 27, 62]",7,"[21, 47, 62]",3,"[12, 19, 21, 25, 27, 62]",6,"[21, 47, 62]",3,"[12, 19, 21, 25, 27, 62]",6,"[21, 47, 62]",3,"[12, 19, 21, 25, 27, 62]",6,"[21, 47, 62]",3,"[12, 19, 21, 25, 27, 62]",6,"[21, 47, 62]",3,"[12, 19, 21, 25, 27, 62]",6,"[21, 47, 62]",3,"[19, 21, 25, 27, 62]",5
5,3,"[1, 6, 22, 60, 62]",5,"[5, 13, 22, 23, 28, 33, 60]",7,"[1, 6]",2,"[5, 13, 28]",3,[1],1,"[5, 13, 28, 33]",4,[],0,"[5, 13, 28, 33]",4,[],0,"[5, 13, 28, 33]",4,[1],1,"[5, 28, 33]",3,[],0,"[5, 28, 33]",3,[],0,"[5, 28, 33]",3,[],0,"[5, 28, 33]",3,[1],1,"[5, 28, 33]",3,[],0,"[5, 28, 33]",3
5,4,"[4, 16, 17, 28, 29, 36, 59, 62]",8,"[2, 26, 27, 28, 29, 36, 40, 62]",8,"[16, 17, 28, 29, 36, 62]",6,"[2, 26, 27, 28, 29, 40]",6,"[16, 17, 28, 29, 59, 62]",6,"[2, 26, 27, 28, 40]",5,"[16, 17, 28, 29, 59, 62]",6,"[2, 26, 27, 28, 40]",5,"[16, 17, 28, 29, 36, 59, 62]",7,"[2, 26, 27, 28, 40]",5,"[16, 17, 28, 29, 59, 62]",6,"[2, 26, 27, 28, 40]",5,"[16, 17, 28, 29, 59, 62]",6,"[2, 26, 27, 28, 40]",5,"[16, 17, 28, 36, 59, 62]",6,"[2, 26, 27, 28, 40]",5,"[16, 17, 28, 36, 59, 62]",6,"[2, 26, 27, 28, 40]",5,"[16, 17, 28, 29, 59, 62]",6,"[2, 26, 27, 28, 40]",5,"[16, 17, 28, 59, 62]",5,"[2, 26, 27, 28, 40]",5
5,5,"[10, 20, 30, 41, 57]",5,"[26, 30, 43, 57, 62]",5,"[10, 20, 41]",3,"[26, 30, 43, 57]",4,[41],1,"[26, 30, 43]",3,"[10, 30, 41]",3,"[26, 30, 43]",3,"[10, 30, 41]",3,"[26, 30, 43]",3,[41],1,"[26, 30, 43]",3,[41],1,"[26, 30, 43]",3,[41],1,"[26, 30, 43]",3,[41],1,"[26, 30, 43]",3,[41],1,"[26, 30, 43]",3,[41],1,"[26, 30, 43]",3
5,6,"[0, 3, 4, 12, 25, 32, 54, 58]",8,"[0, 3, 4, 12, 18, 21, 25, 38]",8,"[0, 3, 12, 25, 32, 54, 58]",7,"[0, 3, 12, 18, 25]",5,"[0, 3, 12, 32, 54, 58]",6,"[0, 3, 12, 18, 38]",5,"[0, 3, 12, 32, 54, 58]",6,"[0, 3, 12, 18]",4,"[0, 3, 12, 32, 54, 58]",6,"[0, 3, 12, 18]",4,"[0, 3, 12, 54]",4,"[0, 3, 12, 18, 38]",5,"[0, 3, 54, 58]",4,"[0, 3, 12, 18, 38]",5,"[0, 3, 54, 58]",4,"[0, 3, 12, 18, 38]",5,"[0, 3, 54, 58]",4,"[0, 3, 12, 18, 38]",5,"[3, 54]",2,"[0, 3, 12, 18, 38]",5,"[3, 54, 58]",3,"[0, 3, 12, 18, 38]",5
5,7,"[0, 18, 19, 27, 37, 40, 58, 62]",8,"[0, 10, 13, 18, 25, 42, 58, 62]",8,"[0, 27, 40, 62]",4,"[0, 10, 13, 42, 58, 62]",6,"[0, 40]",2,"[0, 10, 42, 58, 62]",5,"[0, 40, 62]",3,"[0, 10, 42, 58, 62]",5,"[0, 19, 40, 62]",4,"[0, 10, 42, 58, 62]",5,"[0, 40]",2,"[0, 10, 42, 58]",4,"[0, 40]",2,"[0, 10, 42, 58]",4,"[19, 40]",2,"[0, 10, 42, 58]",4,"[19, 40]",2,"[0, 10, 42, 58]",4,[0],1,"[0, 10, 42, 58]",4,"[0, 19]",2,"[0, 10, 42, 58]",4
5,8,"[5, 11, 18, 21, 26, 35, 53, 62, 63]",9,"[4, 18, 26, 36, 53, 58, 62]",7,"[5, 11, 18, 26, 35, 63]",6,"[18, 26, 62]",3,"[26, 63]",2,"[18, 26, 62]",3,"[18, 26, 63]",3,"[18, 26, 62]",3,"[18, 26, 63]",3,"[18, 26, 62]",3,"[26, 63]",2,"[18, 26, 62]",3,"[26, 63]",2,"[18, 26]",2,"[26, 63]",2,"[18, 26]",2,"[26, 63]",2,"[18, 26]",2,"[26, 63]",2,"[18, 26, 62]",3,"[26, 63]",2,"[18, 26]",2
5,9,"[20, 22, 37, 39, 47, 57]",6,"[14, 30, 31, 36, 37, 39, 47, 57]",8,"[20, 37, 57]",3,"[14, 30, 36, 37, 47, 57]",6,"[20, 57]",2,"[14, 30, 36, 37, 47, 57]",6,"[20, 37, 57]",3,"[14, 30, 36, 37, 47, 57]",6,"[20, 37, 57]",3,"[14, 30, 36, 37, 47, 57]",6,"[20, 57]",2,"[14, 30, 36, 37, 47, 57]",6,"[20, 57]",2,"[14, 30, 36, 37, 47, 57]",6,"[20, 57]",2,"[14, 30, 36, 37, 47, 57]",6,"[20, 57]",2,"[14, 30, 36, 37, 47, 57]",6,"[20, 57]",2,"[14, 30, 36, 47, 57]",5,[57],1,"[14, 30, 36, 57]",4
5,10,"[6, 14, 16, 24, 48, 49, 52]",7,"[6, 14, 21, 28, 29, 52]",6,"[6, 16, 24, 48, 49, 52]",6,"[6, 21, 28, 29, 52]",5,"[6, 16, 24, 48, 52]",5,"[6, 14, 21, 29, 52]",5,"[6, 24, 48, 52]",4,"[6, 21, 29, 52]",4,"[6, 24, 48, 52]",4,"[6, 21, 29, 52]",4,"[6, 14, 16, 24, 52]",5,"[6, 14, 21, 29, 52]",5,"[6, 14, 24, 52]",4,"[6, 14, 21, 28, 29, 52]",6,"[6, 14, 24, 52]",4,"[6, 14, 21, 28, 29, 52]",6,"[6, 14, 24, 52]",4,"[6, 14, 21, 28, 29, 52]",6,"[6, 14, 16, 24, 52]",5,"[6, 14, 21, 29, 52]",5,"[6, 14, 24, 52]",4,"[6, 14, 21, 29, 52]",5
5,11,"[3, 5, 16, 22, 27, 41, 48, 50]",8,"[16, 22, 27, 29, 35, 36, 41, 45, 48]",9,"[3, 22, 48, 50]",4,"[16, 22, 35, 45, 48]",5,"[3, 48]",2,"[35, 45, 48]",3,"[3, 22, 48]",3,"[35, 45, 48]",3,"[3, 22, 48]",3,"[22, 27, 45, 48]",4,"[3, 48]",2,"[35, 48]",2,"[3, 41, 48]",3,"[45, 48]",2,"[3, 22, 48]",3,"[45, 48]",2,"[3, 22, 48]",3,"[45, 48]",2,[48],1,"[29, 35, 48]",3,"[3, 41, 48]",3,"[29, 35, 41, 48]",4
6,0,"[33, 38, 48, 49]",4,"[6, 19, 32, 42, 44, 48, 60]",7,[48],1,"[19, 32, 42, 60]",4,[],0,"[19, 32, 60]",3,"[48, 49]",2,"[32, 60]",2,"[48, 49]",2,"[32, 60]",2,[],0,"[32, 60]",2,[],0,"[19, 32, 60]",3,[],0,"[19, 32, 60]",3,[],0,"[19, 32, 60]",3,[],0,"[32, 60]",2,[],0,"[19, 32, 60]",3
6,1,"[12, 14, 18, 22, 29, 30]",6,"[12, 17, 34, 39, 41]",5,"[14, 18, 22, 30]",4,"[12, 17]",2,"[14, 18, 22, 30]",4,[12],1,"[14, 18, 22, 30]",4,"[12, 41]",2,"[14, 18, 22, 30]",4,"[12, 41]",2,"[14, 18, 22, 30]",4,[12],1,"[14, 18, 22, 30]",4,[12],1,"[14, 18, 22, 30]",4,[12],1,"[14, 18, 22, 30]",4,[12],1,"[14, 18, 22, 30]",4,[12],1,"[14, 18, 22, 30]",4,[12],1
6,2,"[0, 10, 26, 30, 53, 55]",6,"[0, 25, 26, 30, 37, 55, 59]",7,"[0, 10, 26, 30, 55]",5,"[0, 25, 26, 55]",4,"[10, 26, 30, 55]",4,"[25, 26, 55]",3,"[0, 10, 26, 30, 55]",5,"[0, 26, 30, 55]",4,"[0, 10, 26, 30, 53, 55]",6,"[0, 26, 30, 55]",4,"[10, 55]",2,"[25, 26, 55]",3,"[10, 30, 55]",3,"[25, 26, 30, 55]",4,"[0, 10, 30, 55]",4,"[25, 26, 30, 55]",4,"[0, 10, 30, 55]",4,"[25, 26, 30, 55]",4,"[10, 55]",2,"[25, 55]",2,"[10, 30, 55]",3,"[25, 30, 55]",3
6,3,"[10, 20, 23, 62]",4,"[5, 10, 20, 23, 62]",5,"[23, 62]",2,"[5, 10, 20, 23, 62]",5,"[23, 62]",2,"[5, 20, 23, 62]",4,"[23, 62]",2,"[5, 20, 23]",3,"[23, 62]",2,"[5, 20, 23]",3,"[23, 62]",2,"[5, 23]",2,[23],1,"[5, 23]",2,"[23, 62]",2,"[5, 20, 23]",3,"[23, 62]",2,"[5, 20, 23]",3,"[23, 62]",2,"[5, 23]",2,[],0,"[5, 20, 23]",3
6,4,"[0, 14, 16, 29, 39, 51, 54]",7,"[0, 5, 18, 23, 29, 39, 42, 52]",8,"[14, 16, 29, 39, 54]",5,"[5, 18, 23, 29, 39, 52]",6,"[14, 29, 39, 54]",4,"[5, 18, 23, 29, 39, 52]",6,"[0, 14, 29, 39, 54]",5,"[5, 18, 23, 29, 39, 52]",6,"[0, 14, 29, 39, 54]",5,"[5, 18, 23, 29, 39, 52]",6,"[14, 29, 39, 54]",4,"[5, 18, 23, 29, 39]",5,"[14, 29, 39, 54]",4,"[5, 18, 23, 29, 39]",5,"[14, 29, 39, 51, 54]",5,"[5, 18, 23, 29, 39]",5,"[14, 29, 39, 51, 54]",5,"[5, 18, 23, 29, 39]",5,"[14, 29, 39, 54]",4,"[5, 18, 23, 29]",4,"[14, 29, 39, 54]",4,"[5, 18, 23, 29]",4
6,5,"[16, 17, 40, 46, 50, 55]",6,"[28, 40, 50, 55, 60]",5,"[40, 46, 50, 55]",4,"[28, 40, 50, 55]",4,"[40, 50, 55]",3,"[28, 40, 50, 55]",4,"[40, 46, 50, 55]",4,"[28, 40, 50]",3,"[40, 46, 50, 55]",4,"[28, 40, 50, 60]",4,"[40, 55]",2,"[28, 55]",2,"[40, 46, 50, 55]",4,"[28, 40]",2,"[40, 46, 50, 55]",4,"[28, 40, 50, 60]",4,"[40, 46, 50, 55]",4,"[28, 40, 50, 60]",4,"[40, 55]",2,"[28, 55]",2,"[17, 40, 46, 50, 55]",5,"[28, 40, 55]",3
6,6,"[0, 18, 31, 38, 52, 53]",6,"[2, 11, 19, 24, 36, 53, 54, 60, 63]",9,"[18, 31, 38, 52, 53]",5,"[2, 11, 24, 36, 53, 54, 60, 63]",8,"[18, 31, 38, 52]",4,"[2, 11, 24, 36, 53, 54, 60, 63]",8,"[18, 38, 52, 53]",4,"[2, 11, 24, 36, 53, 54, 60, 63]",8,"[18, 38, 52, 53]",4,"[2, 11, 24, 36, 53, 54, 60, 63]",8,[52],1,"[2, 11, 24, 36, 54, 60, 63]",7,[52],1,"[2, 11, 24, 36, 54, 60, 63]",7,"[52, 53]",2,"[2, 11, 24, 36, 54, 60, 63]",7,"[52, 53]",2,"[2, 11, 24, 36, 54, 60, 63]",7,[52],1,"[2, 11, 24, 36, 54, 60, 63]",7,[52],1,"[2, 11, 24, 36, 54, 60, 63]",7
6,7,"[19, 20, 23, 26, 30, 37, 49]",7,"[7, 19, 22, 25, 30, 49, 51, 59, 62]",9,"[19, 23, 26, 30, 49]",5,"[7, 19, 22, 25, 30, 49, 51, 59, 62]",9,"[20, 23, 26, 30]",4,"[7, 19, 22, 25, 30, 49, 51, 59, 62]",9,"[20, 23, 26, 30, 49]",5,"[7, 19, 22, 25, 30, 49, 59, 62]",8,"[20, 23, 26, 30, 49]",5,"[7, 19, 22, 25, 30, 49, 59, 62]",8,"[20, 23, 30]",3,"[7, 19, 22, 25, 30, 49, 51, 59, 62]",9,"[19, 20, 23, 30, 49]",5,"[7, 19, 25, 30, 49, 59, 62]",7,"[19, 20, 23, 30, 49]",5,"[7, 19, 25, 30, 49, 59, 62]",7,"[19, 20, 23, 30, 49]",5,"[7, 19, 25, 30, 49, 59, 62]",7,"[19, 20, 23, 30]",4,"[7, 19, 22, 25, 30, 49, 59, 62]",8,"[19, 20, 23, 30, 49]",5,"[7, 19, 25, 30, 49, 59, 62]",7
6,8,"[4, 12, 18, 25, 28, 45, 49]",7,"[12, 18, 28, 49]",4,"[12, 18, 25, 45]",4,"[12, 18, 28, 49]",4,"[4, 12, 18, 25]",4,"[12, 18]",2,"[4, 12, 18, 25]",4,"[12, 18]",2,"[4, 18, 25, 45]",4,"[12, 18]",2,"[4, 18, 25]",3,"[12, 18]",2,"[4, 18, 25]",3,"[12, 18]",2,"[4, 18, 25]",3,"[12, 18]",2,"[4, 18, 25]",3,"[12, 18]",2,"[4, 18, 25]",3,"[12, 18]",2,"[4, 25]",2,[18],1
6,9,"[1, 14, 22, 24, 45, 54, 63]",7,"[0, 5, 7, 8, 22, 31, 33, 55, 56]",9,"[1, 22, 24, 45]",4,"[0, 5, 7, 8, 22, 31, 33, 55, 56]",9,"[24, 45, 63]",3,"[0, 5, 8, 22, 31, 33, 55, 56]",8,"[24, 45, 54, 63]",4,"[0, 5, 8, 22, 33, 55, 56]",7,"[24, 45, 54, 63]",4,"[0, 5, 7, 8, 22, 33, 55]",7,"[1, 45, 63]",3,"[0, 5, 8, 31, 33, 55]",6,"[45, 63]",2,"[0, 5, 8, 31, 33, 55]",6,"[45, 63]",2,"[0, 5, 8, 31, 33, 55]",6,"[45, 63]",2,"[0, 5, 8, 31, 33, 55]",6,"[1, 45, 63]",3,"[0, 5, 8, 31, 33, 55]",6,"[1, 45, 63]",3,"[0, 5, 8, 31, 33, 55]",6
6,10,"[3, 28, 43, 46, 57]",5,"[5, 6, 20, 38, 42, 53, 57, 60]",8,"[3, 43]",2,"[5, 6, 20, 38, 42, 53, 57, 60]",8,"[3, 43, 57]",3,"[5, 6, 20, 38, 42, 53, 57, 60]",8,"[3, 43, 57]",3,"[5, 6, 20, 38, 42, 53, 57, 60]",8,"[3, 43, 57]",3,"[5, 6, 20, 38, 42, 53, 57, 60]",8,"[3, 43, 57]",3,"[5, 6, 20, 38, 42, 53, 57, 60]",8,"[3, 43, 57]",3,"[5, 6, 20, 38, 42, 53, 57, 60]",8,"[3, 43, 57]",3,"[5, 6, 20, 38, 42, 53, 57, 60]",8,"[3, 43, 57]",3,"[5, 6, 20, 38, 42, 53, 57, 60]",8,"[3, 43, 57]",3,"[5, 6, 20, 38, 42, 53, 57]",7,"[3, 43, 57]",3,"[5, 6, 20, 38, 42, 53, 57]",7
6,11,"[11, 25, 29, 49, 58, 59]",6,"[7, 15, 20, 26, 46, 58, 59]",7,"[11, 25, 49, 59]",4,"[7, 20, 26, 46, 58]",5,"[11, 25, 49, 59]",4,"[7, 26, 46, 58]",4,"[11, 49, 59]",3,"[7, 26, 46, 58]",4,"[11, 49, 59]",3,"[7, 58]",2,"[25, 49]",2,"[7, 26, 46, 58]",4,"[11, 29, 49]",3,"[7, 26, 58]",3,"[11, 29, 49]",3,"[7, 58]",2,"[11, 29, 49]",3,"[7, 58]",2,[25],1,"[7, 26, 58]",3,[],0,"[7, 26, 58]",3
7,0,"[3, 19, 33, 35, 41, 51]",6,"[19, 26, 33, 42, 59]",5,"[3, 19, 33, 35, 51]",5,"[19, 26, 33, 42, 59]",5,"[3, 19, 33]",3,"[19, 26, 33, 42, 59]",5,"[3, 19, 33, 51]",4,"[19, 26, 33, 42, 59]",5,"[3, 19, 33, 51]",4,"[19, 26, 33, 42, 59]",5,"[3, 33, 51]",3,"[26, 42, 59]",3,"[3, 19, 33, 51]",4,"[42, 59]",2,"[3, 19, 33, 51]",4,"[42, 59]",2,"[3, 19, 33, 51]",4,"[42, 59]",2,"[3, 51]",2,"[26, 42]",2,"[3, 51]",2,"[42, 59]",2
7,1,"[2, 14, 21, 31, 34, 35, 62]",7,"[2, 11, 21, 36, 41, 52]",6,"[2, 21, 31]",3,"[2, 11, 21, 41, 52]",5,"[2, 62]",2,"[2, 11, 21, 41, 52]",5,"[2, 62]",2,"[2, 11, 21, 41, 52]",5,"[2, 34, 62]",3,"[2, 11, 21, 41, 52]",5,"[31, 62]",2,"[2, 11, 21, 41, 52]",5,[62],1,"[2, 11, 21, 41, 52]",5,[62],1,"[2, 11, 21, 41, 52]",5,[62],1,"[2, 11, 21, 41, 52]",5,"[31, 62]",2,"[2, 11, 21, 41, 52]",5,[62],1,"[2, 11, 41, 52]",4
7,2,"[8, 11, 18, 33, 48]",5,"[5, 8, 11, 13, 18, 23, 33, 47, 48]",9,"[8, 11, 18, 33, 48]",5,"[5, 8, 11, 13, 18, 33, 47, 48]",8,"[8, 11, 18, 33]",4,"[5, 8, 11, 13, 18, 33, 47, 48]",8,"[8, 11, 18, 33]",4,"[5, 8, 11, 13, 18, 33, 47, 48]",8,"[8, 11, 18, 33]",4,"[5, 8, 11, 13, 18, 33, 47, 48]",8,"[8, 11, 18, 33]",4,"[5, 8, 11, 13, 18, 33, 47, 48]",8,"[8, 11, 18, 33]",4,"[5, 11, 13, 18, 33, 47, 48]",7,"[8, 11, 18, 33]",4,"[5, 11, 13, 18, 33, 47, 48]",7,"[8, 11, 18, 33]",4,"[5, 11, 13, 18, 33, 47, 48]",7,"[8, 18, 33]",3,"[5, 8, 11, 13, 18, 33, 47, 48]",8,"[8, 18, 33]",3,"[11, 13, 18, 33, 47, 48]",6
7,3,"[11, 30, 45, 47, 52]",5,"[10, 15, 18, 25, 30, 33, 40, 45, 52]",9,"[11, 30, 45]",3,"[10, 15, 30, 33, 40, 45]",6,"[11, 30, 47]",3,"[10, 15, 25, 30, 33, 45]",6,"[11, 30, 47]",3,"[10, 15, 25, 30, 33, 45]",6,"[11, 30, 47]",3,"[10, 15, 25, 30, 33, 45]",6,"[30, 47]",2,"[10, 15, 25, 30, 45]",5,"[30, 47]",2,"[10, 15, 25, 30, 33, 45]",6,"[30, 47]",2,"[10, 15, 25, 30, 33, 45]",6,"[30, 47]",2,"[10, 15, 25, 30, 33, 45]",6,"[30, 47]",2,"[10, 15, 25, 30, 45]",5,"[30, 47]",2,"[10, 15, 25, 30, 45]",5
7,4,"[1, 6, 19, 24, 44, 48, 53, 54]",8,"[5, 7, 13, 18, 20, 53, 62]",7,"[19, 48, 53]",3,"[5, 13, 20, 53, 62]",5,"[19, 48, 53]",3,"[5, 13, 20, 53, 62]",5,"[48, 53]",2,"[5, 13, 20, 53, 62]",5,"[48, 53, 54]",3,"[5, 13, 20, 62]",4,"[48, 53]",2,"[5, 13, 20, 53, 62]",5,"[48, 53]",2,"[5, 13, 20, 62]",4,"[48, 53]",2,"[5, 13, 20, 62]",4,"[48, 53]",2,"[5, 13, 20, 62]",4,"[48, 53, 54]",3,"[5, 13, 20, 53, 62]",5,[53],1,"[5, 13, 20, 62]",4
7,5,"[12, 27, 63]",3,"[4, 10, 11, 12, 14, 27, 32, 60, 62]",9,"[12, 63]",2,"[4, 11, 12, 27, 32, 60]",6,"[12, 63]",2,"[10, 11, 12, 27, 32, 60]",6,"[12, 63]",2,"[4, 10, 11, 12, 27, 32]",6,"[12, 63]",2,"[10, 11, 12, 27, 32]",5,"[12, 63]",2,"[10, 11, 12, 27]",4,"[12, 63]",2,"[10, 11, 12, 27, 60]",5,"[12, 63]",2,"[10, 11, 12, 27, 60]",5,"[12, 63]",2,"[10, 11, 12, 27, 60]",5,"[12, 63]",2,"[10, 11, 12, 27]",4,"[12, 63]",2,"[10, 11, 12, 27]",4
7,6,"[27, 36, 38, 39, 44, 57, 61]",7,"[27, 36, 38, 39, 44, 57, 61]",7,"[27, 36, 38, 44, 61]",5,"[27, 36, 38, 44]",4,"[27, 36, 38, 44]",4,"[36, 38, 44]",3,"[36, 38, 39, 44]",4,"[36, 38, 39, 44]",4,"[27, 36, 38, 39, 44]",5,"[36, 38, 39, 44]",4,"[27, 36, 38, 44]",4,"[36, 38, 44]",3,"[36, 38, 39, 44]",4,"[36, 39, 44]",3,"[27, 36, 38, 39, 44]",5,"[36, 39, 44]",3,"[27, 36, 38, 39, 44]",5,"[36, 39, 44]",3,"[27, 36, 38, 44]",4,"[36, 38, 44]",3,"[36, 44]",2,"[36, 44]",2
7,7,"[6, 36, 45, 46, 57]",5,"[7, 36, 45, 46, 51, 57]",6,"[6, 36, 45, 57]",4,"[7, 36, 45, 51, 57]",5,"[6, 36, 57]",3,"[7, 36, 45, 51, 57]",5,"[6, 36, 57]",3,"[7, 36, 57]",3,"[6, 36, 57]",3,"[7, 36, 57]",3,"[6, 36]",2,"[7, 51, 57]",3,"[6, 36, 57]",3,"[7, 36, 57]",3,"[6, 36, 57]",3,"[7, 36, 57]",3,"[6, 36, 57]",3,"[7, 36, 57]",3,"[6, 36]",2,"[7, 51, 57]",3,"[6, 36, 57]",3,"[7, 36, 57]",3
7,8,"[1, 29, 37, 56]",4,"[11, 27, 30, 36, 37, 50, 59, 61, 63]",9,"[1, 37, 56]",3,"[11, 27, 30, 37, 50, 61]",6,[1],1,"[27, 30, 37, 50, 61]",5,[1],1,"[27, 30, 36, 37, 50, 61]",6,"[1, 37]",2,"[27, 30, 36, 37, 50, 61]",6,[],0,"[27, 30, 50, 61, 63]",5,[1],1,"[27, 30, 50, 61, 63]",5,[1],1,"[27, 30, 36, 37, 50, 61, 63]",7,[1],1,"[27, 30, 36, 37, 50, 61, 63]",7,[],0,"[27, 30, 50, 61, 63]",5,[],0,"[27, 30, 50, 61, 63]",5
7,9,"[23, 43, 59]",3,"[0, 4, 15, 18, 23, 44, 61]",7,"[23, 43]",2,"[0, 23, 44, 61]",4,[23],1,"[0, 23, 44, 61]",4,"[23, 43]",2,"[0, 23, 44, 61]",4,"[23, 43]",2,"[0, 23, 44, 61]",4,[23],1,"[0, 23, 44, 61]",4,[23],1,"[0, 23, 44, 61]",4,"[23, 43]",2,"[0, 23, 44, 61]",4,"[23, 43]",2,"[0, 23, 44, 61]",4,[23],1,"[23, 44, 61]",3,[23],1,"[23, 44, 61]",3
7,10,"[34, 53, 55, 61]",4,"[35, 41, 53, 59]",4,"[34, 53, 55]",3,"[35, 53]",2,"[34, 53, 55]",3,"[41, 53, 59]",3,"[34, 55, 61]",3,"[41, 53, 59]",3,"[34, 53, 55, 61]",4,"[41, 53, 59]",3,[55],1,"[41, 59]",2,[55],1,"[41, 59]",2,[],0,"[41, 59]",2,[],0,"[41, 59]",2,[55],1,"[41, 59]",2,[],0,"[41, 59]",2
7,11,"[5, 7, 21, 29, 41, 43, 50]",7,"[1, 21, 29, 41, 50]",5,"[7, 21, 29, 41]",4,"[1, 21, 29, 41]",4,"[5, 7, 21, 29, 41]",5,"[1, 21, 29, 41]",4,"[5, 7, 21, 29, 41]",5,"[1, 21, 29, 41]",4,"[5, 7, 21, 29, 41]",5,"[1, 21, 29, 41]",4,"[7, 21, 29, 41]",4,"[1, 21, 41]",3,"[5, 7, 21, 29, 41]",5,"[1, 21, 29, 41]",4,"[5, 7, 21, 41]",4,"[1, 21, 41]",3,"[5, 7, 21, 41]",4,"[1, 21, 41]",3,"[7, 21, 29, 41]",4,"[1, 21, 41]",3,"[5, 7, 21, 41]",4,"[1, 21, 41]",3
8,0,"[9, 15, 46, 56]",4,"[15, 38, 39, 42, 53, 56]",6,"[15, 56]",2,"[15, 38, 53]",3,[56],1,[38],1,[],0,[38],1,[],0,[38],1,[56],1,[42],1,[46],1,"[38, 42]",2,[46],1,[38],1,[46],1,[38],1,[56],1,[42],1,[],0,"[38, 42]",2
8,1,"[28, 36, 45, 53, 56]",5,"[15, 25, 36, 53]",4,"[36, 45]",2,[36],1,"[36, 45]",2,[36],1,"[36, 45]",2,[36],1,"[36, 45]",2,[36],1,[36],1,[36],1,"[36, 45]",2,[36],1,"[36, 45]",2,[36],1,"[36, 45]",2,[36],1,[36],1,[36],1,[36],1,[36],1
8,2,"[2, 9, 28, 57]",4,"[9, 26, 44, 48, 56, 61]",6,"[9, 28]",2,"[9, 26, 44, 48, 56, 61]",6,"[9, 28]",2,"[9, 26, 44, 48, 56, 61]",6,"[9, 28]",2,"[26, 44, 48, 56, 61]",5,"[9, 28]",2,"[26, 44, 48, 56, 61]",5,[9],1,"[9, 26, 44, 48, 56, 61]",6,[28],1,"[9, 26, 44, 56, 61]",5,[28],1,"[26, 44, 48, 56, 61]",5,[28],1,"[26, 44, 48, 56, 61]",5,[28],1,"[9, 26, 48, 56, 61]",5,[28],1,"[9, 26, 44, 56, 61]",5
8,3,"[13, 27, 45, 46, 53]",5,"[2, 10, 16, 21, 23, 26, 56]",7,"[13, 27, 45, 53]",4,"[2, 10, 16, 21, 23, 56]",6,"[13, 27, 45]",3,"[10, 16, 21, 23, 56]",5,"[13, 27, 45]",3,"[2, 10, 16, 21, 23, 56]",6,"[27, 45]",2,"[2, 10, 16, 21, 23, 56]",6,[13],1,"[10, 16, 23, 26, 56]",5,[27],1,"[10, 16, 21, 23, 26, 56]",6,"[27, 45]",2,"[10, 16, 21, 23, 56]",5,"[27, 45]",2,"[10, 16, 21, 23, 56]",5,[13],1,"[10, 16, 23, 26, 56]",5,"[27, 46]",2,"[10, 16, 23, 26, 56]",5
8,4,"[25, 32, 40]",3,"[17, 37]",2,"[25, 32]",2,"[17, 37]",2,"[25, 32]",2,[17],1,"[25, 32]",2,[17],1,"[25, 32]",2,[17],1,"[25, 32]",2,[17],1,"[25, 32]",2,[17],1,"[25, 32]",2,[17],1,"[25, 32]",2,[17],1,"[25, 32]",2,[17],1,[32],1,[17],1
8,5,"[1, 24, 57, 62]",4,"[2, 7, 16, 62]",4,"[1, 24, 57, 62]",4,"[7, 16, 62]",3,"[1, 24, 57, 62]",4,"[7, 16, 62]",3,"[1, 24, 57, 62]",4,"[7, 16, 62]",3,"[1, 62]",2,"[7, 16, 62]",3,"[1, 57, 62]",3,"[16, 62]",2,"[1, 57, 62]",3,"[16, 62]",2,"[1, 57, 62]",3,"[16, 62]",2,"[1, 57, 62]",3,"[16, 62]",2,"[1, 57]",2,"[16, 62]",2,"[1, 57]",2,"[16, 62]",2
8,6,"[2, 3, 6, 7, 17, 22, 38]",7,"[6, 7, 37, 38, 57, 58, 63]",7,"[2, 6, 7, 38]",4,"[6, 7, 38, 63]",4,"[2, 6, 38]",3,"[6, 38, 63]",3,"[2, 6, 38]",3,"[6, 38, 63]",3,"[2, 6, 38]",3,"[38, 63]",2,"[2, 6, 38]",3,"[38, 63]",2,[38],1,"[38, 63]",2,[38],1,"[38, 57, 63]",3,[38],1,"[38, 57, 63]",3,"[2, 6, 38]",3,"[38, 63]",2,[38],1,"[38, 63]",2
8,7,"[16, 44, 62]",3,"[3, 16, 20, 34, 36, 58, 61]",7,"[16, 44, 62]",3,"[16, 20, 34, 36, 58]",5,"[16, 44, 62]",3,"[16, 36, 58]",3,"[16, 44, 62]",3,"[16, 20, 36, 58]",4,"[16, 44, 62]",3,"[16, 20, 36, 58]",4,"[16, 44, 62]",3,"[16, 36, 58]",3,"[16, 44, 62]",3,"[16, 36, 58]",3,"[16, 44, 62]",3,"[16, 36, 58]",3,"[16, 44, 62]",3,"[16, 36, 58]",3,"[16, 44, 62]",3,"[16, 36, 58]",3,"[44, 62]",2,"[16, 58]",2
8,8,"[10, 42, 52, 60]",4,"[10, 14, 27, 42, 57, 62]",6,"[42, 52, 60]",3,"[10, 14, 27, 42, 57, 62]",6,"[42, 52]",2,"[14, 27, 42, 57, 62]",5,"[42, 52]",2,"[27, 42, 57, 62]",4,"[42, 52]",2,"[27, 42, 57, 62]",4,"[42, 52]",2,"[27, 57, 62]",3,"[42, 52]",2,"[27, 57, 62]",3,"[42, 52]",2,"[27, 42, 57, 62]",4,"[42, 52]",2,"[27, 42, 57, 62]",4,[52],1,"[14, 27, 57, 62]",4,"[42, 52]",2,"[27, 57, 62]",3
8,9,"[22, 25, 27, 40]",4,"[13, 16, 18, 25, 29, 30]",6,"[22, 25, 27]",3,"[16, 18, 25, 29, 30]",5,[27],1,"[16, 18, 25, 30]",4,"[22, 27]",2,"[16, 18, 25, 30]",4,"[22, 27]",2,"[16, 18, 25, 30]",4,[27],1,"[16, 18, 25, 30]",4,[27],1,"[16, 18, 25, 30]",4,[27],1,"[16, 18, 25, 29, 30]",5,[27],1,"[16, 18, 25, 29, 30]",5,[27],1,"[16, 18, 25, 30]",4,[27],1,"[13, 16, 18, 30]",4
8,10,"[15, 50, 62]",3,"[10, 15, 31, 59, 60]",5,[62],1,"[10, 31, 60]",3,"[15, 50, 62]",3,"[10, 31, 60]",3,"[15, 62]",2,"[10, 31, 60]",3,"[15, 50, 62]",3,"[10, 31, 60]",3,"[15, 62]",2,"[10, 31, 60]",3,[62],1,"[10, 31, 60]",3,[62],1,"[10, 31, 60]",3,"[15, 62]",2,"[10, 31, 60]",3,[62],1,"[10, 31, 60]",3,[],0,"[10, 31, 60]",3
8,11,[54],1,"[15, 27, 33, 52, 56, 57, 63]",7,[54],1,"[15, 27, 33, 52, 56, 57, 63]",7,[54],1,"[15, 27, 52, 56, 57, 63]",6,[54],1,"[27, 52, 56, 63]",4,[54],1,"[27, 52, 56, 63]",4,[54],1,"[27, 52, 56, 63]",4,[54],1,"[27, 52, 56, 63]",4,[54],1,"[27, 52, 56, 63]",4,[54],1,"[27, 52, 56, 63]",4,[54],1,"[27, 52, 56, 63]",4,[54],1,"[27, 52, 56, 63]",4
9,0,"[26, 27, 33, 61]",4,"[4, 11, 24, 30, 42, 62, 63]",7,"[27, 61]",2,"[11, 24, 30, 42, 62, 63]",6,[61],1,"[4, 11, 24, 30, 62]",5,[61],1,"[4, 11, 24, 30, 42, 62, 63]",7,"[33, 61]",2,"[11, 24, 30, 42, 62, 63]",6,[61],1,"[4, 11, 24, 63]",4,"[33, 61]",2,"[11, 24, 63]",3,[33],1,"[11, 24, 63]",3,[33],1,"[11, 24, 63]",3,[61],1,"[11, 24, 63]",3,[61],1,[63],1
9,1,"[6, 14, 30, 49, 58]",5,"[6, 14, 49, 58]",4,[58],1,[58],1,[58],1,[58],1,"[6, 58]",2,"[6, 58]",2,"[6, 58]",2,"[6, 58]",2,[58],1,[58],1,"[6, 58]",2,[58],1,"[6, 30, 58]",3,"[6, 58]",2,"[6, 30, 58]",3,"[6, 58]",2,[58],1,[58],1,"[6, 58]",2,"[6, 58]",2
9,2,"[6, 33]",2,"[9, 10, 13, 33, 37, 42, 50]",7,[],0,"[9, 10, 13, 42, 50]",5,[6],1,"[9, 13, 37, 42, 50]",5,[6],1,"[13, 33, 37, 42, 50]",5,[6],1,"[13, 33, 37, 42, 50]",5,[],0,"[10, 42]",2,[6],1,"[13, 42, 50]",3,[33],1,"[13, 37, 42, 50]",4,[33],1,"[13, 37, 42, 50]",4,[],0,[42],1,[],0,[42],1
9,3,"[11, 19, 21, 34, 36, 39, 44]",7,"[11, 19, 21, 34, 36, 39, 44, 48, 51]",9,"[11, 34, 39, 44]",4,"[11, 19, 21, 34, 39, 44, 51]",7,"[11, 19, 34, 36, 39, 44]",6,"[11, 19, 21, 34, 51]",5,"[11, 19, 34, 39, 44]",5,"[11, 19, 21, 34, 39, 51]",6,"[11, 19, 34, 39, 44]",5,"[11, 19, 21, 34, 39, 51]",6,"[11, 19, 21, 34, 36, 39]",6,"[11, 19, 21, 34, 36, 39]",6,"[11, 19, 34, 39]",4,"[11, 19, 21, 34, 36, 39]",6,"[11, 19, 34, 39]",4,"[11, 19, 21, 34, 39]",5,"[11, 19, 34, 39]",4,"[11, 19, 21, 34, 39]",5,"[11, 19, 21, 34, 36, 39]",6,"[11, 19, 21, 34, 39]",5,"[11, 19, 21, 36, 39]",5,"[11, 19, 21, 34, 36, 39]",6
9,4,"[2, 20]",2,"[17, 18, 20]",3,[],0,"[17, 18]",2,[2],1,"[17, 18]",2,[2],1,"[17, 18]",2,[2],1,"[17, 18]",2,[],0,"[17, 18]",2,[2],1,"[17, 18]",2,[2],1,"[17, 18]",2,[2],1,"[17, 18]",2,[],0,"[17, 18]",2,[2],1,"[17, 18]",2
9,5,"[26, 56]",2,"[5, 10, 19, 26, 48, 56]",6,"[26, 56]",2,"[5, 10, 19, 26, 56]",5,"[26, 56]",2,"[5, 10, 19, 26]",4,"[26, 56]",2,"[10, 19, 26]",3,"[26, 56]",2,"[10, 19, 26, 56]",4,"[26, 56]",2,"[5, 19, 26]",3,"[26, 56]",2,"[10, 19, 26]",3,"[26, 56]",2,"[10, 19, 26]",3,"[26, 56]",2,"[10, 19, 26]",3,"[26, 56]",2,"[5, 19, 26]",3,[26],1,"[19, 26]",2
9,6,"[22, 47]",2,"[9, 19, 22, 40, 49, 54]",6,"[22, 47]",2,"[19, 22, 54]",3,[22],1,"[19, 22, 49, 54]",4,[],0,"[19, 22, 49, 54]",4,[],0,"[19, 22, 49, 54]",4,[22],1,"[22, 49, 54]",3,[],0,"[22, 49, 54]",3,[],0,"[19, 22, 49, 54]",4,[],0,"[19, 22, 49, 54]",4,[22],1,"[22, 54]",2,[22],1,"[22, 49, 54]",3
9,7,"[33, 51, 60]",3,[59],1,"[33, 60]",2,[],0,[33],1,[],0,[51],1,[],0,[],0,[],0,[],0,[59],1,"[33, 51]",2,[],0,[51],1,[],0,[51],1,[],0,[],0,[59],1,[51],1,[],0
9,8,"[25, 39, 45, 48, 57, 60, 61]",7,"[3, 25, 35, 57, 60, 61]",6,"[25, 45, 61]",3,"[3, 25, 35, 57, 60, 61]",6,"[25, 45, 60, 61]",4,"[3, 25, 57, 60, 61]",5,"[25, 45, 60, 61]",4,"[3, 25, 57, 60, 61]",5,"[25, 45, 60, 61]",4,"[3, 25, 57, 60, 61]",5,"[60, 61]",2,"[3, 25, 60, 61]",4,"[45, 60, 61]",3,"[3, 25, 60, 61]",4,"[45, 61]",2,"[3, 25, 60, 61]",4,"[45, 61]",2,"[3, 25, 60, 61]",4,"[60, 61]",2,"[3, 60, 61]",3,"[45, 60, 61]",3,"[3, 60, 61]",3
9,9,"[6, 11, 12, 14, 15, 50]",6,"[0, 15, 23, 25, 38, 50, 51]",7,"[6, 11, 12, 15, 50]",5,"[0, 15, 25, 38, 50]",5,"[6, 11, 12, 15]",4,"[0, 15, 23, 25]",4,"[6, 11, 15]",3,"[0, 15, 23, 25]",4,"[6, 11, 12, 15]",4,"[0, 15, 25]",3,"[6, 12, 15]",3,"[0, 15, 23, 25]",4,"[6, 12, 15]",3,"[0, 15, 23]",3,"[6, 12, 15]",3,"[0, 15]",2,"[6, 12, 15]",3,"[0, 15]",2,"[6, 15]",2,"[0, 15, 23, 25]",4,"[12, 15]",2,"[0, 15, 51]",3
9,10,"[6, 21, 35, 37]",4,"[6, 9, 13, 14, 21, 35, 37, 57]",8,"[6, 21, 35, 37]",4,"[6, 13, 35, 37]",4,"[6, 35, 37]",3,"[6, 13, 35, 37]",4,"[6, 35, 37]",3,"[6, 13, 21, 35, 37, 57]",6,"[6, 35, 37]",3,"[6, 13, 21, 35, 37, 57]",6,[35],1,"[6, 13, 35, 37]",4,[35],1,"[6, 13, 35, 37]",4,"[6, 35]",2,"[6, 13, 35, 37, 57]",5,"[6, 35]",2,"[6, 13, 35, 37, 57]",5,[35],1,"[6, 13, 35, 37]",4,[35],1,"[13, 35, 37, 57]",4
9,11,"[38, 40]",2,"[9, 38, 40, 44, 55]",5,"[38, 40]",2,"[38, 40, 44, 55]",4,"[38, 40]",2,"[38, 40, 55]",3,"[38, 40]",2,"[38, 40, 55]",3,"[38, 40]",2,"[38, 40, 55]",3,"[38, 40]",2,"[38, 55]",2,"[38, 40]",2,"[38, 40, 55]",3,"[38, 40]",2,"[38, 40, 55]",3,"[38, 40]",2,"[38, 40, 55]",3,[38],1,"[38, 55]",2,[38],1,"[38, 55]",2
10,0,"[36, 39, 43]",3,"[19, 39, 40, 41, 43, 57]",6,"[36, 39, 43]",3,"[19, 40, 43, 57]",4,"[36, 39, 43]",3,"[39, 40, 43, 57]",4,"[36, 39, 43]",3,"[39, 40, 43, 57]",4,"[36, 39, 43]",3,"[39, 40, 43, 57]",4,"[36, 43]",2,"[39, 40, 43]",3,"[36, 39, 43]",3,"[39, 40, 43]",3,"[36, 43]",2,"[39, 40, 43]",3,"[36, 43]",2,"[39, 40, 43]",3,"[36, 43]",2,"[39, 40, 43]",3,"[36, 43]",2,"[40, 43]",2
10,1,"[3, 63]",2,[45],1,[63],1,[45],1,[63],1,[45],1,[63],1,[45],1,[63],1,[45],1,[63],1,[45],1,"[3, 63]",2,[45],1,"[3, 63]",2,[],0,"[3, 63]",2,[],0,[63],1,[45],1,[63],1,[],0
10,2,"[26, 35, 51]",3,"[2, 26, 32, 35]",4,"[26, 35]",2,"[26, 35]",2,"[26, 35]",2,"[26, 35]",2,"[26, 35]",2,"[26, 32, 35]",3,"[26, 35]",2,"[26, 32, 35]",3,[35],1,"[26, 35]",2,[35],1,"[26, 32, 35]",3,[35],1,"[26, 32, 35]",3,[35],1,"[26, 32, 35]",3,[35],1,[35],1,[35],1,[35],1
10,3,"[5, 17, 63]",3,"[5, 26, 63]",3,"[5, 17, 63]",3,"[5, 26]",2,"[5, 63]",2,"[5, 26]",2,"[5, 63]",2,"[5, 26]",2,"[5, 63]",2,"[5, 26]",2,"[5, 63]",2,"[5, 26]",2,"[5, 63]",2,"[5, 26]",2,[63],1,"[5, 26]",2,[63],1,"[5, 26]",2,"[5, 63]",2,"[5, 26]",2,[63],1,"[5, 26]",2
10,4,"[47, 49]",2,"[0, 20, 49, 55, 56, 63]",6,[49],1,"[0, 20, 56, 63]",4,[],0,"[20, 56, 63]",3,[],0,"[20, 55, 56, 63]",4,[],0,"[20, 55, 56, 63]",4,[],0,[63],1,[],0,"[56, 63]",2,[],0,"[56, 63]",2,[],0,"[56, 63]",2,[],0,[63],1,[],0,[63],1
10,5,"[8, 16, 51]",3,"[3, 25, 34, 45, 46]",5,[8],1,"[3, 34, 45, 46]",4,[8],1,"[3, 34, 45]",3,"[8, 16]",2,"[3, 34, 45]",3,"[8, 16]",2,"[3, 34, 45]",3,[8],1,"[3, 34, 45]",3,[8],1,"[3, 45]",2,[8],1,"[3, 34, 45]",3,[8],1,"[3, 34, 45]",3,[8],1,"[3, 34, 45]",3,[],0,"[3, 45]",2
10,6,"[25, 30, 55]",3,"[16, 21, 49]",3,"[25, 30]",2,"[16, 49]",2,"[25, 30]",2,"[16, 49]",2,"[25, 30]",2,"[16, 49]",2,"[25, 30]",2,"[16, 49]",2,"[25, 30]",2,[16],1,"[25, 30]",2,[16],1,"[25, 30]",2,[16],1,"[25, 30]",2,[16],1,"[25, 30]",2,[16],1,"[25, 30]",2,[16],1
10,7,"[25, 45, 50]",3,"[25, 37, 50, 55]",4,[25],1,"[25, 37]",2,"[25, 45]",2,[25],1,"[25, 45]",2,[25],1,"[25, 45]",2,[25],1,"[25, 45]",2,"[25, 37]",2,"[25, 45]",2,"[25, 37]",2,"[25, 45]",2,"[25, 37]",2,"[25, 45]",2,"[25, 37]",2,"[25, 45]",2,"[25, 37]",2,"[25, 45]",2,"[25, 37]",2
10,8,"[6, 10, 49]",3,[25],1,"[6, 10]",2,[],0,"[6, 10]",2,[],0,"[10, 49]",2,[],0,"[10, 49]",2,[],0,[6],1,[],0,[],0,[],0,[10],1,[],0,[10],1,[],0,[6],1,[],0,"[6, 10]",2,[],0
10,9,"[10, 16, 28, 34, 37, 44, 55]",7,"[16, 28, 34, 37]",4,"[10, 16, 28, 34, 44, 55]",6,"[16, 28]",2,"[10, 28, 34, 44, 55]",5,"[16, 28]",2,"[10, 28, 34, 44]",4,"[16, 28]",2,"[10, 28, 34, 44]",4,"[16, 28]",2,"[10, 28, 44, 55]",4,"[16, 28]",2,"[10, 28, 34, 44]",4,"[16, 28]",2,"[10, 28, 34, 44]",4,"[16, 28]",2,"[10, 28, 34, 44]",4,"[16, 28]",2,"[10, 28, 34, 44]",4,"[16, 28]",2,"[10, 28, 34, 44]",4,"[16, 28]",2
10,10,"[4, 7, 35, 44]",4,"[0, 11, 27, 29, 33, 35, 44]",7,"[7, 35, 44]",3,"[11, 27, 33, 44]",4,"[7, 35, 44]",3,"[11, 27, 33, 35, 44]",5,"[7, 35]",2,"[11, 27, 33, 35]",4,"[7, 35]",2,"[11, 27, 33]",3,"[7, 35, 44]",3,"[11, 27, 33, 44]",4,"[7, 35]",2,"[11, 27, 33, 35]",4,"[7, 35]",2,"[0, 11, 27, 33, 35]",5,"[7, 35]",2,"[0, 11, 27, 33, 35]",5,"[7, 35]",2,"[11, 27, 33]",3,"[7, 35, 44]",3,"[11, 33, 35]",3
10,11,"[49, 53]",2,"[7, 8, 24, 27, 38, 49]",6,"[49, 53]",2,"[7, 8, 24, 38]",4,"[49, 53]",2,"[7, 24, 27, 38]",4,"[49, 53]",2,"[7, 24, 38]",3,"[49, 53]",2,"[7, 24, 38]",3,[53],1,[38],1,"[49, 53]",2,[38],1,"[49, 53]",2,[38],1,"[49, 53]",2,[38],1,[53],1,[38],1,"[49, 53]",2,[38],1
11,0,"[30, 38, 56]",3,"[5, 7, 32, 33, 39, 48, 51, 61]",8,"[30, 38, 56]",3,"[5, 7, 33, 39, 48, 51, 61]",7,"[30, 38, 56]",3,"[5, 7, 33, 39, 48, 51, 61]",7,"[30, 56]",2,"[5, 7, 33, 39, 48, 51, 61]",7,"[30, 56]",2,"[5, 7, 33, 39, 48, 51, 61]",7,[30],1,"[5, 7, 33, 39, 48, 51, 61]",7,"[30, 38, 56]",3,"[5, 7, 33, 39, 48, 61]",6,"[30, 38, 56]",3,"[5, 7, 33, 39, 48, 51, 61]",7,"[30, 38, 56]",3,"[5, 7, 33, 39, 48, 51, 61]",7,"[30, 38]",2,"[5, 7, 33, 39, 51, 61]",6,"[30, 38]",2,"[5, 33, 39, 48, 61]",5
11,1,"[30, 47, 49, 61]",4,[21],1,"[30, 47, 49, 61]",4,[21],1,"[30, 47, 49, 61]",4,[21],1,"[30, 47, 49, 61]",4,[21],1,"[30, 47, 49, 61]",4,[21],1,"[47, 61]",2,[],0,[47],1,[],0,"[47, 61]",2,[],0,"[47, 61]",2,[],0,"[47, 61]",2,[],0,"[47, 49]",2,[],0
11,2,"[1, 14, 46]",3,"[10, 14, 58]",3,"[1, 46]",2,[10],1,"[1, 46]",2,[],0,"[1, 46]",2,[],0,"[1, 46]",2,[],0,"[1, 46]",2,[],0,"[1, 46]",2,[],0,"[1, 46]",2,[],0,"[1, 46]",2,[],0,"[1, 46]",2,[],0,"[1, 46]",2,[],0
11,3,"[27, 57, 60, 61]",4,"[50, 56, 60]",3,"[27, 57, 61]",3,"[50, 56, 60]",3,"[27, 57, 61]",3,"[50, 56, 60]",3,"[27, 57, 61]",3,"[50, 56, 60]",3,"[57, 61]",2,"[50, 56, 60]",3,[61],1,"[50, 56, 60]",3,[61],1,"[50, 56, 60]",3,[61],1,"[50, 56, 60]",3,[61],1,"[50, 56, 60]",3,[61],1,"[50, 56, 60]",3,[61],1,"[56, 60]",2
11,4,"[1, 61]",2,"[1, 8, 40, 53]",4,[61],1,"[8, 40, 53]",3,[],0,"[8, 40, 53]",3,[],0,"[8, 40, 53]",3,[],0,"[8, 40, 53]",3,[],0,"[8, 40, 53]",3,[],0,"[8, 40, 53]",3,[],0,"[8, 40, 53]",3,[],0,"[8, 40, 53]",3,[],0,"[8, 40, 53]",3,[61],1,"[40, 53]",2
11,5,"[14, 20, 32, 41, 46, 52]",6,"[20, 32, 41, 47, 53]",5,"[20, 32, 41, 46, 52]",5,"[20, 32, 41, 53]",4,"[20, 32, 41, 46]",4,"[20, 32, 41, 53]",4,"[20, 32, 41, 46]",4,"[20, 32, 41, 53]",4,"[20, 32, 41, 46]",4,"[20, 32, 41, 53]",4,"[14, 20, 32, 41, 46]",5,"[20, 32, 41, 53]",4,"[14, 20, 32, 41, 46]",5,"[20, 41, 53]",3,"[14, 20, 32, 41, 46]",5,"[20, 32, 41, 53]",4,"[14, 20, 32, 41, 46]",5,"[20, 32, 41, 53]",4,"[14, 20, 32, 41, 46]",5,"[20, 32, 41, 53]",4,"[14, 20, 32, 41, 46]",5,"[32, 41]",2
11,6,"[3, 5, 15, 16, 17, 20, 39]",7,"[3, 15, 16, 39, 55]",5,"[3, 5, 15, 16]",4,"[16, 55]",2,"[5, 16]",2,"[15, 16, 55]",3,"[3, 5, 16]",3,"[16, 55]",2,"[5, 16]",2,"[16, 55]",2,"[5, 15, 16]",3,[15],1,"[5, 15, 16]",3,"[3, 15, 55]",3,"[5, 15, 16]",3,"[3, 55]",2,"[5, 15, 16]",3,"[3, 55]",2,"[5, 15, 16]",3,[15],1,[15],1,"[15, 16]",2
11,7,"[4, 9, 31, 33, 63]",5,"[4, 31]",2,"[9, 31]",2,[31],1,[31],1,[31],1,"[9, 31]",2,[31],1,"[9, 31]",2,[31],1,[31],1,[31],1,[31],1,[31],1,[31],1,[31],1,[31],1,[31],1,[31],1,[31],1,[31],1,[31],1
11,8,"[18, 38, 59]",3,"[22, 31, 38, 45, 62]",5,"[18, 38, 59]",3,"[22, 38, 45, 62]",4,"[18, 38, 59]",3,"[22, 38, 45, 62]",4,"[18, 38, 59]",3,"[22, 38, 45, 62]",4,"[18, 38, 59]",3,"[22, 38, 45, 62]",4,"[18, 38, 59]",3,"[22, 38, 62]",3,"[18, 38, 59]",3,"[22, 38, 45, 62]",4,"[18, 38, 59]",3,"[22, 38, 62]",3,"[18, 38, 59]",3,"[22, 38, 62]",3,"[18, 38, 59]",3,"[22, 38, 62]",3,"[18, 38, 59]",3,"[22, 38, 62]",3
11,9,"[14, 16, 26, 37, 52]",5,"[3, 5, 12, 26]",4,"[14, 16, 26, 37, 52]",5,"[5, 12, 26]",3,"[14, 16, 26, 37]",4,"[12, 26]",2,"[14, 16, 26, 37]",4,"[12, 26]",2,"[14, 16, 26, 37]",4,"[12, 26]",2,"[14, 16, 37]",3,"[12, 26]",2,"[14, 16]",2,"[5, 12, 26]",3,"[14, 16, 26]",3,"[5, 12, 26]",3,"[14, 16, 26]",3,"[5, 12, 26]",3,"[14, 16]",2,"[12, 26]",2,[14],1,"[5, 12]",2
11,10,"[14, 19, 54]",3,"[14, 15, 19, 29, 39]",5,"[14, 19, 54]",3,"[14, 15, 19, 29, 39]",5,"[14, 19]",2,"[14, 15, 19, 29, 39]",5,"[14, 19]",2,"[14, 15, 19, 29, 39]",5,"[14, 19]",2,"[14, 15, 19, 29, 39]",5,"[14, 19]",2,"[14, 19, 29, 39]",4,"[14, 19]",2,"[14, 19, 29, 39]",4,"[14, 19]",2,"[14, 19, 29, 39]",4,"[14, 19]",2,"[14, 19, 29, 39]",4,"[14, 19]",2,"[14, 19, 29, 39]",4,"[14, 19]",2,"[14, 19, 29, 39]",4
11,11,"[0, 14, 21]",3,"[15, 35, 41]",3,"[14, 21]",2,"[35, 41]",2,"[14, 21]",2,"[35, 41]",2,[21],1,"[35, 41]",2,[21],1,"[35, 41]",2,[21],1,"[35, 41]",2,[21],1,[35],1,[21],1,[35],1,[21],1,[35],1,[21],1,[35],1,[21],1,[35],1