layer,head,patch_common_features_occ0_cls1,patch_count_occ0_cls1,cls_common_features_occ0_cls1,cls_count_occ0_cls1,patch_common_features_occ10_cls1,patch_count_occ10_cls1,cls_common_features_occ10_cls1,cls_count_occ10_cls1,patch_common_features_occ20_cls1,patch_count_occ20_cls1,cls_common_features_occ20_cls1,cls_count_occ20_cls1,patch_common_features_occ30_cls1,patch_count_occ30_cls1,cls_common_features_occ30_cls1,cls_count_occ30_cls1,patch_common_features_occ40_cls1,patch_count_occ40_cls1,cls_common_features_occ40_cls1,cls_count_occ40_cls1,patch_common_features_occ50_cls1,patch_count_occ50_cls1,cls_common_features_occ50_cls1,cls_count_occ50_cls1,patch_common_features_occ60_cls1,patch_count_occ60_cls1,cls_common_features_occ60_cls1,cls_count_occ60_cls1,patch_common_features_occ70_cls1,patch_count_occ70_cls1,cls_common_features_occ70_cls1,cls_count_occ70_cls1,patch_common_features_occ80_cls1,patch_count_occ80_cls1,cls_common_features_occ80_cls1,cls_count_occ80_cls1,patch_common_features_occ90_cls1,patch_count_occ90_cls1,cls_common_features_occ90_cls1,cls_count_occ90_cls1
0,0,"[2, 12, 25, 27, 45, 46]",6,"[2, 12, 25, 37, 45, 46]",6,"[2, 12, 25, 37, 45, 46]",6,"[2, 25, 37, 45, 46]",5,"[0, 2, 25, 27, 45, 46, 60]",7,"[0, 2, 25, 37, 45, 46, 60]",7,"[0, 2, 25, 27, 37, 45, 46, 60]",8,"[0, 2, 25, 27, 30, 37, 45, 46, 60]",9,"[0, 2, 25, 27, 37, 45, 46, 60]",8,"[0, 2, 25, 27, 30, 37, 45, 46, 60]",9,"[0, 2, 25, 30, 37, 45, 46, 60]",8,"[0, 2, 25, 26, 30, 37, 45, 46, 60]",9,"[0, 2, 25, 26, 30, 37, 45, 46, 60]",9,"[0, 2, 25, 26, 30, 37, 45, 46, 60]",9,"[0, 2, 5, 25, 26, 30, 37, 45, 46, 60]",10,"[0, 2, 5, 25, 26, 30, 37, 45, 46, 60]",10,"[0, 2, 5, 21, 25, 26, 30, 37, 45, 46, 60]",11,"[0, 2, 5, 21, 25, 26, 30, 37, 45, 46, 60]",11,"[0, 2, 5, 21, 25, 26, 30, 45, 46, 60]",10,"[0, 2, 5, 21, 25, 26, 30, 37, 45, 46, 60]",11
0,1,"[3, 10, 16, 22, 24, 26, 31, 32, 34, 61]",10,"[3, 24, 25, 27, 29, 31, 32, 46, 60, 61]",10,"[3, 10, 16, 22, 24, 26, 31, 32, 34, 61]",10,"[3, 24, 25, 27, 29, 31, 32, 46, 60, 61]",10,"[3, 10, 16, 22, 24, 26, 31, 32, 34, 61]",10,"[3, 24, 25, 27, 29, 31, 32, 46, 60, 61]",10,"[3, 10, 16, 22, 24, 26, 31, 32, 34, 61]",10,"[3, 24, 25, 27, 29, 31, 32, 46, 60, 61]",10,"[3, 10, 16, 22, 24, 26, 31, 32, 34, 61]",10,"[3, 24, 25, 29, 31, 32, 44, 46, 60, 61]",10,"[3, 10, 16, 22, 24, 26, 31, 32, 34, 61]",10,"[3, 24, 25, 31, 32, 44, 46, 60, 61]",9,"[3, 10, 16, 22, 24, 26, 31, 32, 34, 61]",10,"[3, 24, 25, 31, 32, 44, 46, 60, 61]",9,"[3, 10, 16, 22, 24, 26, 31, 32, 34, 61]",10,"[3, 24, 25, 29, 31, 32, 44, 46, 60, 61]",10,"[3, 10, 16, 22, 24, 26, 31, 32, 34, 61]",10,"[3, 24, 25, 29, 31, 32, 44, 46, 60, 61]",10,"[3, 10, 16, 22, 24, 26, 31, 32, 34, 61]",10,"[3, 24, 25, 29, 31, 32, 44, 46, 60, 61]",10
0,2,"[18, 19, 55]",3,"[19, 55]",2,"[19, 29, 55]",3,"[18, 19, 29, 55]",4,"[3, 18, 19, 21, 29, 30, 46, 55]",8,"[3, 18, 19, 21, 29, 30, 46, 55]",8,"[3, 18, 19, 21, 29, 46, 55]",7,"[3, 18, 19, 21, 29, 46, 55, 56]",8,"[3, 18, 19, 20, 21, 29, 30, 46, 55]",9,"[3, 18, 19, 20, 21, 29, 30, 46, 55, 56]",10,"[3, 18, 19, 20, 21, 29, 30, 46, 55]",9,"[3, 18, 19, 20, 21, 29, 30, 46, 55, 56]",10,"[3, 18, 19, 20, 21, 29, 30, 46, 55, 56]",10,"[3, 18, 19, 20, 21, 29, 30, 46, 55, 56]",10,"[3, 18, 19, 20, 21, 29, 30, 46, 55, 56]",10,"[3, 18, 19, 20, 21, 29, 30, 46, 55, 56]",10,"[3, 18, 19, 20, 21, 29, 30, 46, 55, 56]",10,"[3, 18, 19, 20, 21, 29, 30, 46, 55, 56]",10,"[3, 18, 19, 20, 21, 29, 30, 46, 55, 56]",10,"[3, 18, 19, 20, 21, 29, 30, 46, 55, 56]",10
0,3,"[6, 7, 13, 23, 40, 41, 61]",7,"[6, 7, 13, 23, 38, 40, 41, 54, 61]",9,"[6, 7, 13, 23, 40, 41, 54, 61]",8,"[6, 7, 13, 23, 38, 40, 41, 54, 61]",9,"[6, 7, 13, 23, 38, 40, 41, 54, 61]",9,"[4, 6, 7, 13, 23, 38, 40, 41, 54, 61]",10,"[4, 6, 7, 13, 23, 38, 40, 41, 54, 61]",10,"[6, 7, 13, 23, 38, 40, 41, 54, 61]",9,"[4, 6, 7, 13, 23, 38, 40, 41, 54, 61]",10,"[4, 6, 7, 13, 23, 38, 40, 41, 54, 61]",10,"[4, 6, 7, 13, 23, 38, 40, 41, 54, 61]",10,"[4, 6, 7, 13, 23, 38, 40, 41, 54, 61]",10,"[4, 6, 7, 13, 23, 38, 40, 41, 54, 61]",10,"[4, 6, 7, 13, 23, 38, 40, 41, 54, 61]",10,"[4, 6, 7, 13, 23, 38, 40, 41, 54, 61]",10,"[4, 6, 7, 13, 23, 38, 40, 41, 54, 61]",10,"[4, 6, 7, 13, 23, 38, 40, 41, 54, 61]",10,"[4, 6, 7, 13, 23, 38, 40, 41, 54, 61]",10,"[4, 6, 7, 13, 23, 38, 40, 41, 54, 61]",10,"[4, 6, 7, 13, 23, 38, 40, 41, 54, 61]",10
0,4,"[8, 33, 46, 58]",4,"[8, 33, 46, 58]",4,"[8, 33, 46, 58]",4,"[8, 33, 46, 58]",4,"[8, 33, 46, 58]",4,"[8, 33, 46, 58]",4,"[8, 9, 22, 31, 33, 46, 58]",7,"[8, 9, 22, 31, 33, 44, 46, 58]",8,"[8, 22, 31, 33, 46, 58]",6,"[8, 22, 31, 33, 46, 49, 58]",7,"[8, 22, 25, 28, 31, 33, 46, 58]",8,"[8, 25, 28, 31, 33, 46, 58]",7,"[8, 25, 28, 31, 33, 46, 58]",7,"[8, 25, 28, 31, 33, 46, 58]",7,"[8, 22, 23, 25, 28, 31, 33, 46, 58]",9,"[8, 23, 25, 28, 31, 33, 46, 58]",8,"[8, 22, 25, 28, 31, 33, 46, 58]",8,"[8, 22, 25, 28, 31, 33, 46, 58]",8,"[8, 22, 23, 25, 28, 31, 33, 46, 58]",9,"[8, 25, 28, 31, 33, 46, 58]",7
0,5,"[0, 2, 16, 29, 40, 46, 47, 62]",8,"[0, 2, 13, 16, 29, 40, 46, 62]",8,"[0, 2, 13, 16, 29, 39, 40, 46, 47, 62]",10,"[0, 2, 13, 16, 29, 39, 40, 46, 47]",9,"[0, 2, 13, 16, 29, 39, 40, 46, 47, 62]",10,"[0, 2, 13, 16, 29, 39, 40, 46]",8,"[0, 2, 13, 16, 29, 39, 40, 46, 47]",9,"[0, 2, 13, 16, 29, 39, 40, 46, 47]",9,"[0, 2, 13, 16, 29, 39, 40, 46, 47]",9,"[0, 2, 13, 16, 29, 39, 40, 46, 47]",9,"[0, 2, 13, 16, 29, 39, 40, 46, 47]",9,"[0, 2, 13, 16, 29, 39, 40, 46, 47]",9,"[0, 2, 13, 16, 29, 39, 40, 46, 47]",9,"[0, 2, 13, 16, 29, 39, 40, 46, 47]",9,"[0, 2, 13, 16, 29, 39, 40, 46, 47]",9,"[0, 2, 13, 16, 29, 39, 40, 46, 47]",9,"[0, 2, 13, 16, 29, 39, 40, 46, 47, 63]",10,"[0, 2, 13, 16, 29, 39, 40, 46, 47, 63]",10,"[0, 2, 13, 16, 29, 39, 40, 46, 47, 63]",10,"[0, 2, 13, 16, 29, 39, 40, 46, 47, 63]",10
0,6,"[11, 18, 34, 43, 59, 60, 61]",7,"[11, 18, 43, 58, 59, 60, 61]",7,"[11, 18, 37, 43, 59, 60, 61]",7,"[11, 18, 37, 43, 58, 59, 60, 61]",8,"[11, 18, 37, 43, 59, 60]",6,"[11, 18, 37, 43, 58, 59, 60, 61]",8,"[11, 18, 37, 43, 59, 60]",6,"[11, 18, 37, 43, 48, 58, 59, 60]",8,"[11, 18, 30, 37, 43, 48, 59, 60]",8,"[11, 18, 30, 37, 43, 48, 58, 59, 60]",9,"[11, 18, 30, 37, 43, 48, 58, 59, 60]",9,"[11, 18, 37, 43, 48, 58, 59, 60]",8,"[11, 18, 30, 37, 43, 58, 59, 60]",8,"[11, 18, 30, 37, 43, 48, 58, 59, 60]",9,"[11, 18, 30, 37, 43, 48, 58, 59, 60]",9,"[11, 18, 30, 37, 43, 48, 58, 59, 60]",9,"[11, 18, 30, 37, 43, 48, 58, 59, 60]",9,"[11, 18, 30, 37, 43, 48, 58, 59, 60]",9,"[11, 18, 30, 37, 43, 48, 58, 59, 60]",9,"[11, 18, 30, 37, 43, 48, 58, 59, 60]",9
0,7,"[2, 4, 7, 12, 21, 27, 29, 37, 40, 63]",10,"[2, 4, 7, 12, 21, 27, 29, 37, 40, 63]",10,"[2, 4, 7, 12, 21, 27, 29, 37, 40, 63]",10,"[2, 4, 7, 12, 21, 27, 29, 37, 40, 63]",10,"[2, 4, 7, 12, 21, 27, 29, 37, 40, 63]",10,"[2, 4, 7, 12, 21, 27, 29, 37, 40, 63]",10,"[2, 4, 7, 12, 21, 27, 29, 37, 40, 63]",10,"[2, 4, 7, 12, 21, 27, 29, 37, 40, 63]",10,"[2, 4, 7, 12, 21, 27, 29, 37, 40, 63]",10,"[2, 4, 7, 12, 21, 27, 29, 37, 40, 63]",10,"[2, 4, 7, 12, 21, 27, 29, 37, 40, 63]",10,"[2, 4, 7, 12, 21, 27, 29, 37, 40, 63]",10,"[2, 4, 7, 12, 21, 27, 29, 37, 40, 63]",10,"[2, 4, 7, 12, 21, 27, 29, 37, 40, 63]",10,"[2, 4, 7, 12, 21, 27, 29, 37, 40, 63]",10,"[2, 4, 7, 12, 21, 27, 29, 37, 40, 63]",10,"[2, 4, 7, 12, 21, 27, 29, 37, 40, 63]",10,"[2, 4, 7, 12, 21, 27, 29, 37, 40, 63]",10,"[2, 4, 7, 12, 21, 27, 29, 37, 40, 63]",10,"[2, 4, 7, 12, 21, 27, 29, 37, 40, 63]",10
0,8,"[9, 20, 30, 34, 37, 42, 45, 49, 53, 57]",10,"[9, 20, 30, 34, 42, 45, 49, 53, 57]",9,"[9, 20, 30, 34, 37, 42, 45, 49, 53, 57]",10,"[9, 20, 30, 34, 37, 42, 45, 49, 53, 57]",10,"[9, 20, 30, 34, 37, 42, 45, 49, 53, 57]",10,"[9, 20, 30, 34, 37, 42, 45, 49, 53, 57]",10,"[9, 20, 30, 34, 37, 42, 45, 49, 53, 57]",10,"[9, 20, 30, 34, 37, 42, 45, 49, 57]",9,"[9, 20, 30, 34, 37, 42, 45, 49, 53, 57]",10,"[1, 9, 20, 30, 34, 37, 42, 45, 49, 57]",10,"[9, 20, 30, 34, 37, 42, 45, 49, 53, 57]",10,"[1, 9, 20, 30, 34, 37, 42, 45, 49, 57]",10,"[1, 9, 20, 30, 34, 37, 42, 45, 49, 53, 57]",11,"[1, 9, 20, 30, 34, 37, 42, 45, 49, 57]",10,"[1, 9, 20, 30, 34, 37, 42, 45, 49, 57]",10,"[1, 9, 20, 30, 34, 37, 42, 45, 49, 57]",10,"[1, 9, 20, 30, 34, 37, 42, 45, 49, 57]",10,"[1, 9, 20, 30, 34, 37, 45, 49, 57]",9,"[1, 9, 20, 30, 34, 37, 42, 45, 49, 57]",10,"[1, 9, 20, 30, 34, 37, 45, 46, 49, 57]",10
0,9,"[2, 12, 16, 17, 36, 39, 43, 59, 63]",9,"[2, 12, 17, 36, 39, 43, 59, 63]",8,"[2, 12, 16, 17, 25, 36, 39, 43, 59, 63]",10,"[2, 12, 17, 25, 36, 39, 43, 59, 63]",9,"[2, 12, 17, 25, 36, 39, 43, 59, 63]",9,"[2, 12, 16, 17, 25, 36, 39, 43, 48, 59, 63]",11,"[2, 12, 16, 17, 25, 36, 39, 43, 59, 63]",10,"[2, 12, 16, 17, 25, 36, 39, 59, 63]",9,"[2, 12, 16, 17, 25, 36, 39, 43, 48, 63]",10,"[2, 12, 16, 17, 25, 36, 39, 48, 59, 63]",10,"[2, 12, 16, 17, 25, 36, 39, 43, 55]",9,"[2, 12, 16, 17, 25, 36, 39, 43, 48, 59]",10,"[2, 12, 16, 17, 25, 36, 39, 55, 59]",9,"[2, 12, 16, 17, 25, 36, 39, 48, 55, 59]",10,"[2, 12, 16, 17, 25, 36, 39, 55]",8,"[2, 12, 16, 17, 25, 36, 39, 48, 55]",9,"[2, 12, 16, 17, 25, 36, 39, 42, 48, 55]",10,"[2, 12, 16, 17, 25, 36, 39, 48, 55]",9,"[2, 12, 16, 17, 25, 36, 39, 42, 48, 55, 61]",11,"[2, 12, 16, 17, 25, 36, 39, 48, 55]",9
0,10,"[11, 15, 29, 33, 36, 49]",6,"[11, 15, 29, 33, 36, 49, 59]",7,"[6, 11, 15, 33, 36, 49, 53]",7,"[1, 6, 11, 15, 29, 33, 36, 49, 59]",9,"[1, 6, 11, 15, 16, 36, 49]",7,"[1, 6, 11, 15, 29, 33, 36, 49, 59]",9,"[1, 6, 11, 15, 36, 47, 49, 51]",8,"[1, 6, 11, 15, 36, 47, 49, 59]",8,"[6, 11, 15, 36, 38, 47, 49, 51]",8,"[1, 6, 11, 13, 15, 36, 47, 49]",8,"[1, 6, 11, 15, 16, 36, 51]",7,"[1, 6, 11, 13, 15, 16, 36, 49, 51, 59]",10,"[6, 11, 15, 16, 36, 47, 51]",7,"[1, 6, 11, 15, 16, 36, 49, 51]",8,"[6, 11, 15, 16, 36, 47, 51, 60]",8,"[1, 6, 11, 13, 15, 16, 36, 49, 51]",9,"[6, 11, 15, 16, 36, 38, 51, 60, 63]",9,"[1, 6, 11, 13, 15, 16, 36, 38, 51]",9,"[6, 11, 15, 16, 36, 47, 51, 58, 60]",9,"[1, 6, 11, 13, 15, 16, 36, 38, 51, 60]",10
0,11,"[0, 9, 40]",3,"[0, 9, 40, 44, 63]",5,"[0, 9, 40, 63]",4,"[0, 9, 36, 40, 63]",5,"[0, 9, 19, 40, 63]",5,"[0, 9, 34, 40, 42, 63]",6,"[0, 9, 34, 40, 63]",5,"[0, 9, 34, 36, 40, 63]",6,"[0, 9, 19, 34, 37, 40, 42, 46, 48, 63]",10,"[0, 9, 19, 34, 37, 40, 42, 46, 48, 63]",10,"[0, 9, 19, 34, 37, 40, 42, 46, 48, 63]",10,"[0, 9, 19, 34, 37, 40, 42, 46, 48, 63]",10,"[0, 9, 19, 34, 36, 37, 40, 42, 46, 48, 63]",11,"[0, 9, 34, 36, 37, 40, 42, 46, 48, 63]",10,"[0, 9, 19, 34, 36, 37, 40, 42, 46, 48, 63]",11,"[0, 9, 19, 34, 37, 40, 42, 46, 48, 63]",10,"[0, 9, 19, 36, 37, 40, 42, 46, 48, 63]",10,"[0, 9, 19, 36, 37, 40, 42, 46, 48, 63]",10,"[0, 9, 19, 34, 36, 37, 40, 42, 46, 48, 63]",11,"[0, 9, 19, 34, 36, 37, 40, 42, 46, 48, 63]",11
1,0,"[3, 7, 10, 26, 42, 44, 48, 50, 59]",9,"[3, 7, 10, 26, 42, 44, 48, 59]",8,"[3, 7, 10, 30, 42, 44, 53, 55, 59]",9,"[3, 10, 11, 30, 42, 44, 53, 55]",8,"[3, 7, 10, 30, 42, 44, 55, 59, 62]",9,"[3, 11, 24, 30, 44, 46, 55]",7,"[3, 7, 12, 24, 30, 44, 45, 46, 55, 62]",10,"[3, 11, 12, 24, 30, 44, 45, 46, 55, 60]",10,"[7, 12, 24, 30, 44, 45, 46, 55, 62]",9,"[7, 12, 24, 30, 44, 45, 46, 55, 60, 62]",10,"[7, 12, 24, 30, 44, 45, 46, 55, 60, 62]",10,"[7, 12, 24, 30, 44, 45, 46, 55, 60, 62]",10,"[7, 12, 24, 30, 44, 45, 55, 60, 62]",9,"[7, 12, 24, 30, 44, 45, 55, 60, 62]",9,"[7, 12, 20, 24, 30, 44, 45, 47, 55, 62]",10,"[7, 12, 20, 24, 30, 44, 45, 47, 55, 62]",10,"[7, 12, 20, 24, 30, 44, 45, 47, 55, 62]",10,"[7, 12, 20, 24, 30, 44, 45, 47, 55, 62]",10,"[7, 12, 20, 24, 30, 44, 45, 47, 55, 62]",10,"[7, 12, 20, 24, 30, 44, 45, 47, 55, 62]",10
1,1,"[4, 8, 26, 40, 42, 48, 62]",7,"[4, 8, 26, 40, 42, 48, 62]",7,"[4, 8, 12, 40, 42, 48]",6,"[4, 8, 26, 27, 40, 42, 48, 62]",8,"[4, 8, 12, 27, 40, 48, 62]",7,"[4, 8, 12, 27, 40, 48, 62]",7,"[4, 8, 12, 21, 27, 40, 48, 62]",8,"[1, 4, 8, 12, 21, 27, 40, 48, 62]",9,"[2, 4, 12, 21, 27, 40, 48, 62]",8,"[1, 4, 12, 21, 27, 40, 48, 62]",8,"[1, 4, 12, 21, 27, 40, 48, 62]",8,"[4, 12, 21, 27, 40, 41, 42, 48, 62]",9,"[1, 2, 4, 12, 21, 27, 40, 41, 48, 56, 62]",11,"[1, 4, 12, 27, 40, 41, 48, 56, 62]",9,"[1, 4, 12, 21, 27, 40, 48, 56, 62]",9,"[1, 4, 12, 21, 27, 40, 41, 42, 48]",9,"[12, 21, 27, 31, 40, 41, 48, 56, 62]",9,"[1, 12, 21, 27, 40, 41, 42, 56]",8,"[12, 15, 21, 27, 29, 31, 40, 41, 48, 56]",10,"[3, 12, 21, 27, 29, 31, 41, 42, 56]",9
1,2,"[1, 3, 8, 13, 28, 39, 50, 57, 59]",9,"[8, 27, 39, 44, 50, 59, 63]",7,"[3, 8, 28, 34, 39, 50, 57, 59]",8,"[8, 27, 34, 39, 50, 59, 63]",7,"[3, 8, 27, 28, 34, 39, 59]",7,"[3, 8, 27, 34, 35, 39, 59, 60, 63]",9,"[8, 27, 34, 39, 59, 63]",6,"[3, 8, 27, 34, 35, 39, 59, 60, 63]",9,"[3, 8, 27, 34, 39, 59, 63]",7,"[3, 4, 8, 27, 34, 35, 39, 59, 60, 63]",10,"[3, 7, 8, 27, 34, 35, 39, 59, 63]",9,"[3, 8, 21, 27, 34, 35, 39, 59, 63]",9,"[7, 8, 15, 21, 27, 34, 35, 39, 58, 59, 63]",11,"[3, 4, 8, 21, 24, 27, 34, 35, 39]",9,"[8, 21, 24, 27, 34, 35, 39, 58, 59]",9,"[3, 4, 8, 21, 24, 27, 34, 35, 39, 58]",10,"[7, 15, 21, 24, 27, 34, 35, 39, 58, 59]",10,"[3, 4, 21, 24, 27, 34, 35, 39, 58]",9,"[7, 15, 21, 24, 27, 35, 39, 58, 59]",9,"[3, 4, 21, 24, 27, 34, 35, 39, 58]",9
1,3,"[3, 10, 22, 44, 58]",5,"[3, 22, 44]",3,"[3, 10, 22, 37, 44]",5,"[22, 37, 44]",3,"[3, 10, 22, 37, 44]",5,"[22, 37, 44, 60]",4,"[2, 22, 37, 44]",4,"[37, 44]",2,"[2, 10, 37, 44]",4,"[37, 44]",2,"[2, 10, 37, 44]",4,"[31, 37, 44]",3,"[2, 37, 44]",3,"[31, 37, 44, 59]",4,"[2, 37, 44]",3,"[2, 13, 31, 35, 37, 44, 59]",7,"[2, 19, 20, 37, 44]",5,"[2, 13, 19, 20, 31, 35, 37, 44, 59]",9,"[2, 13, 19, 20, 35, 37, 43, 44, 59]",9,"[13, 19, 20, 31, 35, 37, 44, 59]",8
1,4,"[20, 24, 29, 35, 38, 39, 51, 59, 63]",9,"[20, 24, 35, 38, 39, 51, 63]",7,"[20, 24, 35, 38, 39, 51, 63]",7,"[20, 24, 35, 38, 39, 50, 51, 63]",8,"[20, 24, 34, 35, 38, 39, 50, 51, 63]",9,"[5, 20, 24, 35, 39, 50, 63]",7,"[20, 24, 34, 35, 39, 50]",6,"[5, 20, 24, 34, 35, 39, 50, 63]",8,"[5, 20, 24, 27, 34, 35, 39, 50]",8,"[5, 9, 20, 24, 27, 34, 35, 39, 50]",9,"[5, 9, 20, 24, 27, 34, 35, 39, 44, 50]",10,"[5, 9, 20, 24, 27, 34, 35, 39, 50]",9,"[5, 9, 20, 24, 27, 34, 35, 39, 44, 50]",10,"[5, 9, 20, 21, 24, 27, 34, 35, 39, 50]",10,"[5, 9, 20, 21, 24, 27, 34, 35, 39, 50]",10,"[5, 9, 20, 21, 24, 27, 34, 35, 39, 50]",10,"[5, 9, 20, 21, 24, 27, 34, 35, 39, 50]",10,"[5, 9, 20, 21, 24, 27, 34, 35, 39, 50]",10,"[5, 9, 20, 21, 24, 27, 34, 35, 39, 50]",10,"[5, 9, 20, 21, 24, 27, 34, 35, 39, 50]",10
1,5,"[1, 5, 10, 17, 23, 34, 41, 50]",8,"[0, 1, 10, 23, 25, 27, 31, 41]",8,"[1, 5, 10, 17, 23, 25, 34, 41]",8,"[0, 1, 10, 23, 25, 27, 31, 41]",8,"[1, 5, 17, 23, 34, 41, 44]",7,"[0, 1, 10, 23, 25, 27, 31, 41, 50]",9,"[1, 5, 17, 23, 34, 36, 44]",7,"[0, 1, 10, 23, 25, 27, 31, 41, 50]",9,"[1, 5, 17, 23, 34, 36, 44, 59]",8,"[0, 1, 10, 23, 25, 27, 31, 41, 50]",9,"[1, 5, 17, 34, 36, 44, 59]",7,"[0, 1, 10, 23, 25, 27, 31, 41, 50]",9,"[1, 5, 17, 34, 36, 44, 59, 61]",8,"[0, 1, 10, 23, 25, 27, 31, 41, 50]",9,"[5, 29, 33, 34, 36, 44, 55, 59, 61]",9,"[0, 1, 10, 23, 25, 27, 31, 41, 50]",9,"[5, 8, 29, 33, 34, 36, 44, 55, 59, 61]",10,"[0, 1, 10, 23, 25, 27, 31, 41, 50, 61]",10,"[5, 8, 22, 29, 33, 36, 44, 55, 59, 61]",10,"[0, 1, 10, 23, 25, 27, 31, 41, 50, 61]",10
1,6,"[18, 21, 22, 37, 45, 47, 57, 59]",8,"[18, 21, 22, 37, 45, 47, 57, 59]",8,"[16, 18, 21, 22, 37, 45, 47, 57, 59]",9,"[18, 21, 22, 37, 45, 47, 57, 59]",8,"[18, 21, 22, 37, 38, 45, 47, 57]",8,"[18, 21, 22, 37, 38, 45, 47, 57]",8,"[18, 21, 22, 37, 38, 39, 45, 47, 57]",9,"[18, 21, 22, 37, 38, 41, 47, 57]",8,"[18, 21, 22, 37, 38, 39, 45, 47, 57]",9,"[18, 22, 37, 38, 39, 41, 45, 47, 57]",9,"[18, 22, 37, 38, 39, 41, 45, 47, 57]",9,"[18, 22, 37, 38, 39, 41, 45, 47, 57]",9,"[18, 22, 37, 38, 39, 41, 45, 47, 57]",9,"[18, 22, 37, 38, 39, 41, 45, 47, 57]",9,"[18, 19, 22, 37, 38, 39, 41, 45, 47, 57]",10,"[18, 19, 22, 37, 38, 39, 45, 47, 57]",9,"[18, 19, 22, 37, 38, 39, 41, 45, 47, 57]",10,"[18, 19, 22, 37, 38, 39, 41, 47, 57]",9,"[18, 19, 22, 37, 38, 39, 41, 45, 47, 57]",10,"[18, 19, 20, 22, 37, 38, 39, 41, 47, 57]",10
1,7,"[16, 20, 25, 34, 38, 54, 57]",7,"[2, 8, 16, 20, 34, 38, 39, 42, 44]",9,"[16, 20, 34, 38, 39, 52, 54, 57, 58]",9,"[2, 8, 16, 20, 34, 39, 44]",7,"[20, 34, 38, 39, 57, 58]",6,"[2, 8, 16, 18, 20, 34, 38, 39]",8,"[20, 34, 38, 39, 52, 57, 58]",7,"[2, 8, 16, 20, 34, 39, 58]",7,"[20, 24, 32, 34, 39, 43, 52, 57, 58]",9,"[2, 8, 16, 34, 37, 58, 63]",7,"[15, 24, 32, 39, 43, 52, 55, 57, 58]",9,"[2, 34, 37, 38, 58, 63]",6,"[5, 15, 24, 32, 39, 43, 55, 57, 58, 63]",10,"[2, 13, 37, 43, 58, 63]",6,"[15, 24, 32, 39, 43, 55, 57, 58, 63]",9,"[2, 13, 24, 26, 37, 42, 58, 63]",8,"[15, 21, 24, 32, 39, 43, 55, 57, 58, 63]",10,"[2, 13, 24, 26, 32, 37, 43, 58, 63]",9,"[15, 21, 24, 32, 39, 43, 55, 57, 58, 63]",10,"[2, 13, 24, 26, 32, 37, 43, 58, 63]",9
1,8,"[5, 19, 22, 30, 34, 61]",6,"[5, 19, 22, 30, 33, 34, 49, 57]",8,"[5, 10, 19, 30, 33, 34, 61]",7,"[5, 19, 30, 33, 34, 49, 57, 61]",8,"[1, 5, 30, 33, 34]",5,"[5, 22, 30, 33, 34, 57]",6,"[5, 6, 10, 30, 33, 34]",6,"[5, 6, 30, 33, 34]",5,"[5, 6, 7, 10, 13, 30, 33, 34]",8,"[5, 6, 10, 30, 34]",5,"[5, 6, 7, 10, 13, 30, 33, 34, 59]",9,"[5, 6, 10, 30, 34, 48]",6,"[5, 6, 7, 10, 13, 30, 33, 34, 59]",9,"[5, 6, 7, 30, 34]",5,"[5, 6, 7, 10, 13, 30, 33, 34, 47, 59]",10,"[5, 6, 7, 26, 30, 34]",6,"[5, 6, 7, 10, 13, 18, 30, 33, 34, 47, 59]",11,"[0, 5, 6, 7, 26, 34, 35, 59]",8,"[5, 6, 7, 10, 13, 18, 30, 33, 34, 47, 59]",11,"[0, 5, 6, 7, 26, 33, 34, 35, 59]",9
1,9,"[10, 15, 27, 28, 35, 52, 56]",7,"[3, 10, 15, 27, 28, 52, 56]",7,"[10, 15, 27, 28, 35, 52, 56]",7,"[3, 10, 15, 27, 28, 52, 56]",7,"[9, 10, 15, 27, 28, 35, 52, 56]",8,"[3, 9, 10, 15, 20, 27, 28, 52, 56]",9,"[9, 10, 15, 20, 27, 28, 35, 52, 56]",9,"[9, 10, 15, 20, 28, 52, 56]",7,"[9, 10, 15, 20, 27, 28, 52, 56, 62]",9,"[9, 10, 15, 20, 27, 28, 44, 52, 56, 62]",10,"[9, 10, 15, 20, 25, 28, 52, 56, 62]",9,"[9, 10, 20, 25, 44, 52, 56, 62]",8,"[9, 10, 20, 25, 44, 52, 56, 62]",8,"[1, 9, 10, 20, 25, 44, 52, 56, 62]",9,"[1, 9, 20, 25, 32, 40, 44, 52, 56, 62]",10,"[1, 9, 20, 25, 32, 44, 52, 56, 62]",9,"[1, 9, 20, 25, 32, 40, 44, 56, 62]",9,"[1, 9, 20, 25, 32, 40, 44, 56, 62]",9,"[1, 2, 9, 20, 25, 32, 40, 44, 53, 62]",10,"[1, 9, 20, 25, 32, 40, 44, 53, 62]",9
1,10,"[15, 21, 24, 44, 61, 63]",6,"[6, 12, 15, 20, 21, 24, 44, 47, 61]",9,"[15, 20, 21, 24, 44, 61, 63]",7,"[6, 12, 15, 20, 21, 24, 44, 47, 61]",9,"[12, 15, 20, 21, 24, 44, 61]",7,"[6, 12, 15, 20, 21, 24, 44, 61]",8,"[12, 15, 20, 21, 24, 44, 61]",7,"[12, 15, 20, 21, 24, 26, 44, 61]",8,"[12, 15, 17, 20, 21, 24, 26, 44, 61]",9,"[12, 15, 19, 20, 21, 24, 26, 29, 44, 61]",10,"[12, 15, 17, 20, 21, 24, 26, 44, 50, 61]",10,"[12, 17, 19, 20, 21, 24, 26, 29, 44, 61]",10,"[10, 12, 15, 17, 19, 20, 21, 24, 26, 44, 50, 61]",12,"[10, 12, 17, 19, 20, 21, 24, 26, 29, 44, 61]",11,"[10, 12, 15, 17, 19, 20, 26, 44, 50, 61]",10,"[10, 12, 17, 19, 20, 21, 26, 29, 44, 61]",10,"[4, 10, 12, 15, 17, 19, 20, 26, 50, 61]",10,"[10, 12, 17, 19, 20, 26, 29, 44, 61]",9,"[4, 10, 12, 15, 17, 19, 20, 26, 50, 61]",10,"[10, 12, 17, 19, 20, 26, 29, 44, 50, 61]",10
1,11,"[1, 2, 6, 13, 15, 21, 33, 52]",8,"[2, 7, 13, 15, 18, 21, 33, 48, 52, 54]",10,"[2, 7, 13, 15, 18, 21, 33, 48, 52, 54]",10,"[2, 7, 13, 15, 18, 21, 33, 48, 52]",9,"[2, 7, 13, 15, 18, 21, 33, 48, 52]",9,"[2, 7, 13, 15, 18, 21, 33, 48, 52]",9,"[2, 7, 13, 15, 18, 21, 33, 48, 52]",9,"[2, 7, 13, 15, 18, 21, 33, 48, 52]",9,"[2, 7, 13, 15, 18, 33, 48, 52]",8,"[2, 7, 13, 15, 18, 21, 33, 48]",8,"[2, 7, 13, 15, 18, 33, 46, 48, 54]",9,"[2, 7, 12, 13, 15, 18, 27, 33, 46, 48]",10,"[2, 7, 12, 13, 18, 27, 33, 46, 48, 54]",10,"[2, 7, 12, 13, 18, 27, 33, 46, 48]",9,"[2, 7, 12, 13, 18, 27, 33, 46, 48, 54]",10,"[7, 12, 13, 18, 27, 33, 46, 48]",8,"[7, 12, 13, 18, 27, 33, 37, 46, 48, 54]",10,"[7, 12, 13, 18, 27, 33, 37, 46, 48]",9,"[7, 12, 13, 18, 27, 33, 37, 46, 48, 54]",10,"[7, 12, 13, 18, 27, 33, 37, 40, 46, 48]",10
2,0,"[12, 23, 26, 30, 40, 41, 45, 56, 57, 59]",10,"[12, 23, 26, 30, 45, 56, 57, 59]",8,"[12, 23, 30, 41, 45, 56, 57, 59]",8,"[12, 30, 41, 45, 51, 56, 57, 59]",8,"[12, 23, 30, 41, 45, 51, 57, 59]",8,"[12, 30, 41, 45, 51, 57, 59]",7,"[12, 18, 30, 41, 45, 51, 57, 59]",8,"[12, 30, 41, 45, 51, 52, 57, 59]",8,"[18, 23, 30, 41, 45, 47, 51, 57, 59]",9,"[18, 23, 30, 41, 45, 51, 57, 59]",8,"[18, 23, 30, 41, 45, 51, 57, 59]",8,"[18, 23, 30, 41, 45, 51, 57, 59]",8,"[18, 30, 41, 45, 47, 51, 57]",7,"[18, 30, 41, 45, 47, 51, 57]",7,"[18, 23, 30, 35, 41, 45, 47, 51, 57]",9,"[18, 23, 30, 35, 41, 45, 47, 57]",8,"[18, 30, 35, 41, 45, 46, 47, 51, 57]",9,"[18, 30, 35, 41, 45, 46, 47, 48, 57]",9,"[2, 18, 30, 35, 41, 45, 46, 47, 51, 57]",10,"[18, 30, 35, 41, 45, 46, 47, 48, 57]",9
2,1,"[10, 15, 29, 35, 51, 55, 59]",7,"[10, 15, 29, 35, 51, 55, 59]",7,"[7, 11, 15, 29, 35, 50, 51, 55]",8,"[6, 7, 10, 15, 29, 35, 50, 51, 55]",9,"[1, 6, 7, 11, 29, 35, 50, 51, 55]",9,"[1, 6, 7, 11, 29, 35, 50, 51, 55]",9,"[1, 6, 7, 11, 29, 35, 50, 51, 55]",9,"[1, 6, 7, 11, 29, 35, 50, 51, 55]",9,"[1, 6, 7, 27, 29, 35, 50, 51, 55]",9,"[1, 6, 7, 11, 27, 29, 35, 50, 51, 55]",10,"[1, 6, 7, 27, 29, 35, 50, 51, 54, 55]",10,"[1, 6, 7, 27, 29, 35, 50, 51, 54, 55]",10,"[1, 6, 7, 27, 35, 38, 50, 51, 55]",9,"[1, 6, 7, 27, 35, 38, 50, 51, 55, 61]",10,"[1, 6, 27, 35, 38, 50, 51, 54, 55, 57, 61]",11,"[1, 6, 27, 35, 38, 50, 51, 54, 55, 57]",10,"[1, 6, 27, 35, 38, 51, 54, 55, 57, 61]",10,"[1, 27, 32, 35, 38, 51, 54, 55, 57]",9,"[6, 9, 27, 35, 38, 51, 54, 55, 57, 61]",10,"[1, 27, 32, 35, 38, 51, 54, 55, 57]",9
2,2,"[3, 11, 18, 26, 27, 28, 29, 33, 34, 37]",10,"[3, 11, 26, 28, 29, 35, 60]",7,"[3, 18, 26, 27, 28, 29, 33, 34, 37]",9,"[3, 11, 26, 28, 29, 35, 60]",7,"[3, 18, 26, 27, 28, 29, 33, 34, 37, 41]",10,"[11, 26, 28, 29, 35, 60]",6,"[3, 26, 27, 28, 29, 33, 34, 35, 37]",9,"[11, 19, 26, 28, 29, 40, 48, 60]",8,"[26, 27, 29, 33, 34, 35, 37]",7,"[11, 19, 26, 28, 29, 40, 48, 60]",8,"[26, 27, 29, 31, 33, 34, 35, 37, 50]",9,"[11, 19, 26, 28, 29, 31, 40, 60]",8,"[26, 27, 29, 34, 35, 37, 40, 50]",8,"[11, 19, 26, 28, 29, 40, 48, 60]",8,"[26, 27, 29, 31, 34, 37, 40, 50]",8,"[11, 19, 26, 28, 29, 40, 48, 60]",8,"[26, 27, 29, 31, 37, 40, 50]",7,"[11, 19, 26, 28, 29, 33, 40, 60]",8,"[15, 19, 25, 26, 27, 29, 37, 40, 62]",9,"[11, 15, 19, 25, 28, 29, 33, 40, 58, 60]",10
2,3,"[5, 41, 44, 45, 53, 61]",6,"[5, 41, 45, 53, 58, 61]",6,"[2, 5, 41, 44, 45, 53, 61]",7,"[5, 9, 14, 19, 53, 54, 58]",7,"[2, 5, 19, 44, 45, 53]",6,"[5, 9, 19, 24, 53, 54, 58]",7,"[5, 7, 19, 24, 49, 53]",6,"[5, 7, 9, 19, 24, 53, 54, 58]",8,"[5, 7, 19, 24, 49, 52, 53, 58]",8,"[5, 7, 9, 19, 24, 49, 54, 57, 58]",9,"[5, 7, 19, 24, 49, 52, 53, 58]",8,"[5, 7, 9, 15, 19, 24, 54, 57, 58]",9,"[5, 7, 19, 24, 49, 52, 53, 57]",8,"[5, 7, 15, 19, 24, 36, 52, 54, 57, 58]",10,"[5, 7, 19, 24, 49, 52, 57]",7,"[7, 15, 19, 24, 27, 36, 49, 52, 54, 57]",10,"[5, 7, 15, 19, 24, 49, 52, 57]",8,"[7, 15, 19, 24, 27, 36, 49, 52, 54, 57]",10,"[5, 7, 15, 19, 20, 24, 29, 49, 52, 57]",10,"[7, 15, 19, 24, 27, 29, 36, 49, 52, 54, 57]",11
2,4,"[7, 8, 24, 27, 29, 32, 35, 59]",8,"[4, 6, 7, 14, 24, 29, 34, 36, 42]",9,"[7, 8, 24, 27, 29, 32, 35, 59]",8,"[4, 6, 7, 14, 24, 29, 34, 36, 42]",9,"[7, 8, 24, 27, 29, 32, 35]",7,"[4, 6, 7, 14, 24, 29, 34, 36, 42, 59]",10,"[7, 8, 24, 27, 29, 32]",6,"[4, 6, 7, 14, 24, 29, 34, 36, 42, 59]",10,"[7, 8, 22, 24, 27, 28, 29, 32]",8,"[4, 6, 14, 24, 29, 34, 36, 42, 59]",9,"[6, 7, 22, 24, 27, 28, 29, 32]",8,"[4, 6, 14, 24, 29, 34, 36, 42, 59]",9,"[4, 6, 7, 22, 24, 27, 28, 32]",8,"[4, 6, 14, 24, 29, 34, 36, 42, 53, 59]",10,"[4, 6, 7, 18, 22, 24, 27, 28, 32]",9,"[4, 6, 14, 24, 29, 34, 36, 42, 53, 59]",10,"[6, 7, 18, 22, 24, 27, 28, 32]",8,"[4, 6, 14, 24, 29, 34, 36, 42, 53, 59]",10,"[4, 6, 7, 18, 22, 24, 27, 28, 32]",9,"[4, 6, 14, 24, 34, 36, 42, 56, 59]",9
2,5,"[2, 5, 28, 42, 45, 54]",6,"[2, 5, 28, 41, 42, 45, 54]",7,"[2, 5, 19, 28, 45, 54, 59]",7,"[2, 5, 7, 19, 26, 28, 40, 54, 59]",9,"[2, 5, 19, 26, 28, 45, 54, 59]",8,"[2, 5, 7, 19, 26, 28, 40, 54, 59]",9,"[2, 5, 26, 28, 45, 54, 59]",7,"[2, 5, 7, 26, 28, 32, 39, 54, 59]",9,"[2, 5, 26, 28, 32, 54, 59]",7,"[2, 5, 26, 28, 32, 39, 54, 59]",8,"[2, 5, 24, 26, 28, 32, 45, 54, 59]",9,"[2, 5, 24, 26, 28, 32, 39, 49, 54, 59]",10,"[2, 5, 24, 26, 28, 32, 39, 54, 59]",9,"[2, 5, 24, 26, 28, 32, 39, 54, 59]",9,"[2, 5, 15, 24, 28, 32, 39, 54, 59]",9,"[2, 5, 15, 24, 28, 32, 39, 54, 59]",9,"[2, 5, 15, 24, 32, 39, 54, 59]",8,"[2, 5, 15, 24, 32, 39, 54, 59]",8,"[2, 15, 24, 32, 39, 54, 59]",7,"[2, 15, 24, 32, 39, 52, 54, 59]",8
2,6,"[16, 33, 34, 37, 40, 54, 56]",7,"[16, 33, 34, 37, 40, 54, 56, 58]",8,"[16, 34, 37, 40, 54, 56]",6,"[12, 34, 37, 40, 54, 56, 58]",7,"[16, 34, 37, 40, 54, 56, 58]",7,"[12, 16, 34, 37, 40, 54, 56, 58]",8,"[16, 34, 37, 40, 50, 54, 56, 58, 61]",9,"[34, 37, 40, 50, 54, 56, 58]",7,"[16, 34, 37, 40, 50, 54, 56, 58, 61]",9,"[34, 37, 40, 44, 50, 54, 56, 58]",8,"[12, 16, 34, 37, 40, 44, 54, 56, 58, 61]",10,"[34, 37, 44, 50, 54, 56, 58]",7,"[1, 34, 37, 44, 50, 54, 56, 58, 61]",9,"[1, 18, 34, 37, 44, 50, 54, 56, 58]",9,"[6, 18, 34, 37, 44, 56, 58, 61]",8,"[1, 18, 37, 44, 50, 54, 56, 58]",8,"[1, 12, 16, 18, 37, 44, 56, 58, 61]",9,"[1, 6, 18, 37, 44, 50, 56, 58, 61]",9,"[1, 16, 23, 37, 44, 56, 58, 61]",8,"[1, 16, 23, 37, 44, 50, 56, 58, 61]",9
2,7,"[1, 15, 32, 48, 56, 58]",6,"[15, 19, 25, 32, 48, 58, 63]",7,"[1, 15, 32, 48, 56, 58, 63]",7,"[1, 14, 15, 19, 25, 26, 58]",7,"[1, 15, 31, 32, 42, 48, 56, 58]",8,"[1, 3, 15, 25, 48, 58]",6,"[1, 15, 31, 32, 42, 48, 56, 58]",8,"[1, 3, 14, 15, 25, 26, 48, 58]",8,"[1, 3, 15, 27, 31, 32, 42, 48, 56, 58]",10,"[1, 3, 14, 15, 23, 25, 58]",7,"[1, 3, 27, 31, 42, 48, 56, 58]",8,"[1, 3, 14, 15, 25, 58]",6,"[1, 3, 27, 42, 48, 56, 58]",7,"[1, 3, 14, 15, 23, 25, 58]",7,"[3, 11, 20, 27, 42, 48, 50, 56, 58]",9,"[1, 3, 14, 15, 21, 23, 25, 58]",8,"[3, 11, 14, 20, 27, 42, 48, 50, 56, 58]",10,"[1, 3, 14, 15, 21, 23, 25, 31, 58]",9,"[1, 3, 11, 14, 20, 27, 42, 48, 56, 58]",10,"[1, 3, 14, 23, 25, 31, 58]",7
2,8,"[4, 16, 23, 29, 41, 43, 44, 46, 49]",9,"[4, 16, 23, 29, 41, 43, 44, 46, 49]",9,"[4, 23, 43, 44, 46, 49]",6,"[4, 23, 43, 44, 46, 49]",6,"[4, 33, 46, 48, 49, 56]",6,"[4, 34, 46, 48, 49]",5,"[4, 20, 26, 34, 43, 48, 49]",7,"[4, 26, 34, 48]",4,"[4, 20, 26, 33, 34, 35, 48, 49]",8,"[4, 26, 34, 48]",4,"[4, 20, 26, 34, 35, 48]",6,"[4, 17, 26, 34, 35, 48]",6,"[4, 14, 17, 26, 34, 35, 48, 49]",8,"[4, 16, 17, 26, 34, 35, 48]",7,"[4, 14, 17, 20, 25, 26, 34, 35, 48]",9,"[4, 17, 25, 26, 34, 35, 48]",7,"[4, 14, 17, 20, 25, 26, 34, 35, 48]",9,"[4, 17, 25, 26, 34, 35, 48, 58]",8,"[4, 14, 17, 25, 26, 34, 35, 48]",8,"[4, 17, 25, 26, 34, 35, 48, 58]",8
2,9,"[20, 26, 27, 42, 56, 58]",6,"[3, 10, 20, 32, 56, 58]",6,"[20, 26, 27, 42, 56, 58]",6,"[3, 10, 20, 32, 56, 58]",6,"[20, 26, 27, 42, 56, 58]",6,"[10, 20, 32, 36, 56]",5,"[20, 26, 27, 42, 56, 58]",6,"[10, 20, 32, 36, 56, 58]",6,"[20, 22, 27, 36, 42, 50, 58, 62]",8,"[10, 20, 32, 36, 56, 58]",6,"[20, 22, 27, 36, 40, 42, 50, 58, 62]",9,"[10, 20, 32, 36, 42, 58]",6,"[20, 22, 27, 36, 40, 42, 50, 52, 58, 62]",10,"[10, 20, 32, 36]",4,"[20, 22, 27, 36, 40, 42, 44, 50, 58, 62]",10,"[10, 11, 20, 27, 32, 36]",6,"[20, 27, 36, 40, 42, 44, 52, 58, 61, 62]",10,"[10, 20, 27, 30, 32, 36, 42, 47, 57]",9,"[20, 27, 36, 40, 42, 44, 58, 61, 62]",9,"[10, 20, 21, 27, 32, 36, 42, 57]",8
2,10,"[2, 4, 15, 20, 28, 36, 43, 51]",8,"[2, 4, 15, 28, 36, 51]",6,"[2, 4, 15, 28, 36, 43, 51]",7,"[2, 4, 28, 36, 51]",5,"[2, 4, 28, 36, 43, 51]",6,"[2, 4, 28, 36, 39, 51]",6,"[2, 4, 28, 36, 39, 43, 51]",7,"[2, 4, 28, 36, 39, 43, 51]",7,"[4, 15, 28, 36, 39, 43, 51]",7,"[2, 4, 28, 36, 39, 43, 59]",7,"[4, 15, 28, 36, 39, 49, 51]",7,"[2, 4, 28, 36, 39, 59]",6,"[4, 15, 28, 36, 39, 49, 51, 54]",8,"[2, 4, 28, 36, 39, 43, 59]",7,"[4, 15, 28, 36, 39, 43, 49, 51, 54]",9,"[2, 4, 28, 36, 39, 43, 59]",7,"[4, 15, 19, 28, 36, 39, 43, 49, 51, 54]",10,"[2, 20, 28, 36, 39, 43, 59, 61]",8,"[6, 15, 19, 28, 39, 43, 49, 51, 54]",9,"[2, 28, 36, 39, 43, 59, 61]",7
2,11,"[8, 10, 40, 53]",4,"[8, 35, 40, 53, 58]",5,"[1, 8, 26, 30, 44, 53]",6,"[1, 26, 30, 35, 39, 40, 53]",7,"[1, 8, 12, 26, 30, 53]",6,"[1, 5, 8, 26, 35, 40, 53]",7,"[1, 8, 12, 22, 26, 39, 53]",7,"[1, 5, 8, 26, 35, 39, 40, 53]",8,"[8, 12, 15, 30, 39, 53, 59]",7,"[1, 5, 8, 39, 40, 53]",6,"[5, 8, 12, 15, 35, 39, 53, 54, 59]",9,"[1, 5, 8, 39]",4,"[8, 9, 12, 15, 35, 53, 54, 59]",8,"[5, 8, 39, 40, 59]",5,"[5, 8, 12, 15, 35, 41, 54, 59]",8,"[5, 8, 14, 35, 39, 59]",6,"[5, 8, 9, 12, 15, 35, 41, 54, 59]",9,"[2, 5, 8, 20, 39, 51, 59]",7,"[8, 9, 12, 15, 35, 41, 42, 54, 59]",9,"[2, 5, 8, 20, 39, 59]",6
3,0,"[1, 12, 24, 37, 41, 42, 49, 52, 58]",9,"[2, 15, 18, 20, 41, 45, 47, 49]",8,"[9, 24, 42, 49, 52, 58]",6,"[15, 18, 41, 45, 47, 49]",6,"[9, 24, 32, 42, 49, 58]",6,"[2, 15, 18, 43, 45, 47, 49]",7,"[1, 9, 15, 18, 24, 32, 42, 46, 58]",9,"[1, 15, 18, 43, 45, 47, 49]",7,"[1, 9, 15, 24, 28, 32, 46, 58]",8,"[1, 2, 9, 15, 17, 18, 43, 45]",8,"[9, 15, 24, 32, 34, 46, 58]",7,"[9, 15, 17, 18, 43, 46, 47, 53]",8,"[9, 15, 16, 24, 32, 34, 46]",7,"[9, 15, 17, 18, 43, 46, 47, 53]",8,"[9, 10, 15, 16, 24, 34, 46, 63]",8,"[9, 15, 17, 18, 43, 46, 47, 53]",8,"[9, 10, 13, 15, 16, 34, 46, 63]",8,"[9, 13, 15, 17, 43, 46, 53]",7,"[9, 10, 11, 14, 15, 16, 26, 46, 48]",9,"[1, 9, 15, 17, 18, 43, 46, 53]",8
3,1,"[14, 16, 45, 48, 49, 51, 63]",7,"[14, 18, 42, 45, 51, 63]",6,"[16, 45, 48, 49, 51, 63]",6,"[14, 16, 42, 45, 49, 51]",6,"[16, 45, 48, 49, 51, 63]",6,"[16, 42, 43, 49, 51]",5,"[16, 42, 45, 48, 49, 51]",6,"[16, 37, 42, 43, 49, 51, 59]",7,"[16, 37, 42, 48, 49, 51]",6,"[4, 16, 37, 42, 43, 49, 51, 55]",8,"[16, 37, 42, 48, 49, 51, 53]",7,"[4, 7, 16, 37, 42, 43, 49, 51]",8,"[7, 16, 37, 42, 43, 49, 51, 53]",8,"[4, 7, 16, 37, 42, 43, 49, 51, 53]",9,"[7, 16, 37, 42, 43, 49, 51, 53]",8,"[4, 7, 16, 37, 42, 49, 51, 53, 55]",9,"[4, 7, 16, 37, 42, 43, 49, 50, 51, 53]",10,"[4, 7, 16, 37, 42, 49, 51, 55]",8,"[4, 7, 16, 37, 42, 49, 50, 51, 53]",9,"[4, 7, 16, 37, 42, 49, 50, 51, 55, 59]",10
3,2,"[1, 3, 4, 16, 29, 38, 53]",7,"[1, 3, 4, 16, 29, 38, 53]",7,"[1, 4, 16, 29, 38, 39, 45]",7,"[1, 4, 16, 29, 38, 39, 45, 53, 54]",9,"[1, 4, 16, 29, 39, 53]",6,"[1, 4, 16, 29, 39, 48, 53, 54]",8,"[1, 4, 16, 29, 39, 48, 54]",7,"[1, 4, 29, 39, 48, 53]",6,"[1, 4, 18, 29, 39, 48, 49]",7,"[1, 4, 29, 39, 48, 53]",6,"[0, 1, 4, 18, 29, 39, 48, 49, 53]",9,"[0, 1, 4, 29, 39, 48, 53]",7,"[0, 1, 4, 18, 29, 48, 49, 53]",8,"[0, 1, 4, 29, 48, 49, 53]",7,"[0, 1, 4, 19, 44, 48, 49, 53]",8,"[0, 1, 4, 35, 44, 48, 49, 53, 55]",9,"[0, 1, 4, 19, 44, 48, 49, 53, 55]",9,"[0, 4, 19, 35, 44, 48, 49, 53, 55]",9,"[0, 4, 19, 35, 44, 48, 49, 53, 55]",9,"[0, 4, 19, 35, 44, 48, 49, 53, 55]",9
3,3,"[57, 62]",2,"[23, 30, 31, 36, 37, 42, 60, 62]",8,"[30, 42, 49, 57, 59]",5,"[30, 31, 36, 37, 42, 49, 60, 62]",8,"[30, 37, 42, 49, 57, 59, 61]",7,"[30, 31, 36, 37, 42, 49, 59, 60, 62]",9,"[30, 37, 42, 49, 57, 61]",6,"[30, 31, 33, 36, 37, 42, 49, 60, 61, 62]",10,"[0, 14, 30, 37, 42, 49, 57, 61]",8,"[30, 31, 33, 36, 37, 42, 49, 59, 60, 61]",10,"[0, 14, 19, 30, 37, 42, 49, 57, 61]",9,"[30, 31, 33, 36, 37, 42, 49, 59, 60, 61]",10,"[0, 14, 19, 30, 37, 42, 49, 57, 61]",9,"[20, 30, 31, 33, 36, 37, 42, 49, 60, 61]",10,"[0, 12, 14, 30, 37, 42, 49, 57, 61]",9,"[30, 33, 36, 37, 42, 49, 60, 61]",8,"[12, 14, 30, 37, 42, 43, 49, 57, 61]",9,"[20, 30, 33, 36, 37, 42, 49, 60, 61]",9,"[12, 14, 37, 42, 43, 49, 57, 61]",8,"[20, 30, 33, 37, 49, 54, 60, 61]",8
3,4,"[15, 19, 23, 45, 58]",5,"[14, 15, 24, 32, 45, 51]",6,"[15, 19, 23, 45, 56, 58, 60]",7,"[14, 15, 24, 32, 45, 51]",6,"[19, 45, 50, 56, 58]",5,"[14, 15, 24, 32, 45, 57]",6,"[19, 25, 45, 50, 56, 58, 60]",7,"[2, 14, 15, 24, 45, 57]",6,"[19, 25, 39, 45, 50, 56, 60]",7,"[2, 14, 15, 45, 57]",5,"[19, 21, 25, 39, 45, 50, 56, 57, 60]",9,"[2, 14, 15, 45, 57, 63]",6,"[2, 19, 21, 25, 39, 45, 50, 56, 57, 60]",10,"[2, 13, 14, 15, 45, 57, 63]",7,"[2, 19, 21, 25, 39, 45, 50, 56, 57, 60]",10,"[2, 13, 14, 45, 50, 56, 57, 63]",8,"[2, 19, 20, 21, 25, 39, 50, 56, 57, 60]",10,"[2, 13, 14, 45, 50, 56, 57, 63]",8,"[19, 20, 21, 50, 56, 57, 60]",7,"[2, 13, 14, 20, 50, 56, 57, 63]",8
3,5,"[0, 1, 13, 17, 44]",5,"[1, 8, 20, 29, 44, 63]",6,"[13, 17, 26, 44, 51]",5,"[8, 20, 44, 63]",4,"[2, 8, 26]",3,"[8, 20, 29, 44, 63]",5,"[2, 8, 26, 51]",4,"[8, 12, 20, 22, 44, 51, 63]",7,"[2, 8, 20, 21, 22, 26, 46, 54]",8,"[2, 8, 20, 22, 51, 54, 63]",7,"[2, 8, 20, 21, 22, 26, 46, 54]",8,"[2, 8, 12, 20, 22, 26, 63]",7,"[2, 8, 12, 20, 21, 22, 26, 46, 54]",9,"[2, 8, 9, 12, 20, 22, 26, 54]",8,"[2, 8, 12, 20, 21, 22, 26, 46, 54]",9,"[2, 8, 9, 12, 20, 21, 22, 26, 51, 54]",10,"[2, 8, 12, 20, 21, 22, 26, 46, 54]",9,"[2, 9, 12, 20, 21, 22, 26, 51, 54]",9,"[2, 12, 20, 21, 22, 26, 46, 54]",8,"[2, 12, 20, 21, 22, 26, 42, 54]",8
3,6,"[3, 11, 20, 22, 28, 42, 44, 45]",8,"[3, 9, 11, 23, 32, 34, 39, 63]",8,"[3, 11, 20, 22, 28, 42, 44, 45]",8,"[3, 9, 11, 23, 32, 34, 39]",7,"[3, 11, 20, 22, 28, 39, 42, 45]",8,"[3, 9, 11, 23, 32, 34, 39, 63]",8,"[3, 11, 20, 22, 28, 39, 42, 45]",8,"[3, 9, 11, 23, 32, 34, 39]",7,"[3, 11, 20, 22, 28, 34, 39, 45]",8,"[3, 9, 11, 23, 32, 34, 39, 63]",8,"[3, 11, 22, 28, 34, 39, 45]",7,"[3, 9, 11, 23, 28, 32, 39, 62, 63]",9,"[3, 11, 12, 22, 28, 39, 45]",7,"[3, 9, 11, 23, 28, 32, 39, 63]",8,"[1, 3, 11, 20, 22, 28, 32, 34, 45]",9,"[3, 23, 28, 32, 39, 62, 63]",7,"[1, 3, 10, 11, 12, 22, 28, 34, 45]",9,"[3, 23, 28, 32, 39, 62, 63]",7,"[1, 3, 10, 11, 12, 22, 23, 34, 45]",9,"[3, 23, 28, 31, 32, 36, 39, 62, 63]",9
3,7,"[0, 5, 10, 33, 48]",5,"[0, 10, 33, 47, 48]",5,"[0, 1, 5, 10, 33, 35, 48]",7,"[0, 1, 4, 5, 10, 33, 47, 48]",8,"[0, 1, 10, 33, 35, 48, 53]",7,"[0, 1, 4, 10, 33, 35, 47, 48, 60]",9,"[0, 1, 5, 33, 35, 39, 48, 53]",8,"[0, 4, 10, 33, 35, 47, 48, 53, 60]",9,"[0, 4, 10, 33, 35, 39, 48, 53]",8,"[0, 4, 33, 35, 39, 48, 53]",7,"[0, 5, 33, 35, 39, 48, 53]",7,"[0, 33, 35, 39, 48, 53]",6,"[0, 5, 17, 33, 35, 39, 48, 53]",8,"[0, 16, 33, 35, 39, 48, 53]",7,"[0, 16, 17, 33, 35, 39, 48, 50]",8,"[0, 16, 17, 33, 35, 39, 48]",7,"[0, 5, 16, 17, 33, 35, 39, 48, 50, 60]",10,"[0, 5, 16, 33, 35, 39, 48]",7,"[4, 16, 17, 35, 48, 60]",6,"[4, 16, 17, 35, 39, 48, 60]",7
3,8,"[2, 17, 48]",3,"[2, 22, 33, 42, 48]",5,"[2, 12, 22, 33, 48, 58]",6,"[2, 3, 9, 12, 22, 33, 38, 58]",8,"[2, 3, 12, 22, 33, 38, 42, 58]",8,"[2, 3, 9, 22, 30, 33, 37, 38, 58]",9,"[2, 3, 22, 33, 38, 42, 43, 58]",8,"[2, 3, 9, 30, 33, 37, 38, 43, 58]",9,"[2, 3, 22, 30, 33, 38, 42, 43, 58]",9,"[2, 3, 30, 33, 37, 38, 43, 58]",8,"[2, 3, 22, 33, 37, 38, 42, 43, 58]",9,"[2, 3, 30, 33, 37, 38, 42, 43, 58]",9,"[2, 3, 22, 33, 37, 38, 42, 43, 58]",9,"[2, 3, 30, 33, 37, 38, 42, 43, 58]",9,"[2, 3, 30, 33, 37, 38, 42, 43, 58]",9,"[2, 3, 9, 30, 33, 37, 38, 43, 50, 58]",10,"[2, 3, 7, 30, 33, 37, 38, 43, 58]",9,"[2, 3, 30, 33, 37, 38, 42, 43, 58]",9,"[2, 3, 7, 30, 33, 37, 38, 43, 49]",9,"[2, 3, 7, 30, 33, 37, 38, 43, 49]",9
3,9,"[5, 26, 51, 58]",4,"[5, 14, 22, 26, 27, 35, 41, 46, 58]",9,"[14, 26, 41, 51, 52, 58, 61]",7,"[5, 14, 22, 26, 27, 41, 58]",7,"[14, 26, 41, 51, 52, 58, 61]",7,"[5, 14, 26, 27, 35, 41]",6,"[14, 18, 22, 26, 41, 51, 52, 58, 61]",9,"[5, 14, 26, 27, 35, 41]",6,"[14, 18, 26, 41, 51, 52, 58]",7,"[5, 7, 14, 26, 27, 41]",6,"[14, 26, 41, 51, 52, 58, 61]",7,"[5, 7, 14, 27, 35, 41]",6,"[14, 26, 27, 41, 51, 52, 58]",7,"[5, 7, 13, 14, 27, 35, 41]",7,"[14, 18, 19, 26, 27, 41, 51, 52, 58]",9,"[5, 7, 14, 31, 41]",5,"[14, 19, 23, 27, 41, 51, 52, 58, 61]",9,"[5, 7, 13, 14, 31, 35, 41]",7,"[19, 23, 27, 41, 51, 52, 58]",7,"[7, 13, 14, 31, 35, 41]",6
3,10,"[3, 6, 38, 39, 43, 47, 57]",7,"[3, 4, 8, 13, 31, 40, 43, 58]",8,"[3, 7, 38, 39, 40, 57]",6,"[3, 4, 8, 13, 40, 43, 58]",7,"[6, 7, 38, 39, 40, 57]",6,"[3, 4, 8, 13, 40, 48, 58]",7,"[7, 26, 38, 39, 57, 59]",6,"[3, 4, 8, 13, 40, 43, 48, 58]",8,"[7, 14, 38, 39, 57, 59]",6,"[4, 8, 13, 40, 48, 58]",6,"[7, 14, 26, 30, 38, 39, 57, 59, 60]",9,"[4, 8, 13, 31, 40, 48, 58, 59]",8,"[7, 14, 30, 38, 39, 57, 59, 60]",8,"[4, 8, 12, 13, 31, 40, 48, 58, 59]",9,"[12, 14, 30, 38, 39, 57, 59, 60]",8,"[4, 8, 12, 13, 31, 48, 58, 59, 63]",9,"[12, 14, 30, 38, 39, 57, 59]",7,"[4, 8, 12, 13, 31, 48, 54, 59, 63]",9,"[12, 14, 18, 30, 38, 39, 57, 59]",8,"[0, 4, 8, 12, 13, 48, 54, 59, 63]",9
3,11,"[3, 18, 45, 56, 62, 63]",6,"[2, 3, 6, 10, 31, 41, 53]",7,"[18, 25, 45, 56, 62, 63]",6,"[2, 3, 10, 31, 41, 53]",6,"[6, 18, 25, 45, 56, 62, 63]",7,"[2, 3, 10, 31, 53]",5,"[6, 11, 18, 25, 45, 56, 62, 63]",8,"[2, 3, 31, 41, 53]",5,"[6, 11, 25, 27, 45, 56, 62, 63]",8,"[2, 3, 5, 53]",4,"[6, 8, 25, 27, 45, 56, 62, 63]",8,"[2, 3, 5, 31, 53]",5,"[6, 8, 25, 27, 45, 56, 63]",7,"[2, 3, 5, 31, 41]",5,"[6, 8, 25, 27, 34, 45, 56, 60]",8,"[2, 3, 5, 33]",4,"[0, 8, 25, 27, 28, 34, 45, 56, 60]",9,"[2, 3, 5, 31, 41, 45]",6,"[0, 8, 25, 27, 28, 34, 42, 43, 45, 56]",10,"[2, 3, 5, 31, 41, 45]",6
4,0,"[0, 23, 24, 44, 59]",5,"[1, 2, 8, 23, 24, 26, 41, 44, 63]",9,"[18, 23, 24, 44, 59]",5,"[1, 8, 13, 23, 24, 26, 44, 63]",8,"[18, 23, 24, 59]",4,"[1, 8, 13, 23, 24, 26, 44, 51, 63]",9,"[11, 18, 23, 24, 59]",5,"[1, 8, 13, 23, 26, 44, 46, 51, 63]",9,"[11, 18, 23, 24, 44, 59]",6,"[1, 3, 8, 13, 26, 44, 46, 51, 63]",9,"[11, 18, 24, 38, 49, 59]",6,"[1, 3, 8, 13, 26, 31, 44, 46, 51, 63]",10,"[11, 24, 38, 46, 49, 59]",6,"[1, 3, 8, 13, 26, 44, 46, 51, 63]",9,"[13, 24, 38, 42, 44, 46, 49, 59, 63]",9,"[1, 3, 8, 13, 17, 44, 46, 51, 63]",9,"[1, 13, 38, 42, 46, 49, 59, 63]",8,"[1, 3, 8, 13, 17, 44, 46, 51, 63]",9,"[1, 3, 13, 17, 38, 42, 46, 49, 59, 63]",10,"[1, 3, 8, 13, 17, 44, 46, 51, 63]",9
4,1,"[11, 17, 21, 25, 40, 59]",6,[33],1,"[9, 11, 17, 21, 24, 40]",6,"[21, 33]",2,"[11, 17, 18, 21, 23, 24, 33, 40, 52]",9,"[24, 33]",2,"[9, 10, 11, 18, 21, 23, 24, 40, 52, 60]",10,"[21, 24]",2,"[10, 11, 18, 21, 24, 33, 40]",7,"[21, 24]",2,"[10, 11, 18, 21, 24, 33, 40, 63]",8,"[21, 24, 33, 53]",4,"[10, 11, 18, 21, 24, 33, 40]",7,"[21, 24]",2,"[10, 11, 14, 18, 21, 24, 33, 40]",8,"[21, 24, 27]",3,"[10, 11, 14, 21, 24, 33, 40, 44, 49]",9,"[6, 21, 24, 26, 27]",5,"[10, 11, 14, 21, 24, 33, 40, 44]",8,"[21, 24, 26, 27, 33, 40]",6
4,2,"[3, 9, 12, 17, 21, 26, 55, 62]",8,"[0, 3, 9, 17, 21, 26, 39, 41, 54, 55, 62]",11,"[3, 9, 17, 21, 26, 48, 55, 62]",8,"[0, 3, 9, 17, 21, 26, 41, 48, 54]",9,"[9, 17, 21, 26, 48, 55, 62]",7,"[0, 9, 17, 21, 26, 39, 41, 48, 54]",9,"[8, 9, 17, 21, 26, 48, 54, 55, 62]",9,"[0, 9, 17, 21, 26, 39, 41, 48]",8,"[8, 9, 17, 21, 26, 29, 48, 54, 55, 62]",10,"[0, 9, 17, 21, 26, 29, 41, 48]",8,"[8, 9, 17, 21, 22, 26, 29, 48, 62]",9,"[0, 17, 21, 26, 29, 35, 41, 48, 62]",9,"[9, 17, 21, 22, 26, 29, 48, 55, 62]",9,"[0, 17, 21, 22, 26, 29, 35, 41, 48, 62]",10,"[9, 17, 21, 22, 26, 29, 48, 51, 62]",9,"[0, 17, 21, 22, 26, 29, 35, 41, 48, 62]",10,"[0, 9, 17, 21, 26, 29, 37, 48, 51, 62]",10,"[0, 17, 22, 26, 29, 35, 41, 48, 62]",9,"[0, 17, 21, 26, 29, 39, 48, 51, 62]",9,"[0, 17, 22, 26, 29, 35, 48, 51, 62]",9
4,3,"[0, 4, 26, 29, 34, 35, 41, 42]",8,"[1, 4, 17, 26, 30, 34, 35, 41, 48, 54]",10,"[0, 4, 26, 29, 34, 35, 41, 42, 54]",9,"[4, 17, 30, 34, 41, 48, 54]",7,"[0, 4, 26, 29, 34, 35, 41, 42, 44, 54]",10,"[4, 15, 17, 30, 34, 41, 48, 54]",8,"[0, 4, 26, 29, 34, 41, 42, 44, 54]",9,"[4, 15, 17, 30, 34, 41, 48, 54]",8,"[0, 26, 29, 34, 41, 42, 44, 50, 54]",9,"[17, 30, 34, 41, 47, 48, 54]",7,"[26, 34, 35, 41, 44, 48, 50, 54]",8,"[15, 30, 34, 41, 47, 48, 50, 54, 61]",9,"[25, 26, 34, 41, 42, 44, 48, 50, 54]",9,"[25, 30, 34, 41, 47, 48, 50, 54, 61]",9,"[25, 26, 34, 41, 42, 44, 48, 50, 54, 61]",10,"[25, 30, 34, 41, 47, 48, 50, 54, 61]",9,"[25, 34, 41, 42, 48, 50, 54, 61]",8,"[25, 30, 34, 41, 47, 48, 50, 54, 61]",9,"[7, 34, 41, 42, 48, 50, 54, 61]",8,"[27, 30, 34, 41, 47, 48, 50, 54, 61]",9
4,4,"[1, 3, 31, 37, 53]",5,"[3, 37, 43, 51, 53, 56]",6,"[3, 19, 31, 37, 53]",5,"[1, 3, 37, 43, 46, 53]",6,"[3, 19, 37, 53]",4,"[3, 37, 43, 53]",4,"[3, 19, 37, 53]",4,"[1, 3, 37, 43, 53]",5,"[3, 19, 37, 43, 53]",5,"[3, 37, 43, 46, 53]",5,"[3, 19, 37, 43, 53]",5,"[3, 5, 28, 37, 43, 46, 53]",7,"[1, 3, 5, 19, 37, 53]",6,"[1, 5, 16, 28, 37, 43, 53]",7,"[1, 5, 16, 28, 37, 43]",6,"[1, 5, 16, 28, 37, 43]",6,"[1, 5, 16, 28, 43, 53]",6,"[1, 5, 16, 28, 43, 53]",6,"[1, 5, 16, 28, 29, 35, 43, 60]",8,"[1, 5, 16, 28, 37, 43, 53, 59, 60]",9
4,5,"[20, 31, 36, 62]",4,"[3, 7, 11, 20, 32, 36, 44, 53]",8,"[11, 31, 33]",3,"[3, 7, 11, 18, 20, 32, 36, 53]",8,"[11, 13, 31, 33]",4,"[3, 7, 11, 18, 32, 36, 62]",7,"[11, 13, 31, 32, 33, 41, 50]",7,"[3, 7, 11, 18, 32, 36, 44, 57]",8,"[11, 13, 18, 31, 32, 33, 50]",7,"[3, 7, 11, 18, 32, 35, 36, 57]",8,"[11, 13, 18, 31, 33, 50, 52]",7,"[7, 18, 32, 35, 57, 62]",6,"[11, 13, 18, 26, 33, 50, 52]",7,"[7, 18, 32, 35, 48, 57]",6,"[11, 13, 18, 26, 33, 52, 57]",7,"[18, 22, 32, 35, 37, 48, 57]",7,"[11, 13, 18, 22, 26, 35, 52]",7,"[10, 18, 22, 35, 37, 48, 54, 57]",8,"[11, 13, 18, 22, 26, 35, 52]",7,"[18, 22, 35, 37, 39, 48, 52, 54, 57]",9
4,6,"[9, 11, 43, 59]",4,"[11, 43, 59]",3,"[40, 43, 51, 59]",4,"[3, 11, 43, 59]",4,"[27, 40, 43, 49, 51, 54, 59]",7,"[3, 43, 54, 59]",4,"[16, 27, 40, 43, 49, 51, 54, 59]",8,"[3, 27, 43, 49, 54, 59]",6,"[8, 16, 27, 40, 43, 49, 51, 59]",8,"[3, 16, 27, 43, 49, 54, 59]",7,"[1, 16, 27, 40, 43, 49, 51, 54, 59]",9,"[3, 8, 16, 27, 40, 43, 49, 54, 59]",9,"[8, 16, 27, 40, 43, 49, 51, 59]",8,"[3, 8, 16, 27, 43, 49, 57, 59]",8,"[8, 16, 25, 27, 40, 43, 51, 57, 59]",9,"[3, 8, 16, 27, 40, 43, 49, 57, 59]",9,"[1, 8, 16, 25, 27, 40, 57, 59]",8,"[1, 3, 8, 16, 27, 40, 43, 57, 59]",9,"[1, 8, 16, 25, 27, 30, 49, 53, 57, 59]",10,"[8, 16, 27, 43, 49, 57, 59]",7
4,7,"[5, 36, 43, 58, 62]",5,"[13, 27, 43, 55, 62]",5,"[5, 14, 36, 43, 58, 62]",6,"[13, 27, 43, 55, 62]",5,"[5, 14, 17, 36, 43, 51, 62]",7,"[13, 27, 29, 43, 55, 62]",6,"[5, 14, 17, 35, 36, 51]",6,"[27, 29, 39, 43, 55, 62]",6,"[5, 9, 14, 17, 35, 36, 51, 59]",8,"[14, 27, 29, 39]",4,"[5, 14, 17, 18, 29, 35, 36, 51, 59]",9,"[14, 27, 29]",3,"[5, 14, 17, 18, 29, 35, 36, 51, 59]",9,"[3, 24, 27, 29]",4,"[4, 5, 14, 17, 18, 29, 35, 36, 51]",9,"[3, 7, 11, 23, 24, 27, 29]",7,"[4, 5, 14, 17, 18, 29, 35, 36]",8,"[3, 7, 11, 24, 26, 27, 29, 60]",8,"[4, 5, 14, 17, 18, 29, 35, 36, 51]",9,"[3, 10, 11, 24, 27, 29, 38, 60]",8
4,8,"[0, 6, 19, 20, 47, 58]",6,"[0, 2, 19, 27, 41, 43, 44, 53]",8,"[0, 19, 41, 47, 58]",5,"[0, 2, 19, 26, 27, 41, 43, 53]",8,"[0, 19, 58]",3,"[0, 2, 19, 26, 27, 41, 43, 53]",8,"[0, 19, 58]",3,"[0, 2, 18, 19, 27, 41, 43, 53]",8,"[0, 5, 11, 19, 31, 51, 58]",7,"[0, 2, 18, 19, 27, 41, 43, 53]",8,"[0, 5, 11, 19, 31, 40, 51, 58]",8,"[0, 2, 18, 27, 41, 43, 48]",7,"[0, 5, 11, 19, 31, 39, 40, 51, 58]",9,"[0, 2, 18, 39, 40, 43, 48]",7,"[0, 5, 11, 19, 31, 39, 40, 51, 58]",9,"[11, 18, 37, 39, 40, 43, 48]",7,"[0, 11, 19, 39, 40, 50, 51, 58, 60]",9,"[5, 11, 18, 37, 39, 40, 43, 48]",8,"[0, 11, 19, 34, 39, 40, 50, 51, 58]",9,"[18, 28, 37, 39, 40, 43, 48, 50]",8
4,9,"[2, 11, 19, 20, 38, 55]",6,"[2, 4, 13, 15, 38, 39, 43, 48]",8,"[2, 4, 11, 19, 20, 38, 55]",7,"[2, 4, 13, 15, 38, 39, 43, 48]",8,"[2, 4, 11, 20, 38, 51, 55]",7,"[2, 4, 13, 15, 38, 39, 43, 48]",8,"[2, 4, 7, 11, 20, 38, 51, 55]",8,"[2, 4, 13, 15, 39, 43, 48]",7,"[2, 4, 7, 11, 20, 38, 51, 55]",8,"[0, 2, 4, 13, 15, 39, 43, 48]",8,"[0, 2, 4, 7, 11, 20, 38, 39, 51, 55]",10,"[0, 2, 4, 13, 35, 39, 43, 48]",8,"[0, 2, 4, 7, 15, 20, 38, 51, 55]",9,"[0, 2, 4, 13, 35, 39, 43, 48, 53]",9,"[0, 2, 4, 7, 15, 20, 51, 55]",8,"[0, 2, 5, 13, 35, 39, 43, 53]",8,"[0, 2, 4, 7, 15, 20, 47, 48, 55]",9,"[0, 2, 5, 13, 35, 39, 43, 53, 57, 62]",10,"[0, 2, 4, 7, 15, 20, 39, 48, 55]",9,"[0, 5, 35, 39, 43, 53, 57]",7
4,10,"[4, 49, 54]",3,"[8, 11, 16, 18, 23, 27, 29, 36, 51, 54]",10,"[4, 8, 49, 54]",4,"[8, 11, 16, 18, 27, 29, 36, 51, 54, 58]",10,"[4, 8, 16, 38, 49, 51, 54, 58]",8,"[8, 11, 16, 18, 29, 36, 51, 54, 58]",9,"[4, 16, 21, 23, 38, 42, 49, 51, 54, 58]",10,"[8, 16, 18, 29, 36, 51, 54, 58]",8,"[4, 16, 21, 23, 38, 42, 46, 49, 51, 58]",10,"[8, 18, 19, 29, 36, 51, 54, 58]",8,"[4, 16, 21, 23, 38, 42, 46, 49, 51, 58]",10,"[8, 18, 19, 36, 51, 54, 58]",7,"[16, 21, 23, 38, 42, 49, 51, 58]",8,"[8, 18, 19, 29, 36, 51, 54, 59]",8,"[16, 21, 23, 38, 42, 49, 51, 55, 58]",9,"[1, 8, 19, 36, 51, 59]",6,"[16, 21, 23, 38, 42, 49, 51, 55, 58]",9,"[1, 8, 19, 20, 36, 48, 51, 59]",8,"[16, 21, 42, 47, 49, 51, 55, 58]",8,"[1, 8, 19, 20, 33, 36, 48, 51, 59]",9
4,11,"[5, 6, 10, 20, 31, 42, 54]",7,"[5, 6, 10, 20, 39, 42]",6,"[6, 10, 31, 32, 39, 42, 44, 52, 57]",9,"[4, 6, 10, 20, 32, 39, 42]",7,"[4, 6, 10, 26, 31, 42, 44, 52, 57]",9,"[4, 6, 10, 20, 31, 39, 42, 57]",8,"[4, 6, 10, 20, 31, 42, 44, 55]",8,"[4, 6, 10, 31, 39, 42]",6,"[4, 6, 10, 20, 31, 42, 44, 55]",8,"[4, 6, 10, 29, 31, 39, 42, 44, 57]",9,"[4, 6, 10, 20, 31, 42, 44, 55]",8,"[4, 6, 29, 31, 39, 42, 44, 57]",8,"[4, 6, 10, 20, 31, 42, 44, 55]",8,"[4, 6, 27, 29, 31, 42, 44]",7,"[3, 4, 6, 10, 20, 31, 42, 44]",8,"[4, 27, 29, 31, 42, 44, 48, 50]",8,"[3, 4, 6, 10, 20, 31, 42, 44, 56]",9,"[4, 27, 29, 31, 42, 44, 48, 50]",8,"[3, 6, 20, 29, 31, 42, 44, 48, 62]",9,"[4, 27, 29, 42, 48, 50]",6
5,0,"[2, 15, 16, 20, 22, 23, 35, 45, 46]",9,"[2, 16, 20, 22, 23, 31, 35, 45]",8,"[2, 15, 16, 22, 23, 35, 46]",7,"[2, 16, 22, 23, 35, 39, 45, 46]",8,"[2, 15, 16, 22, 23, 35, 39, 46]",8,"[2, 15, 16, 22, 23, 33, 35, 39, 45]",9,"[2, 15, 16, 22, 23, 35, 39, 46]",8,"[2, 15, 16, 22, 23, 39, 42, 45]",8,"[2, 15, 16, 22, 23, 33, 35, 39, 42]",9,"[2, 15, 16, 23, 33, 39, 42, 45]",8,"[2, 15, 16, 23, 35, 39, 42, 46]",8,"[2, 15, 16, 23, 31, 33, 39, 42]",8,"[2, 15, 16, 23, 33, 35, 39, 42, 46]",9,"[1, 2, 15, 16, 23, 31, 33, 39, 42]",9,"[15, 16, 23, 39, 42, 46, 49]",7,"[1, 2, 15, 23, 31, 39, 42]",7,"[1, 15, 16, 33, 39, 42, 46, 61]",8,"[1, 2, 15, 23, 31, 33, 39, 42]",8,"[1, 15, 16, 31, 39, 42, 46]",7,"[1, 14, 15, 23, 31, 39, 40, 42]",8
5,1,"[0, 4, 13, 14, 21, 30, 43, 56]",8,"[0, 13, 14, 18, 21, 30, 43]",7,"[0, 13, 25, 30, 47, 49, 56]",7,"[0, 13, 14, 18, 21, 25, 30, 52]",8,"[0, 21, 30, 47, 49, 52]",6,"[0, 13, 14, 18, 21, 25, 30, 38, 43]",9,"[0, 3, 30, 38, 47, 49, 52]",7,"[0, 13, 14, 18, 25, 30, 38, 49]",8,"[0, 3, 8, 10, 38, 47, 49, 52]",8,"[0, 14, 18, 25, 30, 38, 52]",7,"[0, 3, 8, 10, 26, 36, 38, 47, 49, 52]",10,"[0, 18, 21, 30, 38, 49]",6,"[0, 8, 10, 26, 36, 38, 45, 47, 49, 52]",10,"[18, 21, 30, 38, 49]",5,"[0, 10, 11, 26, 36, 38, 45, 47, 49]",9,"[18, 30, 38, 49]",4,"[0, 10, 11, 17, 26, 36, 38, 45, 47, 49]",10,"[17, 18, 27, 30, 38, 49, 60]",7,"[10, 11, 17, 26, 38, 45, 49]",7,"[11, 17, 18, 19, 27, 38, 49, 60]",8
5,2,"[10, 12, 21, 23, 47, 62]",6,"[1, 10, 12, 19, 21, 25, 27, 49, 62]",9,"[4, 10, 12, 20, 21, 27, 47, 62]",8,"[1, 10, 12, 19, 21, 27, 49, 62]",8,"[10, 12, 19, 21, 47, 49, 62]",7,"[1, 10, 12, 19, 21, 27, 49, 62]",8,"[10, 12, 19, 21, 33, 47, 62]",7,"[1, 10, 12, 19, 21, 27, 49, 62]",8,"[1, 10, 12, 19, 21, 33, 47, 49, 62]",9,"[1, 10, 12, 19, 21, 27, 31, 49, 62]",9,"[1, 10, 12, 19, 21, 33, 47, 49, 62]",9,"[1, 19, 21, 31, 49, 53, 62]",7,"[1, 19, 33, 47, 49, 50]",6,"[1, 19, 31, 49, 53, 54, 55]",7,"[1, 19, 33, 34, 47, 49, 50, 54]",8,"[19, 31, 49, 53, 54, 55]",6,"[1, 19, 27, 33, 47, 49, 50, 54, 59]",9,"[19, 31, 33, 49, 53, 54, 55]",7,"[19, 33, 47, 49, 50, 54, 59]",7,"[19, 31, 33, 49, 53, 54, 55, 59]",8
5,3,"[1, 6, 22, 60, 62]",5,"[5, 6, 13, 23, 28, 33]",6,"[1, 5, 6, 60, 62]",5,"[5, 6, 13, 23, 33, 51]",6,"[0, 1, 6, 51, 60, 62]",6,"[5, 6, 23, 33, 51]",5,"[1, 6, 8, 9, 27, 38, 51, 60, 62]",9,"[5, 6, 33, 51]",4,"[1, 6, 8, 9, 19, 21, 27, 38, 51, 60]",10,"[1, 6, 33, 51]",4,"[1, 6, 8, 19, 27, 38, 51, 60]",8,"[1, 6, 8, 28, 33]",5,"[1, 8, 19, 27, 28, 38, 48, 49, 51, 60]",10,"[19, 21, 28, 33, 38, 51]",6,"[1, 8, 16, 19, 27, 28, 38, 48, 49, 51, 60]",11,"[19, 21, 28, 33, 38, 51]",6,"[8, 13, 19, 28, 38, 48, 49, 51, 60]",9,"[8, 19, 21, 38, 48, 49, 51]",7,"[8, 13, 16, 28, 38, 48, 49, 57, 60]",9,"[8, 19, 21, 38, 48, 49, 51]",7
5,4,"[4, 16, 17, 28, 29, 35, 36, 62]",8,"[2, 26, 27, 28, 29, 36, 40, 62]",8,"[4, 16, 17, 28, 29, 35, 36, 62]",8,"[2, 26, 27, 28, 29, 36, 40]",7,"[4, 16, 17, 28, 35, 36]",6,"[2, 26, 27, 28, 29, 35, 36]",7,"[16, 17, 28, 35, 36]",5,"[2, 26, 27, 28, 29, 34, 36, 37]",8,"[16, 17, 28, 35, 36, 41]",6,"[2, 26, 27, 34, 35, 37]",6,"[15, 16, 17, 28, 35, 36, 37, 41, 54]",9,"[2, 26, 27, 34, 35, 37]",6,"[11, 15, 16, 17, 28, 35, 41, 54]",8,"[2, 26, 27, 34, 35, 37, 54]",7,"[11, 15, 17, 28, 35, 41, 46, 54, 58]",9,"[2, 11, 26, 27, 35, 41, 55]",7,"[11, 15, 17, 41, 46, 54, 58]",7,"[2, 8, 11, 26, 27, 41, 54, 55]",8,"[2, 11, 15, 17, 41, 46, 54, 55, 58]",9,"[2, 8, 11, 41, 46, 51, 54, 55]",8
5,5,"[20, 30, 41, 57]",4,"[20, 26, 30, 43, 57, 62]",6,"[10, 20, 41, 57]",4,"[20, 26, 30, 43, 57, 62]",6,"[9, 10, 30, 41, 42, 49, 55, 57]",8,"[20, 26, 30, 43, 57, 62]",6,"[2, 9, 10, 30, 41, 42, 49, 55]",8,"[20, 26, 30, 43, 49, 57]",6,"[2, 9, 10, 13, 30, 41, 42, 49, 55]",9,"[20, 26, 30, 42, 43, 49]",6,"[2, 9, 10, 13, 30, 41, 42, 49, 54, 55]",10,"[20, 30, 43, 49, 62]",5,"[2, 9, 10, 13, 30, 41, 42, 49, 54, 55]",10,"[2, 10, 20, 30, 42, 43, 49, 62]",8,"[2, 9, 10, 13, 30, 41, 42, 49, 54, 55]",10,"[2, 9, 10, 20, 30, 42, 43, 49, 55, 62]",10,"[2, 8, 9, 10, 13, 30, 42, 49, 54, 55]",10,"[2, 9, 10, 30, 42, 43, 49, 54, 55, 62]",10,"[2, 9, 10, 13, 30, 42, 49, 54, 55]",9,"[2, 9, 10, 30, 42, 49, 54, 55, 62]",9
5,6,"[0, 3, 4, 5, 12, 32, 54, 58]",8,"[0, 3, 4, 5, 12, 18, 21, 25, 38]",9,"[0, 3, 4, 5, 12, 25, 32, 54, 58]",9,"[0, 3, 4, 5, 12, 21, 25, 32]",8,"[0, 3, 4, 12, 25, 32, 54, 58]",8,"[0, 3, 4, 12, 25, 32]",6,"[0, 3, 12, 25, 26, 32, 54, 58, 61]",9,"[0, 3, 4, 5, 12, 25, 32, 58]",8,"[3, 12, 25, 26, 32, 54, 58, 61]",8,"[0, 3, 12, 25, 32, 58, 61]",7,"[1, 12, 14, 25, 26, 32, 54, 58, 61]",9,"[0, 3, 12, 25, 32, 58, 61]",7,"[1, 12, 14, 25, 26, 32, 54, 58, 61]",9,"[3, 12, 25, 32, 58, 61, 62]",7,"[1, 12, 14, 25, 26, 32, 56, 58, 61, 62]",10,"[12, 14, 25, 32, 58, 61, 62]",7,"[1, 12, 14, 25, 26, 32, 56, 58, 61, 62]",10,"[12, 13, 14, 25, 26, 32, 61, 62]",8,"[1, 12, 14, 25, 26, 32, 56, 58, 61, 62]",10,"[13, 14, 18, 25, 32, 56, 61, 62]",8
5,7,"[0, 18, 19, 27, 37, 38, 40, 58, 62]",9,"[0, 10, 13, 18, 25, 42, 58, 62]",8,"[0, 19, 27, 40, 58, 62]",6,"[0, 10, 13, 25, 32, 42, 50, 58, 62]",9,"[0, 19, 25, 27, 40, 58, 62]",7,"[0, 10, 13, 25, 32, 42, 50, 58, 62]",9,"[0, 27, 32, 40, 53, 58, 62]",7,"[0, 10, 13, 25, 32, 42, 50, 58, 62]",9,"[0, 10, 27, 32, 40, 42, 53, 58, 62]",9,"[0, 10, 13, 25, 32, 42, 50, 58, 62]",9,"[0, 10, 11, 13, 27, 32, 40, 42, 53, 62]",10,"[0, 10, 13, 25, 32, 42, 50, 58, 62]",9,"[0, 10, 11, 13, 26, 32, 40, 42, 53, 62]",10,"[0, 10, 13, 32, 42, 58, 62]",7,"[0, 10, 11, 13, 15, 26, 32, 53, 60]",9,"[0, 10, 13, 32, 42, 62]",6,"[0, 10, 11, 13, 15, 26, 32, 49, 53, 60]",10,"[0, 10, 11, 32, 42, 53, 62]",7,"[0, 10, 11, 13, 15, 26, 32, 53, 60]",9,"[0, 10, 11, 13, 32, 42, 53, 57, 60]",9
5,8,"[11, 18, 21, 26, 35, 53, 62, 63]",8,"[3, 4, 18, 26, 36, 53, 58, 62]",8,"[2, 11, 14, 21, 26, 35, 53, 62, 63]",9,"[4, 18, 26, 36, 53, 57, 58, 60, 62]",9,"[14, 21, 26, 35, 53, 62, 63]",7,"[0, 4, 18, 26, 36, 53, 57, 60, 62]",9,"[14, 21, 26, 53, 62, 63]",6,"[0, 4, 18, 26, 36, 53, 57, 60, 62]",9,"[14, 21, 26, 53, 62, 63]",6,"[0, 4, 26, 36, 53, 60, 62, 63]",8,"[14, 21, 26, 53, 62, 63]",6,"[0, 4, 26, 36, 48, 57, 60, 62, 63]",9,"[14, 26, 53, 62, 63]",5,"[0, 4, 26, 36, 60, 62, 63]",7,"[14, 26, 40, 46, 48, 53, 62, 63]",8,"[0, 4, 26, 36, 40, 48, 60, 62, 63]",9,"[14, 40, 46, 48, 53, 62, 63]",7,"[26, 36, 40, 48, 60, 62, 63]",7,"[40, 48, 62, 63]",4,"[26, 33, 40, 43, 48, 54, 60, 62, 63]",9
5,9,"[20, 22, 37, 47, 57]",5,"[14, 30, 31, 36, 37, 47, 57, 58]",8,"[20, 22, 45, 47, 53, 57]",6,"[20, 22, 30, 31, 36, 39, 47, 57, 58]",9,"[20, 22, 43, 44, 45, 53, 57]",7,"[22, 30, 31, 36, 39, 47, 57, 58]",8,"[3, 13, 14, 20, 22, 43, 44, 53, 57]",9,"[22, 30, 31, 36, 39, 47, 57, 58]",8,"[3, 13, 14, 20, 43, 44, 53, 57, 58]",9,"[20, 22, 30, 31, 36, 38, 47, 57, 58]",9,"[3, 13, 14, 20, 43, 44, 53, 57, 58]",9,"[14, 22, 30, 31, 36, 47, 57, 58]",8,"[3, 13, 14, 20, 43, 44, 53, 57, 58]",9,"[14, 22, 30, 36, 47, 57, 58]",7,"[3, 13, 14, 20, 43, 44, 52, 53, 54, 57, 58]",11,"[14, 30, 36, 43, 53, 54, 57, 58]",8,"[3, 13, 14, 20, 43, 44, 52, 53, 54, 58]",10,"[13, 14, 30, 36, 43, 50, 54, 57, 58]",9,"[3, 8, 13, 14, 43, 44, 52, 54, 58]",9,"[3, 8, 13, 14, 36, 50, 54, 57, 58]",9
5,10,"[6, 14, 24, 49, 52]",5,"[6, 14, 21, 28, 29, 49, 52]",7,"[5, 6, 14, 24, 49, 52]",6,"[6, 14, 19, 21, 28, 29, 49, 52]",8,"[5, 6, 14, 19, 22, 24, 49, 52]",8,"[14, 19, 21, 28, 29, 49, 52]",7,"[5, 14, 22, 24, 29, 52]",6,"[14, 19, 21, 28, 29, 49, 52]",7,"[5, 22, 24, 29, 52]",5,"[14, 21, 28, 29, 49, 52, 62]",7,"[5, 15, 22, 24, 29, 48, 52]",7,"[14, 19, 21, 28, 29, 49, 52, 62]",8,"[5, 10, 15, 22, 29, 48, 52]",7,"[21, 28, 29, 52, 62]",5,"[5, 10, 15, 16, 22, 29, 43, 48]",8,"[21, 28, 29, 62]",4,"[5, 10, 15, 22, 29, 41, 43, 48]",8,"[5, 21, 28, 29, 41, 42, 51]",7,"[5, 10, 15, 22, 29, 41, 43, 48]",8,"[2, 5, 21, 28, 29, 41, 42, 51]",8
5,11,"[3, 5, 16, 22, 27, 33, 48]",7,"[16, 22, 27, 29, 35, 36, 41, 45, 48]",9,"[3, 22, 35, 41, 48, 50]",6,"[2, 16, 22, 27, 29, 35, 36, 41, 48]",9,"[3, 5, 10, 22, 35, 38, 41, 48, 50]",9,"[2, 16, 27, 29, 35, 36, 41, 48]",8,"[3, 5, 10, 22, 35, 41, 48, 50]",8,"[16, 27, 35, 36, 41, 48]",6,"[3, 5, 10, 35, 41, 50]",6,"[2, 16, 27, 35, 41, 48]",6,"[5, 8, 10, 23, 35, 41, 50]",7,"[2, 23, 41, 48]",4,"[1, 5, 8, 10, 23, 28, 41, 50]",8,"[5, 23, 41, 48]",4,"[1, 5, 8, 10, 23, 28, 41, 50]",8,"[5, 10, 23, 28, 41, 44, 59]",7,"[1, 4, 5, 8, 10, 23, 28, 41, 50]",9,"[5, 10, 23, 28, 41, 44, 50, 59]",8,"[1, 4, 5, 8, 10, 23, 28, 41, 50, 59]",10,"[4, 5, 10, 23, 28, 41, 50, 59]",8
6,0,"[33, 38, 49]",3,"[19, 32, 42, 44, 48, 60]",6,"[14, 36, 49, 60]",4,"[19, 32, 42, 44, 48, 60]",6,"[14, 36, 49, 60]",4,"[14, 19, 32, 36, 42, 44, 48, 60]",8,"[14, 21, 36, 49, 60]",5,"[14, 19, 32, 36, 42, 44, 48, 60]",8,"[14, 16, 36, 49, 60]",5,"[14, 19, 32, 36, 42, 44, 60]",7,"[14, 21, 36, 49, 60]",5,"[2, 14, 19, 32, 36, 42, 44, 60]",8,"[14, 19, 21, 36, 49, 60]",6,"[2, 14, 19, 32, 36, 42, 44, 60]",8,"[14, 19, 21, 34, 36, 49, 55, 60]",8,"[2, 14, 19, 32, 36, 42, 44, 60]",8,"[14, 19, 21, 34, 36, 44, 49, 55, 60]",9,"[2, 19, 32, 42, 44, 60]",6,"[19, 21, 34, 44, 55, 60]",6,"[2, 32, 42, 44, 60]",5
6,1,"[12, 14, 18, 22, 29, 30]",6,"[12, 17, 34, 41]",4,"[12, 14, 18, 22, 29, 30, 35]",7,"[12, 17, 29, 30, 39, 41, 61]",7,"[12, 14, 18, 22, 29, 30, 35]",7,"[12, 17, 29, 30, 39, 41, 58, 61]",8,"[11, 12, 14, 18, 22, 29, 30]",7,"[12, 17, 29, 30, 39, 41, 61]",7,"[11, 12, 14, 22, 29, 30]",6,"[12, 17, 29, 30, 39, 41, 61]",7,"[12, 14, 22, 29, 30, 44]",6,"[12, 17, 29, 30, 39, 41, 61, 63]",8,"[11, 12, 16, 20, 22, 29, 30, 44]",8,"[12, 27, 29, 39, 41, 63]",6,"[5, 12, 16, 20, 22, 29, 44]",7,"[12, 22, 29, 30, 39, 63]",6,"[5, 12, 16, 20, 29, 44]",6,"[12, 22, 27, 29, 36, 39, 63]",7,"[8, 16, 20, 29, 44, 59, 62]",7,"[22, 27, 29, 36, 39, 52, 62, 63]",8
6,2,"[0, 10, 25, 26, 30, 53, 55]",7,"[0, 25, 26, 30, 37, 55, 59]",7,"[0, 8, 10, 25, 26, 30, 44, 53, 55]",9,"[0, 8, 11, 25, 26, 30, 37, 55, 61]",9,"[0, 8, 10, 25, 30, 44, 55]",7,"[0, 8, 11, 21, 25, 26, 30, 55, 61]",9,"[0, 8, 10, 25, 44, 55, 61]",7,"[0, 8, 11, 21, 25, 30, 55, 61]",8,"[0, 8, 10, 21, 25, 43, 44, 55, 61]",9,"[0, 8, 11, 21, 25, 30, 55, 61]",8,"[0, 8, 10, 11, 21, 25, 44, 55]",8,"[0, 8, 11, 21, 25, 37, 55, 61]",8,"[0, 8, 10, 11, 21, 25, 38, 44, 55]",9,"[0, 8, 11, 21, 25, 30, 37, 38, 44, 55]",10,"[0, 8, 10, 11, 21, 25, 37, 38, 44, 55]",10,"[0, 8, 11, 21, 25, 37, 38, 44, 51, 55]",10,"[0, 8, 11, 21, 37, 38, 44, 55]",8,"[0, 8, 11, 21, 25, 37, 38, 44, 51, 55]",10,"[0, 8, 21, 37, 38, 44, 51, 55]",8,"[0, 11, 21, 25, 37, 38, 44, 51, 54, 55]",10
6,3,"[6, 10, 20, 23, 62]",5,"[5, 6, 10, 20, 23, 53, 62, 63]",8,"[6, 10, 23, 38, 48, 62, 63]",7,"[5, 6, 10, 20, 23, 62, 63]",7,"[6, 8, 10, 38, 48, 57, 62, 63]",8,"[5, 6, 7, 8, 10, 20, 23, 38, 63]",9,"[6, 8, 10, 38, 45, 48, 57, 63]",8,"[5, 8, 10, 20, 23, 38, 48, 53, 62, 63]",10,"[8, 10, 38, 45, 48, 57, 63]",7,"[5, 6, 8, 10, 20, 23, 48, 53, 63]",9,"[6, 8, 10, 19, 38, 45, 48, 57, 63]",9,"[5, 6, 8, 10, 20, 23, 48, 53, 63]",9,"[6, 8, 10, 19, 38, 45, 48, 57, 63]",9,"[6, 8, 10, 18, 20, 23, 48, 53]",8,"[8, 10, 19, 38, 48, 56, 57, 63]",8,"[6, 8, 10, 18, 20, 23, 48, 53]",8,"[8, 10, 15, 19, 33, 38, 48, 56, 57]",9,"[6, 8, 10, 19, 20, 32, 33, 48, 53]",9,"[6, 8, 10, 15, 19, 33, 48, 56, 57]",9,"[6, 8, 10, 19, 32, 33, 48, 53]",8
6,4,"[0, 14, 16, 29, 39, 51, 54]",7,"[0, 5, 16, 23, 29, 39, 42, 52]",8,"[14, 26, 39, 47, 54]",5,"[5, 14, 17, 18, 23, 29, 39, 42, 52]",9,"[14, 16, 26, 39, 47, 54, 60]",7,"[5, 14, 16, 17, 18, 23, 29, 39, 42, 52]",10,"[14, 16, 26, 39, 47, 60]",6,"[5, 14, 16, 17, 18, 29, 39, 42, 52]",9,"[14, 16, 26, 39, 54, 60]",6,"[5, 14, 16, 17, 18, 29, 34, 39, 52]",9,"[0, 2, 14, 16, 26, 34, 39]",7,"[5, 14, 16, 17, 18, 34, 39, 52]",8,"[2, 14, 16, 26, 39, 58]",6,"[5, 14, 16, 18, 21, 34, 39, 52]",8,"[2, 14, 16, 17, 39, 58]",6,"[5, 14, 16, 17, 18, 21, 34, 39, 52, 58]",10,"[1, 2, 14, 16, 51, 58]",6,"[1, 5, 16, 18, 21, 52, 58]",7,"[1, 2, 14, 16, 21, 51, 58]",7,"[1, 5, 16, 18, 21, 51, 52, 58]",8
6,5,"[16, 17, 40, 46, 50, 55]",6,"[28, 40, 50, 60]",4,"[17, 25, 40, 46, 50, 55, 60]",7,"[7, 17, 28, 40, 50, 60]",6,"[17, 25, 40, 46, 50, 55, 60]",7,"[7, 11, 17, 26, 28, 37, 40, 50, 60]",9,"[7, 11, 17, 25, 26, 40, 46, 50, 55, 60]",10,"[7, 11, 17, 26, 28, 34, 37, 40, 50, 60]",10,"[7, 11, 17, 25, 26, 40, 46, 50, 60]",9,"[7, 11, 17, 26, 28, 34, 37, 40, 50, 60]",10,"[7, 17, 25, 26, 37, 40, 46, 50, 60]",9,"[7, 11, 17, 26, 28, 34, 37, 40, 50, 60]",10,"[7, 11, 17, 25, 26, 34, 40, 46, 50]",9,"[7, 11, 17, 26, 28, 34, 37, 40, 50, 63]",10,"[7, 11, 17, 26, 34, 37, 40, 50, 63]",9,"[7, 11, 17, 26, 28, 34, 37, 40, 50, 63]",10,"[7, 11, 17, 26, 28, 34, 37, 50, 63]",9,"[7, 17, 22, 26, 28, 34, 37, 50, 63]",9,"[7, 17, 25, 26, 28, 34, 37, 50, 63]",9,"[7, 17, 22, 26, 28, 34, 37, 50, 56, 63]",10
6,6,"[18, 31, 38, 52]",4,"[2, 11, 22, 24, 36, 53, 54, 60, 63]",9,"[0, 36, 38, 49, 62]",5,"[0, 2, 11, 22, 24, 36, 53, 54, 60, 63]",10,"[0, 22, 36, 38, 46, 49, 62]",7,"[0, 2, 11, 22, 24, 36, 53, 54, 60, 63]",10,"[0, 22, 36, 38, 49, 53, 62]",7,"[0, 2, 11, 19, 22, 24, 36, 53, 54, 60, 63]",11,"[0, 36, 38, 46, 49, 53, 62]",7,"[11, 19, 22, 24, 36, 53, 54, 60, 63]",9,"[0, 6, 36, 38, 46, 49, 53, 62]",8,"[11, 19, 24, 36, 53, 54, 60, 63]",8,"[6, 26, 36, 46, 49, 53, 62]",7,"[8, 11, 19, 24, 36, 53, 54, 60, 63]",9,"[6, 36, 46, 49, 53]",5,"[2, 11, 19, 24, 36, 53, 54, 60, 63]",9,"[6, 8, 14, 15, 36, 46, 49, 53, 54]",9,"[2, 8, 19, 24, 41, 53, 54, 60, 63]",9,"[6, 8, 14, 15, 36, 46, 49, 53, 54, 57]",10,"[2, 8, 24, 41, 53, 54, 60, 63]",8
6,7,"[19, 20, 23, 26, 30, 37, 49]",7,"[7, 19, 22, 25, 30, 49, 51, 59, 62]",9,"[19, 20, 23, 30, 37, 49]",6,"[7, 19, 22, 25, 30, 49, 51, 59, 62]",9,"[19, 20, 23, 30, 37, 49, 59]",7,"[7, 19, 22, 25, 30, 36, 49, 51, 59, 62]",10,"[20, 23, 26, 30, 37, 49, 55, 59]",8,"[7, 19, 22, 23, 25, 30, 36, 49, 51, 59, 62]",11,"[17, 19, 20, 23, 26, 30, 37, 59]",8,"[7, 19, 22, 23, 25, 30, 36, 49, 51, 59, 62]",11,"[15, 17, 19, 23, 25, 26, 30, 37, 55, 59]",10,"[7, 19, 22, 23, 25, 30, 36, 49, 59, 62]",10,"[15, 17, 19, 23, 25, 55, 59]",7,"[7, 10, 17, 19, 23, 25, 49, 59, 62]",9,"[15, 17, 19, 23, 37, 55, 59]",7,"[7, 10, 15, 17, 19, 23, 25, 49, 59, 62]",10,"[15, 17, 23, 25, 26, 30, 55, 59, 61]",9,"[7, 10, 15, 17, 19, 23, 25, 49, 59, 62]",10,"[15, 17, 19, 23, 25, 30, 53, 55, 59]",9,"[10, 15, 17, 19, 23, 25, 49, 59, 62]",9
6,8,"[4, 12, 18, 25, 28, 45, 49]",7,"[0, 12, 18, 28, 49]",5,"[12, 18, 25, 28, 32, 49]",6,"[12, 18, 25, 28, 49, 61]",6,"[12, 21, 25, 28, 48]",5,"[12, 28, 49]",3,"[8, 9, 12, 21, 25, 28, 32, 48]",8,"[12, 28, 49]",3,"[8, 9, 12, 21, 25, 28, 32, 52]",8,"[9, 12, 28, 43, 45, 49, 62]",7,"[8, 9, 12, 21, 25, 28, 32, 52, 56]",9,"[9, 12, 28, 45, 62]",5,"[8, 9, 12, 21, 25, 28, 32, 52, 56]",9,"[9, 28, 32]",3,"[8, 9, 12, 20, 21, 25, 32, 56]",8,"[9, 14, 20, 35, 62, 63]",6,"[8, 9, 12, 20, 21, 25, 32, 50, 56]",9,"[9, 14, 30, 35, 63]",5,"[8, 9, 12, 14, 20, 21, 25, 32, 50, 56]",10,"[9, 14, 20, 30, 35, 63]",6
6,9,"[1, 14, 22, 24, 45, 54, 63]",7,"[0, 5, 7, 8, 22, 31, 33, 55, 56]",9,"[1, 22, 24, 45, 54, 57]",6,"[0, 5, 7, 8, 22, 31, 33, 55, 56]",9,"[1, 22, 24, 53, 54, 57]",6,"[0, 5, 7, 8, 22, 31, 33, 55, 56]",9,"[22, 24, 43, 53, 54, 57]",6,"[0, 5, 7, 8, 22, 31, 33, 55, 56]",9,"[11, 22, 24, 43, 53, 54, 57]",7,"[0, 5, 7, 8, 11, 22, 31, 33, 50, 55, 56]",11,"[11, 22, 24, 43, 50, 53, 54]",7,"[0, 5, 7, 8, 11, 22, 33, 50, 55, 56]",10,"[1, 11, 22, 24, 43, 50, 53, 54]",8,"[0, 5, 7, 8, 11, 22, 33, 50, 55, 56]",10,"[1, 11, 20, 22, 24, 29, 50, 53, 54]",9,"[0, 5, 7, 8, 11, 22, 50, 55, 56]",9,"[1, 11, 20, 22, 24, 29, 50, 53, 54]",9,"[0, 5, 8, 22, 36, 50, 55, 56]",8,"[1, 5, 11, 20, 22, 24, 29, 44, 50, 54]",10,"[0, 5, 8, 22, 36, 50, 55, 56]",8
6,10,"[3, 28, 43, 57]",4,"[5, 6, 20, 38, 42, 50, 53, 57, 60]",9,"[3, 16, 43, 45, 57, 59]",6,"[5, 6, 20, 38, 42, 50, 53, 57, 60]",9,"[3, 28, 33, 43, 45, 46, 57, 59]",8,"[5, 6, 20, 38, 42, 50, 53, 57]",8,"[3, 28, 33, 46, 52, 57, 59]",7,"[5, 6, 20, 38, 42, 50, 53, 57]",8,"[6, 28, 33, 52, 57, 59]",6,"[5, 6, 10, 20, 38, 42, 50, 53, 57]",9,"[6, 28, 33, 34, 52, 57, 59]",7,"[5, 6, 10, 20, 35, 38, 42, 53, 57]",9,"[6, 28, 33, 34, 37, 52, 57, 59]",8,"[5, 6, 10, 20, 38, 42, 53, 57]",8,"[6, 25, 28, 34, 37, 52, 57, 59]",8,"[5, 6, 10, 20, 35, 38, 42, 53, 57]",9,"[6, 25, 34, 35, 37, 38, 52, 57, 59, 62]",10,"[5, 6, 10, 20, 35, 38, 42, 53, 57, 60]",10,"[6, 25, 30, 34, 35, 38, 52, 57, 62]",9,"[5, 6, 10, 20, 35, 38, 53, 57, 60]",9
6,11,"[11, 25, 29, 49, 58, 59]",6,"[3, 7, 15, 20, 46, 58, 59]",7,"[11, 17, 25, 29, 30, 49, 59]",7,"[7, 15, 20, 28, 46, 58, 59]",7,"[11, 17, 25, 27, 30, 49, 54, 59, 60]",9,"[7, 15, 20, 28, 46, 58, 59]",7,"[11, 27, 49, 54, 59, 60]",6,"[7, 15, 20, 27, 28, 46, 58, 59]",8,"[27, 54, 59, 60]",4,"[7, 20, 27, 28, 46, 58, 59]",7,"[7, 27, 49, 54, 59, 60]",6,"[7, 20, 28, 29, 46, 54, 58, 59]",8,"[7, 11, 27, 36, 54, 59, 60]",7,"[7, 24, 27, 28, 29, 46, 54, 58, 59]",9,"[7, 11, 27, 28, 36, 54, 59, 60]",8,"[7, 24, 27, 28, 29, 46, 54, 58, 59]",9,"[7, 11, 12, 27, 28, 36, 54, 59, 60]",9,"[7, 24, 27, 28, 29, 46, 54, 58, 59]",9,"[7, 8, 11, 12, 27, 28, 36, 54, 59, 60]",10,"[7, 24, 28, 29, 54, 58, 59, 60]",8
7,0,"[3, 33, 35, 41, 51]",5,"[19, 26, 28, 33, 42, 59]",6,"[3, 16, 35, 48]",4,"[11, 19, 26, 28, 33, 42, 59]",7,"[3, 11, 16, 21, 31, 35, 48]",7,"[7, 21, 26, 28, 33, 34, 42, 59]",8,"[3, 11, 21, 27, 31, 34, 48]",7,"[7, 26, 28, 33, 34, 42, 44, 59]",8,"[3, 11, 21, 27, 31, 34, 48]",7,"[3, 7, 26, 28, 33, 34]",6,"[3, 16, 21, 27, 31, 34, 48]",7,"[3, 7, 26, 28, 33, 34, 44]",7,"[3, 13, 16, 21, 27, 28, 31, 34, 48]",9,"[7, 26, 28, 33, 34, 44, 54]",7,"[3, 13, 16, 21, 27, 28, 31, 34, 48, 53]",10,"[7, 26, 28, 33, 34, 44, 53]",7,"[3, 13, 21, 27, 28, 34, 53]",7,"[7, 21, 26, 28, 34, 44, 49, 53]",8,"[7, 11, 13, 16, 21, 27, 28, 34, 44, 53]",10,"[7, 11, 13, 21, 26, 28, 34, 44, 53]",9
7,1,"[2, 14, 21, 31, 34]",5,"[2, 11, 21, 36, 41, 52]",6,"[7, 14, 17, 31, 34, 45, 62]",7,"[2, 4, 11, 21, 41, 52]",6,"[7, 14, 31, 34, 37, 55, 62]",7,"[2, 4, 7, 11, 21, 31, 37, 41, 52]",9,"[7, 14, 31, 34, 37, 57, 62]",7,"[2, 4, 7, 11, 21, 37, 41, 52]",8,"[7, 14, 31, 34, 37, 57, 62]",7,"[2, 4, 7, 11, 21, 37, 41, 52]",8,"[7, 14, 21, 31, 34, 37, 57, 62]",8,"[2, 4, 11, 21, 37, 41, 52]",7,"[14, 31, 34, 37, 55, 57, 62]",7,"[2, 4, 11, 21, 37, 38, 41, 52, 57]",9,"[31, 34, 36, 37, 41, 55, 57, 62]",8,"[2, 4, 11, 21, 37, 38, 41, 52, 55, 57, 62]",11,"[4, 34, 36, 37, 38, 41, 55, 57, 62]",9,"[4, 37, 38, 41, 52, 55, 57, 62]",8,"[4, 36, 37, 38, 41, 55, 57]",7,"[4, 37, 38, 39, 41, 55, 57, 62]",8
7,2,"[8, 11, 18, 33, 48]",5,"[5, 8, 11, 13, 18, 32, 33, 47, 48]",9,"[8, 18, 38, 59, 60]",5,"[5, 8, 11, 13, 18, 23, 32, 33, 47, 48]",10,"[8, 13, 18, 21, 38, 59, 60]",7,"[5, 8, 11, 13, 18, 23, 32, 33, 47, 48]",10,"[8, 13, 17, 18, 21, 32, 38, 59, 60]",9,"[5, 8, 11, 13, 18, 23, 32, 33, 47, 48]",10,"[13, 17, 18, 21, 32, 38, 59]",7,"[5, 8, 11, 13, 17, 18, 32, 33, 47, 48]",10,"[13, 17, 18, 21, 29, 32, 38, 59]",8,"[5, 11, 13, 17, 18, 23, 32, 33, 47, 48]",10,"[18, 21, 29, 32]",4,"[5, 11, 13, 17, 18, 23, 32, 33, 47, 48]",10,"[2, 18, 21, 29, 32, 33, 38]",7,"[5, 11, 13, 18, 23, 32, 33, 47]",8,"[2, 18, 21, 23, 28, 32]",6,"[2, 11, 13, 18, 23, 32, 33, 47]",8,"[18, 23, 28, 32, 33, 57]",6,"[5, 11, 13, 18, 23, 32, 33, 43, 47, 63]",10
7,3,"[11, 30, 45, 47, 52, 63]",6,"[10, 15, 18, 25, 30, 33, 40, 45, 52]",9,"[11, 30, 47, 52, 63]",5,"[10, 11, 16, 18, 30, 33, 40, 45, 52]",9,"[11, 30, 47, 52, 63]",5,"[10, 11, 16, 18, 30, 33, 40, 45, 52]",9,"[11, 30, 47, 52, 63]",5,"[10, 11, 15, 16, 30, 40, 45, 52]",8,"[9, 11, 16, 21, 27, 30, 47, 52, 62]",9,"[10, 16, 30, 40, 45, 52]",6,"[11, 27, 30, 47, 52, 62]",6,"[10, 11, 16, 30, 40, 45, 52]",7,"[11, 27, 30, 47, 52, 62]",6,"[11, 15, 16, 30, 40, 45, 52]",7,"[21, 27, 30, 47, 52, 62]",6,"[10, 15, 19, 21, 30, 45, 52, 62]",8,"[21, 27, 30, 47, 52, 55, 62]",7,"[15, 19, 30, 40, 45, 52, 62]",7,"[0, 1, 27, 47, 52]",5,"[0, 1, 12, 15, 19, 30, 52, 60]",8
7,4,"[1, 6, 19, 24, 44, 48, 54, 59]",8,"[5, 7, 13, 18, 20, 53, 62]",7,"[1, 6, 19, 24, 44, 48, 53, 54]",8,"[5, 13, 20, 44, 46, 53, 62]",7,"[1, 6, 19, 24, 44, 48, 53, 54]",8,"[13, 20, 21, 44, 46, 53, 62]",7,"[1, 6, 19, 24, 44, 48, 53]",7,"[13, 14, 20, 21, 44, 46, 53, 62]",8,"[1, 6, 19, 24, 44, 53]",6,"[13, 20, 21, 44, 46, 53, 62]",7,"[1, 6, 19, 24, 44, 53]",6,"[13, 20, 21, 44, 46, 53, 62]",7,"[1, 6, 19, 24, 44, 53, 62]",7,"[13, 20, 21, 44, 46, 53, 62]",7,"[1, 6, 19, 24, 44, 53, 62]",7,"[13, 20, 21, 39, 46, 53, 59, 62]",8,"[1, 6, 13, 24, 53, 62]",6,"[13, 21, 39, 62]",4,"[1, 9, 13, 21, 34, 39, 53, 62]",8,"[1, 9, 13, 21, 39, 46, 62]",7
7,5,"[12, 27, 58, 63]",4,"[4, 10, 11, 12, 14, 27, 32, 58, 60, 62]",10,"[12, 27, 58, 62, 63]",5,"[4, 11, 12, 14, 27, 32, 57, 58, 60, 62]",10,"[12, 27, 58, 62, 63]",5,"[4, 10, 11, 12, 27, 32, 57, 58, 60, 62]",10,"[7, 12, 27, 63]",4,"[4, 10, 11, 12, 27, 32, 57, 58, 60, 62]",10,"[7, 12, 27, 32, 63]",5,"[4, 10, 11, 12, 14, 27, 32, 57, 58, 60, 62]",11,"[7, 11, 12, 27, 32, 63]",6,"[0, 4, 10, 11, 12, 27, 32, 57, 58, 60]",10,"[7, 11, 12, 27, 32]",5,"[0, 4, 7, 10, 11, 12, 27, 32, 57, 58]",10,"[7, 10, 11, 12, 27, 32, 47, 55]",8,"[0, 4, 7, 10, 11, 12, 27, 32, 57]",9,"[3, 10, 11, 12, 14, 15, 32, 55]",8,"[0, 4, 7, 10, 11, 12, 27, 32, 57, 60]",10,"[10, 11, 12, 15, 32, 35, 44, 55]",8,"[0, 4, 6, 7, 10, 11, 12, 27, 32, 60]",10
7,6,"[27, 36, 38, 39, 44, 57, 61]",7,"[17, 27, 36, 38, 39, 44, 57, 61]",8,"[17, 27, 36, 38, 39, 42, 44, 57, 61]",9,"[17, 21, 27, 36, 38, 39, 44, 46, 57, 61]",10,"[17, 27, 36, 38, 39, 44, 46, 57, 61]",9,"[17, 27, 36, 38, 39, 42, 44, 46, 57]",9,"[17, 27, 36, 38, 39, 44, 46, 57]",8,"[17, 27, 36, 38, 39, 44, 46]",7,"[17, 27, 36, 38, 39, 44, 46, 57, 58]",9,"[17, 36, 38, 39, 44, 46]",6,"[17, 27, 36, 38, 39, 44, 46, 57, 58]",9,"[17, 36, 38, 39, 42, 44, 46, 62]",8,"[17, 27, 36, 38, 39, 44, 46]",7,"[17, 36, 38, 39, 42, 44, 46, 62]",8,"[17, 36, 38, 39, 44, 57, 58]",7,"[10, 17, 36, 38, 42, 43, 44, 46, 62]",9,"[17, 27, 36, 38, 44, 58, 62]",7,"[17, 27, 36, 38, 44, 51, 62]",7,"[17, 36, 38, 39, 44, 58, 62]",7,"[17, 27, 36, 38, 41, 44, 62]",7
7,7,"[6, 36, 40, 45, 46, 57]",6,"[7, 36, 45, 51, 57]",5,"[6, 36, 40, 45, 52]",5,"[2, 6, 7, 36, 45, 51]",6,"[2, 6, 26, 36, 40, 45, 52]",7,"[2, 6, 26, 36, 40, 45, 51, 52]",8,"[6, 15, 26, 36, 40, 45, 52]",7,"[6, 26, 36, 40, 45, 51, 52]",7,"[6, 15, 26, 36, 40, 43, 44, 45, 52]",9,"[6, 26, 36, 40, 45, 51, 52]",7,"[6, 15, 26, 36, 40, 44, 45, 52, 56]",9,"[6, 7, 19, 26, 36, 40, 45, 51, 52]",9,"[6, 15, 26, 36, 40, 44, 45, 52]",8,"[6, 15, 19, 26, 36, 40, 45, 51, 52]",9,"[6, 15, 26, 36, 40, 44, 45, 52, 56]",9,"[19, 26, 36, 40, 45, 51, 52, 56]",8,"[1, 15, 19, 26, 36, 40, 44, 45, 52]",9,"[7, 15, 19, 20, 26, 36, 40, 45, 52]",9,"[1, 7, 15, 19, 20, 26, 36, 40, 45, 52]",10,"[7, 15, 19, 20, 26, 36, 40, 45, 52]",9
7,8,"[1, 29, 37, 55, 56]",5,"[11, 27, 30, 36, 37, 50, 59, 61, 63]",9,"[1, 11, 29, 36, 37, 56]",6,"[11, 27, 30, 36, 37, 50, 59, 61]",8,"[11, 29, 36, 37, 55, 61]",6,"[11, 27, 30, 36, 37, 45, 50, 59, 61]",9,"[11, 18, 29, 36, 37, 51, 55, 61]",8,"[11, 27, 30, 36, 37, 59, 61]",7,"[11, 18, 27, 29, 36, 37, 55, 61]",8,"[11, 24, 27, 30, 36, 37, 45, 59, 61]",9,"[11, 18, 27, 29, 36, 55, 61]",7,"[11, 24, 27, 30, 36, 37, 45, 59, 61]",9,"[11, 18, 29, 35, 36, 37, 51, 52, 55, 61]",10,"[11, 24, 27, 36, 37, 45, 59, 61]",8,"[11, 27, 29, 36, 45, 52, 55, 61]",8,"[11, 27, 36, 37, 45, 59, 61]",7,"[1, 11, 27, 28, 29, 36, 45, 52, 55, 61]",10,"[4, 11, 27, 36, 37, 59, 61]",7,"[1, 11, 28, 29, 36, 42, 45, 52, 55, 61]",10,"[4, 11, 12, 36, 37, 45, 59, 61]",8
7,9,"[23, 43]",2,"[0, 15, 18, 23, 44, 61]",6,"[23, 43, 44, 48, 51, 59]",6,"[0, 15, 23, 39, 44, 47, 61]",7,"[23, 41, 43, 44, 48, 51, 59]",7,"[0, 15, 23, 39, 44, 47, 61]",7,"[23, 44, 48, 51, 59]",5,"[0, 15, 23, 39, 44, 47, 61]",7,"[23, 28, 44, 47, 48, 51, 56, 59]",8,"[0, 15, 23, 39, 44, 47, 61]",7,"[23, 28, 47, 48, 51, 56, 59]",7,"[23, 39, 44, 47, 51, 56, 61]",7,"[23, 28, 47, 51, 56, 59]",6,"[23, 44, 47, 51, 56, 61]",6,"[22, 23, 28, 47, 51, 56, 59]",7,"[23, 44, 47, 51, 54, 56]",6,"[22, 23, 28, 43, 47, 51, 56]",7,"[3, 23, 47, 51, 52, 56, 63]",7,"[3, 23, 27, 28, 36, 47, 51, 56]",8,"[3, 28, 47, 51, 52, 56, 63]",7
7,10,"[17, 34, 53, 55, 61]",5,"[35, 41, 53, 59]",4,"[17, 34, 44, 55, 61]",5,"[41, 44, 53, 54, 59, 61]",6,"[17, 44, 55, 61]",4,"[44, 49, 53, 54, 59, 61]",6,"[17, 44, 54, 61]",4,"[33, 41, 44, 49, 53, 54, 59]",7,"[17, 44, 54, 61]",4,"[33, 44, 53, 54, 59]",5,"[17, 27, 44, 54, 61]",5,"[33, 44, 49, 53, 54, 59]",6,"[5, 17, 20, 27, 41, 44, 54]",7,"[33, 43, 44, 49, 53, 54]",6,"[5, 17, 20, 21, 27, 41, 44, 54]",8,"[13, 33, 41, 43, 53, 54]",6,"[5, 17, 20, 27, 35, 41, 44, 54]",8,"[13, 33, 41, 43, 44, 54, 59]",7,"[5, 20, 27, 35, 41, 44, 54]",7,"[33, 41, 43, 52, 54, 59]",6
7,11,"[5, 7, 21, 29, 41, 43, 50]",7,"[1, 8, 21, 29, 41, 50]",6,"[5, 7, 14, 16, 21, 23, 36, 41, 50]",9,"[1, 8, 16, 21, 23, 36, 41, 50]",8,"[5, 7, 14, 16, 21, 23, 36, 41, 50]",9,"[1, 8, 16, 21, 23, 36, 41, 50]",8,"[5, 7, 14, 16, 21, 23, 36, 41, 50]",9,"[1, 8, 16, 21, 36, 41, 50]",7,"[1, 5, 7, 14, 16, 21, 23, 36, 41, 50]",10,"[1, 8, 14, 16, 21, 36, 41, 50]",8,"[1, 5, 7, 14, 21, 23, 36, 41, 50]",9,"[1, 7, 13, 14, 16, 21, 23, 36, 41, 50]",10,"[1, 5, 7, 14, 16, 21, 36, 50]",8,"[1, 7, 13, 14, 16, 21, 23, 36, 50]",9,"[1, 4, 5, 7, 14, 16, 21, 36, 50]",9,"[1, 13, 14, 16, 21, 36, 50]",7,"[5, 7, 14, 21, 36, 50]",6,"[5, 7, 13, 14, 16, 21, 36, 50]",8,"[5, 7, 13, 14, 21, 36, 53]",7,"[5, 7, 11, 13, 14, 21, 36, 45]",8
8,0,"[9, 15, 46, 56]",4,"[15, 38, 39, 42, 53, 56, 58]",7,"[15, 46, 56]",3,"[15, 25, 38, 39, 42, 53, 56, 58]",8,"[15, 22, 46, 56]",4,"[15, 38, 39, 56, 58]",5,"[1, 15, 43, 46, 49]",5,"[15, 26, 27, 39, 58]",5,"[15, 22, 49, 58]",4,"[15, 22, 27, 39, 48, 58]",6,"[1, 15, 22, 26, 29, 49, 58, 63]",8,"[15, 22, 26, 27, 39, 48, 58, 63]",8,"[1, 15, 29, 43, 49, 58]",6,"[15, 22, 26, 27, 39, 48, 58, 63]",8,"[15, 22, 29, 43, 49, 58, 63]",7,"[15, 22, 26, 27, 39, 41, 58, 63]",8,"[15, 22, 29, 32, 49, 58, 63]",7,"[15, 22, 26, 27, 41, 53, 58, 63]",8,"[1, 22, 24, 29, 41, 49, 58]",7,"[15, 22, 41, 53, 58, 63]",6
8,1,"[36, 45, 53, 56]",4,"[15, 36, 53]",3,"[36, 44, 53]",3,"[10, 15, 36, 44, 46, 53]",6,"[34, 36, 44, 53]",4,"[10, 15, 36, 44, 46, 53]",6,"[1, 23, 36, 44, 53]",5,"[10, 15, 36, 44, 53, 54]",6,"[1, 23, 34, 36, 38, 44, 53]",7,"[1, 15, 36, 39, 44, 53, 54]",7,"[1, 10, 23, 36, 44, 53]",6,"[1, 10, 15, 36, 39, 44, 53, 54]",8,"[1, 23, 36, 44, 53, 54]",6,"[1, 15, 36, 39, 44, 46, 54]",7,"[1, 23, 28, 36, 38, 44, 54]",7,"[1, 10, 15, 36, 39, 44, 54]",7,"[1, 5, 23, 36, 38, 39, 42, 54]",8,"[1, 5, 15, 36, 39, 44, 46, 54]",8,"[1, 5, 10, 23, 36, 38, 39, 42, 54]",9,"[1, 5, 10, 15, 36, 39, 46, 54]",8
8,2,"[2, 9, 28, 57]",4,"[15, 26, 44, 48, 56, 61]",6,"[2, 9, 35, 61]",4,"[15, 26, 44, 48, 61]",5,"[2, 35, 61]",3,"[15, 35, 41, 44, 48, 61]",6,"[2, 35, 46, 61]",4,"[15, 35, 41, 44, 48, 61]",6,"[2, 13, 35, 61]",4,"[15, 35, 41, 48, 61]",5,"[13, 35, 54, 61]",4,"[0, 15, 35, 41, 44, 48, 61]",7,"[0, 13, 17, 35, 61]",5,"[0, 15, 18, 35, 41, 44, 48, 61]",8,"[0, 30, 35, 61]",4,"[0, 15, 18, 35, 41, 48, 61]",7,"[0, 13, 24, 35, 54, 61]",6,"[0, 15, 35, 41, 48, 50, 61]",7,"[0, 24, 35, 61]",4,"[0, 4, 15, 29, 35, 41, 48, 50, 61]",9
8,3,"[13, 27, 32, 45, 46, 53]",6,"[2, 10, 16, 21, 23, 26, 56]",7,"[11, 13, 27, 45, 46, 53]",6,"[10, 16, 21, 23, 27]",5,"[11, 13, 27, 32, 45, 46, 53]",7,"[10, 11, 16, 21, 27]",5,"[11, 13, 27, 32, 45, 51, 53]",7,"[1, 13, 16, 27, 39, 53]",6,"[4, 11, 13, 14, 27, 51, 53]",7,"[1, 10, 13, 14, 16, 27, 39, 51, 53]",9,"[4, 11, 27, 51, 53]",5,"[9, 13, 14, 21, 27, 39, 53]",7,"[4, 11, 14, 27, 51, 53]",6,"[1, 9, 10, 11, 13, 14, 27, 39, 53]",9,"[9, 11, 14, 51, 53]",5,"[1, 9, 10, 13, 14, 27, 34, 39, 53]",9,"[4, 11, 14, 17, 29, 53]",6,"[9, 10, 11, 13, 14, 21, 34, 39, 53]",9,"[4, 9, 11, 14, 17, 18, 21, 51, 55]",9,"[9, 10, 11, 13, 14, 21, 22, 34, 39]",9
8,4,"[25, 32, 40]",3,"[17, 37]",2,"[25, 32, 40, 51]",4,"[1, 11, 21, 37]",4,"[1, 8, 25, 32, 40, 51]",6,"[1, 11, 21, 37]",4,"[1, 8, 25, 32]",4,"[1, 11, 21, 31, 51]",5,"[1, 25, 32, 40]",4,"[1, 11, 21, 51]",4,"[1, 21, 25, 32]",4,"[1, 21, 51]",3,"[1, 8, 21, 25, 30, 32]",6,"[1, 11, 21, 51]",4,"[1, 8, 14, 21, 24, 30, 32]",7,"[1, 11, 21, 43, 51]",5,"[1, 8, 21, 24, 30, 32, 43]",7,"[1, 11, 21, 30, 43]",5,"[1, 8, 21, 24, 30, 32, 38, 48]",8,"[1, 8, 11, 24, 30, 43, 53]",7
8,5,"[1, 2, 24, 57, 62]",5,"[2, 7, 16, 35, 62]",5,"[1, 7, 16, 30, 35, 54, 62]",7,"[7, 15, 16, 30, 35, 62]",6,"[1, 16, 30, 35, 54, 62]",6,"[1, 7, 14, 15, 16, 30, 35, 62]",8,"[1, 16, 30, 35, 54, 62]",6,"[1, 7, 14, 16, 30, 35, 62]",7,"[1, 7, 16, 30, 62]",5,"[1, 14, 16, 30, 35, 62]",6,"[1, 16, 30, 35, 54, 62]",6,"[1, 14, 16, 30, 35, 62]",6,"[1, 10, 16, 30, 31, 54, 62]",7,"[1, 11, 14, 16, 30, 35, 62]",7,"[1, 10, 16, 30, 31, 62]",6,"[1, 14, 16, 30, 31, 35, 50, 62]",8,"[1, 10, 16, 30, 31, 50, 56, 62]",8,"[1, 10, 16, 30, 31, 35, 50, 56, 62]",9,"[1, 10, 30, 31, 37, 56, 62]",7,"[10, 30, 31, 35, 50, 56, 62]",7
8,6,"[2, 6, 7, 17, 22, 38]",6,"[6, 7, 37, 38, 57, 63]",6,"[2, 7, 17, 38, 56]",5,"[2, 6, 7, 38, 56, 58, 63]",7,"[2, 7, 17, 38, 44, 56]",6,"[2, 7, 17, 38, 56, 58, 63]",7,"[2, 7, 17, 38, 56]",5,"[2, 7, 38, 55, 56, 58, 63]",7,"[2, 17, 38, 56]",4,"[2, 7, 38, 55, 56, 58, 63]",7,"[2, 17, 38, 44, 55, 56]",6,"[2, 7, 17, 38, 55, 56, 58, 63]",8,"[2, 17, 38, 55, 56]",5,"[2, 14, 38, 55, 56, 58, 63]",7,"[2, 14, 17, 25, 38, 55, 56]",7,"[2, 17, 38, 44, 55, 56, 58, 63]",8,"[2, 14, 17, 25, 32, 38, 55, 56]",8,"[14, 32, 38, 44, 55, 56, 63]",7,"[1, 2, 14, 25, 32, 38, 55, 56, 63]",9,"[1, 14, 32, 38, 44, 55, 56, 63]",8
8,7,"[16, 44, 59, 62]",4,"[3, 16, 20, 34, 36, 58, 61]",7,"[16, 34, 36, 44, 59]",5,"[3, 16, 20, 31, 34, 36, 58]",7,"[3, 16, 34, 36, 44, 59]",6,"[3, 16, 20, 31, 34, 36, 61]",7,"[3, 16, 34, 36, 44]",5,"[3, 16, 20, 30, 31, 34, 36, 44]",8,"[3, 16, 34, 36, 44]",5,"[3, 16, 20, 30, 31, 34, 36, 44]",8,"[3, 16, 34, 36, 44]",5,"[3, 16, 20, 30, 31, 34, 36, 44]",8,"[3, 16, 34, 36, 44, 59]",6,"[3, 16, 20, 30, 31, 34, 36, 44, 57, 59]",10,"[3, 16, 34, 36, 44, 59]",6,"[3, 16, 20, 30, 31, 34, 36, 44, 57, 59]",10,"[16, 20, 34, 36, 44, 51, 59]",7,"[3, 16, 20, 30, 31, 34, 44, 57, 59]",9,"[16, 20, 26, 34, 59]",5,"[3, 16, 30, 34, 44, 57, 59]",7
8,8,"[10, 42, 52, 60]",4,"[10, 14, 27, 37, 42, 57]",6,"[10, 14, 27, 42, 52, 60]",6,"[10, 14, 27, 37, 42, 57, 60]",7,"[10, 14, 27, 29, 37, 42, 52, 60]",8,"[9, 10, 14, 27, 37, 42, 52, 57, 60]",9,"[10, 14, 27, 42, 52, 60]",6,"[9, 10, 14, 27, 42, 52, 57, 60]",8,"[10, 14, 27, 29, 42, 52, 60]",7,"[9, 10, 13, 14, 27, 37, 42, 52]",8,"[10, 16, 27, 42, 52]",5,"[9, 10, 13, 27, 29, 35, 52]",7,"[10, 16, 29, 39, 42]",5,"[9, 10, 27, 29, 35, 42, 52, 58]",8,"[10, 16, 18, 27, 42, 46]",6,"[9, 10, 16, 27, 29, 35, 58, 60]",8,"[10, 16, 18, 27, 39, 46, 57]",7,"[10, 16, 27, 29, 35, 58]",6,"[10, 16, 18, 27, 39, 40, 46, 57]",8,"[10, 16, 27, 29, 34, 35, 58]",7
8,9,"[22, 25, 27, 40]",4,"[13, 16, 18, 25, 29, 30]",6,"[17, 22, 33, 56]",4,"[3, 13, 16, 18, 25, 29, 30]",7,"[13, 17, 20, 22, 33, 39, 56]",7,"[3, 13, 16, 18, 25, 29, 30, 33]",8,"[13, 17, 24, 33, 39, 56]",6,"[13, 16, 18, 25, 29, 30, 33]",7,"[13, 17, 20, 33, 39, 47, 56]",7,"[3, 13, 16, 18, 25, 30, 33]",7,"[13, 17, 20, 33, 39, 56]",6,"[7, 13, 15, 16, 18, 25, 30]",7,"[13, 17, 20, 33, 39, 47, 56]",7,"[13, 16, 18, 30, 36, 56]",6,"[13, 17, 18, 20, 33, 39, 56, 59]",8,"[7, 13, 15, 16, 18, 30, 36, 56]",8,"[12, 13, 17, 18, 20, 33, 56, 59]",8,"[7, 13, 15, 16, 18, 30, 36, 51, 56]",9,"[5, 12, 17, 18, 20, 33, 50, 56, 59]",9,"[13, 15, 18, 30, 31, 36, 51, 56]",8
8,10,"[15, 50, 62]",3,"[10, 15, 31, 50, 59]",5,"[5, 9, 15, 20, 50]",5,"[9, 10, 15, 25, 50, 58, 59]",7,"[5, 9, 15, 20, 50]",5,"[9, 10, 15, 23, 25, 31, 50, 58]",8,"[5, 9, 28, 37, 47, 50, 58]",7,"[9, 10, 15, 23, 25, 50, 58]",7,"[5, 9, 20, 28, 37, 47, 50]",7,"[9, 10, 23, 25, 50, 58]",6,"[5, 9, 20, 28, 37, 47, 50]",7,"[9, 10, 23, 25, 31, 32, 50, 58]",8,"[5, 9, 19, 20, 28, 37, 47, 50]",8,"[9, 10, 23, 25, 28, 50, 58]",7,"[5, 9, 19, 20, 28, 37, 47, 50]",8,"[9, 10, 23, 25, 37, 47, 50, 58]",8,"[5, 9, 19, 20, 28, 37, 47, 62]",8,"[5, 9, 19, 23, 37, 50, 58]",7,"[5, 9, 19, 28, 37, 51, 55]",7,"[5, 9, 19, 23, 28, 37, 50, 55, 58]",9
8,11,[54],1,"[15, 27, 33, 52, 56, 57, 63]",7,"[3, 9, 15, 52, 54, 62]",6,"[15, 27, 33, 52, 55, 56, 63]",7,"[3, 7, 9, 15, 52, 54]",6,"[7, 15, 27, 33, 52, 55, 56, 63]",8,"[3, 7, 9, 15, 52, 54]",6,"[7, 11, 15, 27, 33, 52, 56, 63]",8,"[3, 7, 9, 15, 27, 52, 54, 62]",8,"[7, 11, 15, 27, 52, 55, 63]",7,"[3, 7, 9, 15, 27]",5,"[7, 11, 15, 27, 52, 55]",6,"[3, 7, 15, 27, 45, 52]",6,"[7, 11, 15, 27, 45, 52]",6,"[3, 9, 15, 27, 45, 62]",6,"[7, 11, 12, 15, 27, 29, 45, 49, 52]",9,"[3, 7, 15, 20, 27, 45, 61, 62]",8,"[7, 11, 12, 15, 27, 29, 49, 52]",8,"[3, 7, 15, 20, 27, 45, 62]",7,"[7, 11, 12, 15, 27, 29, 45, 46, 49, 61]",10
9,0,"[26, 27, 33, 61]",4,"[4, 11, 24, 30, 42, 57, 62, 63]",8,"[26, 27, 48]",3,"[0, 3, 11, 24, 30, 42, 57, 62, 63]",9,"[26, 27, 33, 48, 61]",5,"[0, 3, 11, 24, 30, 42, 57, 62, 63]",9,"[26, 27, 33, 48, 61]",5,"[0, 3, 11, 24, 30, 42, 57, 62]",8,"[26, 27, 33, 48, 61]",5,"[0, 3, 11, 24, 30, 42, 57, 62]",8,"[26, 27, 48, 61]",4,"[0, 3, 11, 24, 30, 35, 62]",7,"[0, 27, 41, 48, 61]",5,"[0, 3, 11, 24, 27, 35, 62]",7,"[27, 35, 48, 61]",4,"[0, 3, 11, 24, 27, 30, 35, 48, 62]",9,"[27, 33, 35, 37, 38, 48]",6,"[0, 11, 27, 35, 48]",5,"[27, 33, 35, 37, 38, 41]",6,"[11, 27, 35, 37, 48]",5
9,1,"[6, 30, 49, 58]",4,"[6, 14, 49, 58]",4,"[6, 14, 52, 58]",4,"[6, 14, 25, 45, 58]",5,"[6, 14, 46, 52, 58]",5,"[14, 25, 45, 58]",4,"[6, 14, 46, 52, 58]",5,"[3, 6, 14, 25, 45, 58]",6,"[6, 14, 46, 52, 58]",5,"[3, 6, 14, 25, 45, 46, 58, 63]",8,"[3, 6, 14, 19, 20, 46, 58]",7,"[3, 14, 19, 20, 45, 58, 63]",7,"[3, 14, 19, 46, 49, 58, 63]",7,"[3, 14, 19, 45, 46, 58, 63]",7,"[3, 14, 19, 46, 49, 58, 63]",7,"[3, 14, 19, 45, 46, 63]",6,"[3, 14, 19, 33, 46, 49, 58, 63]",8,"[3, 14, 19, 45, 46, 58, 61, 63]",8,"[3, 14, 19, 33, 46, 49, 58, 63]",8,"[3, 14, 19, 33, 45, 46, 49, 58, 61, 63]",10
9,2,"[6, 13, 33, 37]",4,"[9, 10, 13, 33, 37, 42, 50]",7,"[6, 13, 37, 38]",4,"[9, 10, 13, 33, 37, 42, 50]",7,"[6, 11, 13, 38]",4,"[5, 9, 10, 13, 33, 37, 42, 50]",8,"[5, 6, 11, 13, 33]",5,"[5, 9, 10, 13, 33, 37, 42, 50]",8,"[5, 6, 11, 13, 38]",5,"[5, 9, 10, 13, 37, 42]",6,"[5, 6, 11, 13, 30, 38]",6,"[5, 9, 10, 13]",4,"[5, 6, 11, 30, 38]",5,"[5, 9, 13]",3,"[5, 6, 11, 40, 43, 52]",6,"[5, 13, 47]",3,"[5, 11, 30, 40, 43, 48, 52]",7,"[5, 9, 12, 43, 47, 51]",6,"[5, 11, 23, 47, 48, 52, 54]",7,"[5, 9, 12, 46, 47, 51]",6
9,3,"[11, 19, 21, 34, 39, 44]",6,"[11, 19, 21, 34, 36, 39, 44, 51]",8,"[11, 19, 34, 39, 44, 55]",6,"[0, 11, 19, 34, 39, 51, 59]",7,"[11, 19, 34, 39, 44, 55]",6,"[0, 11, 19, 34, 41, 51, 55, 59]",8,"[6, 11, 19, 34, 41, 44, 59]",7,"[0, 11, 19, 31, 34, 41, 51, 59]",8,"[6, 11, 19, 34, 41, 55, 59]",7,"[0, 6, 11, 19, 34, 41, 55, 59]",8,"[6, 11, 19, 34, 41, 44, 59]",7,"[0, 6, 11, 17, 19, 31, 34, 41, 55, 59]",10,"[6, 11, 19, 34, 41, 44, 59]",7,"[0, 6, 11, 19, 31, 34, 41, 59]",8,"[6, 19, 31, 34, 41, 44, 59]",7,"[6, 11, 19, 25, 31, 34, 41, 59]",8,"[6, 19, 21, 31, 34, 41, 59]",7,"[6, 11, 19, 25, 31, 41, 59]",7,"[6, 19, 21, 40, 41, 44, 59]",7,"[6, 11, 19, 31, 41, 59]",6
9,4,"[2, 20, 51]",3,"[17, 18, 20]",3,[51],1,"[17, 18, 20, 51]",4,[51],1,"[17, 18, 20, 51]",4,"[27, 51]",2,"[17, 18, 20, 51]",4,"[27, 39, 48, 51]",4,"[17, 20, 51]",3,"[6, 12, 48, 51]",4,"[17, 18, 20, 29, 42, 48, 51]",7,"[26, 39, 48, 56]",4,"[17, 20, 29, 51, 56]",5,"[6, 12, 26, 39, 48, 51, 56, 61, 63]",9,"[17, 20, 51]",3,"[6, 12, 26, 38, 48, 56, 63]",7,"[12, 17, 20, 29]",4,"[6, 12, 17, 26, 29, 38, 56, 63]",8,"[17, 20, 29, 41, 63]",5
9,5,"[26, 56]",2,"[5, 19, 26, 56]",4,"[19, 26, 48, 56, 62]",5,"[10, 19, 26, 48, 56]",5,"[19, 26, 48, 56]",4,"[10, 19, 26, 48, 56]",5,"[19, 48, 56]",3,"[19, 26, 48, 56, 57]",5,"[19, 26, 39, 48, 56, 57]",6,"[10, 19, 26, 48, 56, 57]",6,"[19, 26, 39, 48, 56, 57]",6,"[10, 19, 26, 48, 56, 57]",6,"[19, 25, 39, 48, 56, 57]",6,"[10, 19, 25, 26, 48, 56]",6,"[7, 19, 25, 29, 48, 56, 57]",7,"[10, 19, 25, 26, 48, 56]",6,"[7, 19, 25, 41, 48, 56, 57]",7,"[10, 19, 25, 48, 56]",5,"[7, 19, 25, 41, 47, 48]",6,"[8, 10, 19, 44, 48, 56]",6
9,6,"[22, 47]",2,"[9, 19, 22, 40, 49, 54]",6,"[22, 29, 54]",3,"[9, 19, 22, 29, 40, 49, 54]",7,"[22, 29, 54, 59]",4,"[9, 19, 22, 29, 40, 49, 54, 59]",8,"[13, 22, 29, 54, 59]",5,"[9, 19, 22, 29, 40, 49, 54, 59]",8,"[13, 29, 46, 54, 59]",5,"[9, 22, 29, 40, 54, 59]",6,"[29, 40, 46, 54, 63]",5,"[5, 9, 22, 29, 32, 40, 49, 54, 59]",9,"[2, 29, 34, 40, 49, 54, 63]",7,"[5, 9, 22, 29, 40, 49, 54, 59]",8,"[2, 29, 34, 40, 45, 46, 49, 54, 63]",9,"[5, 9, 22, 29, 32, 40, 49, 59]",8,"[2, 29, 34, 40, 45, 46, 49, 54, 63]",9,"[5, 9, 12, 22, 32, 34, 40, 46, 49, 59]",10,"[2, 12, 29, 34, 40, 45, 49, 63]",8,"[5, 12, 22, 29, 40, 46, 49, 59]",8
9,7,"[33, 42, 60]",3,[59],1,"[50, 60]",2,"[3, 60]",2,"[14, 33, 50, 60]",4,"[3, 60]",2,"[33, 60]",2,"[3, 60]",2,"[33, 60]",2,[],0,"[10, 33, 46, 60]",4,"[14, 60]",2,"[10, 18, 55, 60]",4,"[3, 14]",2,"[14, 18, 33, 50]",4,[60],1,"[14, 18, 30, 46]",4,[14],1,"[6, 9, 14, 18, 30, 33, 36, 46]",8,"[6, 14]",2
9,8,"[25, 39, 45, 48, 57, 60, 61]",7,"[3, 25, 57, 60, 61]",5,"[25, 30, 39, 45, 57, 60, 61]",7,"[3, 25, 40, 56, 57, 60, 61]",7,"[25, 26, 30, 39, 57, 60, 61]",7,"[3, 25, 30, 40, 57, 60, 61]",7,"[26, 30, 39, 45, 57, 60, 61]",7,"[3, 25, 30, 57, 60, 61]",6,"[25, 26, 30, 45, 57, 60]",6,"[3, 13, 25, 30, 56, 57, 60, 61]",8,"[25, 26, 30, 39, 45, 57, 60]",7,"[3, 9, 13, 25, 30, 56, 57, 60, 61]",9,"[25, 26, 30, 45, 57, 60]",6,"[3, 6, 9, 13, 25, 30, 57, 60, 61]",9,"[25, 26, 30, 45, 57, 60]",6,"[3, 9, 13, 25, 30, 31, 57, 61]",8,"[6, 9, 25, 26, 30, 36, 60]",7,"[3, 6, 9, 13, 25, 30, 31, 57, 61]",9,"[9, 25, 26, 30, 36, 60, 61]",7,"[6, 9, 13, 25, 30, 31, 61]",7
9,9,"[6, 11, 12, 14, 15, 50]",6,"[0, 6, 15, 25, 38, 50, 51]",7,"[6, 11, 14, 15, 50]",5,"[0, 6, 15, 25, 38, 50, 51, 57]",8,"[6, 11, 14, 15, 50]",5,"[0, 6, 15, 23, 25, 30, 38, 50, 57]",9,"[6, 11, 14, 15, 50, 57]",6,"[0, 6, 15, 25, 30, 38, 50, 57]",8,"[6, 11, 15, 50]",4,"[6, 15, 23, 25, 30, 38, 57]",7,"[6, 11, 15, 39, 50, 57]",6,"[5, 15, 30, 38, 57, 59]",6,"[5, 6, 15, 35, 50, 57]",6,"[5, 15, 30, 38, 57, 61]",6,"[6, 15, 19, 35, 39, 50, 57]",7,"[5, 15, 20, 23, 30, 38, 44, 57]",8,"[5, 15, 19, 39, 50, 57]",6,"[5, 15, 20, 30, 38, 44, 50, 57, 61]",9,"[2, 5, 15, 19, 39, 44, 50, 57, 58]",9,"[4, 5, 15, 21, 44, 50, 57, 59]",8
9,10,"[6, 16, 21, 35, 37]",5,"[6, 9, 13, 14, 21, 35, 37, 57, 62]",9,"[6, 13, 16, 35]",4,"[5, 6, 9, 13, 14, 16, 21, 35, 62]",9,"[5, 6, 13, 16, 35]",5,"[5, 6, 9, 13, 14, 16, 21, 35, 57, 62]",10,"[5, 6, 13, 16, 35]",5,"[5, 6, 9, 13, 14, 16, 35, 62]",8,"[6, 13, 16, 35, 62]",5,"[5, 6, 9, 13, 14, 16, 21, 35, 57, 62]",10,"[6, 10, 13, 14, 16]",5,"[5, 6, 13, 14, 16, 35, 57, 62]",8,"[6, 13, 14, 16, 27, 62]",6,"[5, 13, 14, 35, 62]",5,"[5, 6, 13, 14, 35, 62]",6,"[5, 13, 14, 35, 62]",5,"[5, 13, 14, 27]",4,"[5, 13, 14, 27]",4,"[5, 13, 27, 33, 36, 48, 51, 62]",8,"[5, 13, 14, 27, 33, 36, 48]",7
9,11,"[38, 40]",2,"[8, 9, 31, 38, 40, 44, 55]",7,"[38, 45]",2,"[8, 9, 38, 45]",4,[38],1,"[8, 9, 38, 47, 56]",5,"[38, 55, 59]",3,"[8, 9, 47, 56]",4,[55],1,"[8, 9, 45, 47, 56]",5,[55],1,"[8, 9, 10, 47, 56]",5,"[4, 55]",2,"[4, 8, 9, 47, 56]",5,"[25, 53, 55]",3,"[4, 8, 27, 45, 47, 56]",6,"[4, 8, 17, 25, 53, 55]",6,"[4, 8, 15, 47, 56]",5,"[4, 25, 42, 53, 55, 61]",6,"[4, 8, 16, 26, 47, 56]",6
10,0,"[36, 39, 43]",3,"[19, 40, 41, 43, 57]",5,"[24, 33, 36, 37, 43, 58]",6,"[17, 33, 40, 41, 43]",5,"[24, 33, 36, 37, 58]",5,"[17, 24, 33, 40, 41, 43]",6,"[24, 33, 36, 37, 58]",5,"[24, 33, 40, 41, 43, 62]",6,"[12, 21, 24, 33, 36, 37, 58, 62]",8,"[24, 40, 41, 43, 62]",5,"[21, 24, 33, 37, 55, 58, 62]",7,"[16, 24, 37, 40, 41, 43, 62]",7,"[1, 21, 24, 37, 58, 62]",6,"[1, 16, 24, 40, 43, 58, 62]",7,"[1, 16, 21, 24, 37, 50, 55, 58, 62]",9,"[16, 24, 40, 43, 50, 58, 62]",7,"[1, 12, 16, 21, 24, 30, 50, 55, 58]",9,"[1, 16, 24, 40, 43, 50, 55]",7,"[1, 12, 13, 21, 24, 30, 50, 55, 58, 62]",10,"[16, 19, 24, 38, 40, 43, 50, 55]",8
10,1,"[3, 63]",2,[45],1,"[3, 22, 25, 63]",4,"[52, 63]",2,"[22, 25, 63]",3,"[22, 25, 52, 62, 63]",5,"[22, 25, 52, 62, 63]",5,"[22, 25, 52, 62, 63]",5,"[22, 25, 52, 62, 63]",5,"[22, 25, 52, 62, 63]",5,"[25, 41, 52, 62, 63]",5,"[22, 25, 41, 52, 62]",5,"[25, 51, 52, 62, 63]",5,"[0, 10, 25, 52, 62, 63]",6,"[0, 25, 41, 51, 52, 62, 63]",7,"[0, 25, 41, 52, 62]",5,"[0, 25, 41, 52, 53, 62]",6,"[0, 25, 35, 41, 52, 62]",6,"[0, 25, 41, 52]",4,"[0, 25, 41, 47, 52]",5
10,2,"[26, 35, 51]",3,"[2, 26, 32, 35]",4,"[26, 32, 35, 51]",4,"[26, 32, 35]",3,"[26, 35]",2,"[26, 32, 35]",3,"[5, 26, 35, 62]",4,"[16, 26, 33, 35, 62]",5,"[5, 13, 32, 33, 35, 62]",6,"[16, 26, 33, 35, 62]",5,"[5, 13, 35, 46, 53, 62]",6,"[13, 16, 26, 33, 35, 46, 62]",7,"[5, 13, 26, 46, 53, 62]",6,"[13, 16, 26, 33, 46, 62]",6,"[5, 13, 16, 26, 46, 53, 62]",7,"[13, 16, 26, 33, 46, 53, 62]",7,"[5, 13, 16, 26, 46, 53, 58, 62]",8,"[5, 13, 16, 26, 33, 46, 53, 62]",8,"[5, 13, 28, 46, 53]",5,"[5, 13, 26, 28, 46, 53, 63]",7
10,3,"[5, 17, 63]",3,"[5, 24, 26, 63]",4,"[5, 17, 43, 50, 60, 63]",6,"[5, 17, 19, 26]",4,"[17, 43, 45, 50, 63]",5,"[5, 17, 19, 24, 26, 43]",6,"[5, 17, 43, 45, 50, 63]",6,"[5, 17, 19, 26, 43]",5,"[17, 43, 45, 50]",4,"[5, 17, 19, 26, 43]",5,"[43, 45, 50, 63]",4,"[17, 19, 24, 26, 43]",5,"[43, 45, 50]",3,"[5, 17, 19, 22, 26, 27, 40, 43]",8,"[1, 8, 43, 45, 50]",5,"[17, 19, 22, 26, 27, 40, 43]",7,"[19, 35, 43, 44, 45, 50]",6,"[19, 22, 27, 40, 43, 44]",6,"[26, 43, 44, 45]",4,"[22, 24, 26, 27, 40, 43, 44, 45]",8
10,4,"[47, 49]",2,"[0, 20, 49, 55, 56, 63]",6,"[6, 9, 49]",3,"[0, 6, 20, 49, 55, 56, 63]",7,"[0, 6, 9, 13, 49]",5,"[0, 6, 20, 42, 55, 56, 63]",7,"[6, 9, 13, 20, 56]",5,"[0, 6, 20, 55, 56, 63]",6,"[0, 6, 13, 20, 46, 50]",6,"[0, 6, 13, 20, 46, 56, 63]",7,"[6, 13, 20, 21, 46, 50, 56]",7,"[0, 6, 20, 21, 42, 56, 63]",7,"[6, 12, 13, 18, 20, 21, 46, 50]",8,"[0, 6, 20, 21, 46, 56, 63]",7,"[0, 6, 13, 18, 20, 21, 46, 50, 63]",9,"[0, 6, 20, 21, 46, 56, 63]",7,"[6, 12, 13, 20, 21, 46, 50, 63]",8,"[1, 6, 12, 20, 21, 46, 63]",7,"[6, 12, 13, 18, 20, 21, 46, 63]",8,"[1, 6, 12, 20, 21, 42, 46, 63]",8
10,5,"[8, 16, 25, 51]",4,"[3, 25, 45, 46]",4,"[8, 16, 25, 51, 53]",5,"[3, 25, 45, 46, 62]",5,"[2, 16, 25, 51, 53]",5,"[3, 25, 37, 45, 46, 62]",6,"[16, 25, 51, 53]",4,"[3, 45, 53, 62]",4,"[25, 51, 53]",3,"[3, 37, 45, 53, 62]",5,"[51, 53]",2,"[3, 45, 53, 62]",4,"[25, 51, 53]",3,"[3, 45, 53, 62]",4,"[25, 27, 51, 53, 62]",5,"[3, 15, 45, 53, 62]",5,"[3, 25, 45, 49, 51, 53, 62]",7,"[3, 15, 45, 49, 53, 62]",6,"[0, 3, 35, 45, 49, 53]",6,"[3, 27, 49, 53, 57, 62]",6
10,6,"[25, 30, 55]",3,"[16, 21, 49, 60]",4,"[12, 25, 30, 49]",4,"[16, 21, 31, 37, 49, 53]",6,"[21, 24, 25, 31, 49]",5,"[16, 21, 31, 37, 49, 53]",6,"[21, 24, 31, 36, 49, 53]",6,"[16, 21, 24, 31, 49, 53]",6,"[21, 24, 31, 36, 53]",5,"[16, 21, 24, 31, 49, 53]",6,"[21, 24, 31, 36, 53]",5,"[16, 21, 24, 31, 36, 49, 53]",7,"[21, 24, 31, 36, 43, 45, 53, 58]",8,"[16, 21, 24, 31, 36, 49, 53]",7,"[21, 24, 31, 36, 43, 45, 53, 58]",8,"[16, 21, 24, 31, 53]",5,"[21, 24, 31, 43, 53, 58]",6,"[16, 21, 24, 31, 43, 53]",6,"[9, 16, 21, 24, 31, 43, 45, 53, 58]",9,"[16, 21, 24, 31, 43, 45, 53, 58]",8
10,7,"[25, 42, 45, 50]",4,"[25, 37, 42, 50, 55]",5,"[18, 25, 42, 45]",4,"[25, 35, 42, 45, 55]",5,"[18, 25, 42, 45]",4,"[25, 35, 37, 42, 45]",5,"[18, 25, 42]",3,"[25, 37, 42, 45]",4,"[18, 25, 42]",3,"[25, 35, 37, 42, 45]",5,"[18, 42]",2,"[35, 37, 42, 45]",4,"[15, 18, 42, 47, 53]",5,"[12, 35, 37, 49]",4,"[15, 18, 38, 53, 58]",5,"[15, 35, 37, 47, 63]",5,"[0, 4, 15, 18, 31, 38, 53, 58]",8,"[3, 14, 15, 31, 37, 49, 63]",7,"[0, 4, 15, 18, 31, 37, 38, 58]",8,"[3, 15, 31, 37, 39, 49]",6
10,8,"[6, 10, 12, 49]",4,"[10, 25]",2,"[6, 10, 12, 28]",4,[60],1,"[6, 10, 28]",3,"[28, 29, 51]",3,"[6, 10, 28]",3,"[10, 29, 51, 60]",4,"[10, 28, 60]",3,"[28, 29, 60]",3,"[10, 12, 28, 39, 60]",5,"[10, 28, 51, 60]",4,"[10, 28, 39, 60]",4,"[28, 36, 43, 60]",4,"[10, 12, 28, 39]",4,"[10, 28, 39, 60]",4,"[10, 15, 28, 32, 39, 43]",6,"[10, 28, 43]",3,"[6, 12, 28, 32, 34, 39]",6,"[10, 28, 32, 39]",4
10,9,"[10, 16, 28, 34, 37, 44, 55]",7,"[10, 16, 23, 28, 34, 37, 55]",7,"[10, 28, 30, 34, 37, 44, 55]",7,"[7, 10, 16, 28, 30, 34, 37, 55]",8,"[7, 10, 28, 30, 34, 37, 44, 55]",8,"[7, 10, 16, 28, 30, 34, 37, 55]",8,"[7, 10, 16, 28, 30, 34, 37, 55]",8,"[10, 16, 28, 30, 34, 37, 55]",7,"[7, 10, 28, 30, 34, 37, 55]",7,"[10, 16, 28, 30, 34, 37, 55]",7,"[7, 10, 28, 30, 34, 37, 55]",7,"[10, 16, 28, 30, 34, 37, 55]",7,"[7, 10, 28, 30, 34, 37, 55, 59]",8,"[7, 10, 16, 28, 30, 34, 37, 55]",8,"[7, 10, 28, 29, 33, 34, 37, 44, 55, 59]",10,"[28, 30, 34, 37, 55]",5,"[7, 10, 28, 34, 37, 54, 55, 59]",8,"[28, 34, 55]",3,"[7, 29, 33, 34, 44, 54, 55, 59]",8,"[26, 34, 55]",3
10,10,"[4, 7, 35, 44]",4,"[0, 11, 27, 29, 33, 35, 44]",7,"[4, 35, 37, 54]",4,"[11, 33, 35, 50]",4,"[19, 35, 54, 61]",4,"[11, 33, 35, 43, 55]",5,"[19, 35, 37, 48, 54, 61]",6,"[11, 33, 35, 55]",4,"[1, 19, 35, 37, 48, 54, 61]",7,"[11, 19, 33, 35, 50, 55]",6,"[35, 37, 48, 54, 61]",5,"[11, 18, 19, 33, 35, 50, 55]",7,"[18, 19, 35, 37, 48, 54, 55, 61]",8,"[11, 18, 33, 35, 50, 55]",6,"[15, 18, 19, 35, 37, 48, 54, 61]",8,"[11, 18, 33, 35, 55]",5,"[15, 18, 19, 35, 48, 54, 61]",7,"[11, 18, 33, 35]",4,"[15, 18, 30, 45, 54, 61]",6,"[11, 18, 26, 30, 33, 56]",6
10,11,"[49, 53]",2,"[7, 8, 24, 27, 38, 49]",6,"[14, 49]",2,"[7, 8, 24, 27, 38]",5,"[14, 49, 57]",3,"[7, 8, 24, 27, 38]",5,"[14, 22, 29, 49, 57]",5,"[7, 8, 24, 27]",4,"[14, 22, 29, 49, 50, 57]",6,"[8, 24, 27]",3,"[14, 22, 49, 50, 57]",5,"[24, 27]",2,"[14, 22, 49, 50, 51, 57]",6,"[24, 50, 57]",3,"[0, 14, 22, 41, 49, 57]",6,"[24, 50, 57]",3,"[14, 22, 49, 51, 57]",5,"[55, 57]",2,"[0, 10, 14, 45, 55, 57]",6,"[11, 21, 26, 55, 57, 58]",6
11,0,"[30, 56]",2,"[5, 7, 32, 33, 39, 48, 51, 52, 53, 61]",10,"[24, 25, 26, 30, 38, 43, 56]",7,"[5, 7, 33, 39, 48, 51, 52, 61]",8,"[24, 25, 26, 30, 38, 43, 56]",7,"[2, 5, 7, 33, 39, 48, 51, 53, 61]",9,"[21, 24, 25, 26, 30, 38, 43]",7,"[2, 5, 7, 33, 39, 48, 51, 53, 61]",9,"[21, 24, 25, 26, 30, 38, 43]",7,"[5, 7, 33, 39, 48, 51, 61]",7,"[21, 24, 26, 30, 38, 39, 43]",7,"[2, 5, 7, 33, 39, 48, 51, 53, 61]",9,"[21, 22, 24, 26, 30, 33, 38, 39, 52]",9,"[2, 5, 7, 39, 48, 53, 61]",7,"[21, 24, 26, 30, 36, 38, 39, 43]",8,"[2, 5, 7, 8, 39, 48, 51, 53, 61]",9,"[21, 22, 24, 26, 39, 46]",6,"[2, 5, 7, 8, 39, 48, 53, 61]",8,"[21, 22, 26, 36, 39, 46]",6,"[2, 5, 7, 8, 39, 41, 48, 51, 53, 61]",10
11,1,"[30, 47, 61]",3,[21],1,"[7, 27, 30]",3,"[38, 46]",2,"[5, 7, 27, 30, 51]",5,[46],1,"[5, 7, 13, 15, 27, 30, 61]",7,"[42, 46, 62]",3,"[5, 7, 14, 15, 27]",5,"[8, 23, 46]",3,"[5, 7, 14, 15, 27, 35, 36]",7,"[8, 27, 42, 46]",4,"[5, 7, 14, 15, 27, 61]",6,"[23, 42, 46]",3,"[5, 7, 14, 15, 16, 35]",6,"[27, 42, 46]",3,"[13, 14, 15, 16, 35]",5,"[44, 46]",2,"[14, 15, 16, 26]",4,"[22, 43, 46]",3
11,2,"[1, 14, 25, 46]",4,"[10, 14, 58]",3,"[1, 25, 46, 52]",4,"[10, 14, 58]",3,"[1, 25, 46, 52]",4,"[10, 14, 58]",3,"[46, 52]",2,"[10, 30, 45, 52, 58]",5,"[1, 46, 52]",3,"[10, 26, 30, 52, 58]",5,"[1, 26, 46, 52]",4,"[52, 58]",2,"[26, 36, 50, 52, 58]",5,"[10, 26, 52, 58]",4,"[1, 3, 26, 52, 58]",5,"[3, 26, 30, 36, 52, 58]",6,"[3, 10, 26, 50, 52, 58]",6,"[3, 26, 30, 52, 58]",5,"[3, 10, 26, 30, 46, 50, 52, 58]",8,"[3, 10, 25, 26, 30, 46, 50, 52, 58]",9
11,3,"[27, 57, 60, 61]",4,"[14, 56, 60, 61]",4,"[14, 18, 57, 60, 61]",5,"[14, 27, 56, 60]",4,"[14, 25, 57, 60, 61]",5,"[14, 27, 56, 60]",4,"[14, 27, 56, 57, 60, 61]",6,"[14, 27, 56, 60]",4,"[14, 18, 25, 56, 57, 60, 61]",7,"[14, 27, 56, 60]",4,"[14, 22, 25, 56, 60]",5,"[14, 27, 56, 60]",4,"[12, 14, 22, 56, 60]",5,"[14, 56, 60]",3,"[12, 14, 22, 56, 60]",5,"[14, 22, 56, 60]",4,"[14, 18, 22, 33, 56, 60]",6,"[4, 14, 22, 29, 60]",5,"[8, 12, 14, 21, 35]",5,"[4, 14, 21, 25, 29]",5
11,4,"[1, 61]",2,"[1, 8, 40, 53]",4,"[1, 8, 51, 61]",4,"[1, 2, 8, 19, 40, 50, 52, 53]",8,"[1, 2, 8, 61]",4,"[1, 8, 19, 40, 50]",5,"[1, 2, 8, 50]",4,"[1, 8, 19, 40, 50]",5,"[1, 2, 8, 19, 26, 39, 50, 51]",8,"[1, 8, 19, 40, 50]",5,"[1, 8, 19, 26, 50, 51, 60]",7,"[1, 8, 19, 40, 50]",5,"[8, 19, 26, 44, 50, 51]",6,"[8, 12, 19, 40, 50, 60]",6,"[1, 8, 12, 19, 26, 40, 44, 50, 51, 60]",10,"[1, 2, 8, 12, 19, 40, 50, 51]",8,"[1, 8, 12, 19, 40, 44, 50, 51, 54, 60]",10,"[1, 8, 12, 19, 40, 50, 51, 60]",8,"[1, 8, 12, 19, 54, 60]",6,"[1, 8, 12, 19]",4
11,5,"[14, 20, 32, 41, 46, 52]",6,"[20, 32, 41, 47, 53]",5,"[14, 19, 20, 32, 41, 46, 47]",7,"[14, 20, 41]",3,"[14, 19, 20, 26, 32, 41, 46, 47]",8,"[14, 20, 32, 41]",4,"[14, 19, 20, 26, 32, 41, 46, 47]",8,"[14, 19, 20, 32, 41, 57]",6,"[14, 19, 20, 41, 46, 47]",6,"[14, 19, 20, 32, 41, 57]",6,"[14, 19, 20, 26, 41, 46, 47]",7,"[18, 19, 20, 41, 56, 57]",6,"[4, 18, 19, 20, 26, 41, 46, 47]",8,"[18, 19, 20, 41, 56]",5,"[3, 12, 18, 19, 20, 46, 47]",7,"[18, 19, 20, 41, 56, 57]",6,"[0, 4, 18, 19, 36, 46, 47]",7,"[4, 14, 18, 19, 41, 56, 57]",7,"[0, 4, 16, 18, 36, 41, 47]",7,"[4, 18, 41, 56]",4
11,6,"[3, 5, 15, 16, 17, 20, 39]",7,"[3, 15, 39, 55]",4,"[5, 16, 39]",3,"[3, 8, 14, 16, 39, 55]",6,"[5, 16, 20, 39, 55, 58]",6,"[39, 55]",2,"[5, 7, 8, 14, 55, 58]",6,"[8, 14, 20, 39, 41, 55]",6,"[5, 8, 12, 14, 20, 36, 42, 53, 55, 58]",10,"[8, 20, 39, 41, 53, 55]",6,"[5, 7, 8, 12, 14, 20, 36, 42, 55, 58]",10,"[7, 8, 12, 14, 20, 41, 53, 55]",8,"[7, 8, 12, 14, 20, 36, 42, 55, 58]",9,"[7, 8, 14, 20, 41, 53, 55]",7,"[7, 8, 12, 14, 20, 36, 42, 55, 58]",9,"[8, 14, 20, 41, 53, 55, 58]",7,"[8, 12, 14, 36, 41, 42, 55, 58]",8,"[7, 14, 36, 41, 42, 55, 58]",7,"[8, 14, 36, 41, 42, 55]",6,"[8, 14, 36, 41, 42, 52, 55, 58]",8
11,7,"[9, 31, 33, 63]",4,"[4, 31, 48, 56]",4,"[4, 31, 56]",3,"[14, 31, 48, 56]",4,"[31, 56]",2,"[14, 31, 33, 48, 56]",5,"[31, 36, 56, 63]",4,"[14, 31, 48, 56]",4,"[3, 31, 33, 36, 56, 63]",6,"[14, 31, 33, 48, 56]",5,"[5, 31, 56, 58]",4,"[14, 31, 33, 48, 56]",5,"[3, 31, 56]",3,"[31, 48, 56, 61]",4,"[5, 31, 48, 56]",4,"[31, 48, 56, 59, 61]",5,"[5, 31, 33, 48, 56, 58]",6,"[31, 48, 61]",3,"[5, 19, 31, 33, 48, 58]",6,"[3, 5, 31, 33, 48, 58, 61]",7
11,8,"[18, 38, 59]",3,"[18, 22, 31, 38, 45, 62]",6,"[18, 38, 55, 59]",4,"[22, 38, 45, 52, 62]",5,"[18, 38, 43, 55, 59, 62]",6,"[22, 38, 45, 62]",4,"[12, 18, 43, 52, 55, 59, 62]",7,"[22, 38, 52, 62]",4,"[12, 42, 43, 52, 55, 59, 62]",7,"[22, 38, 62]",3,"[12, 42, 43, 49, 55, 59]",6,"[22, 31, 38, 52, 62]",5,"[11, 12, 35, 42, 43, 49]",6,"[22, 43, 52, 62]",4,"[12, 35, 42, 43, 49]",5,"[9, 22, 38, 43, 62]",5,"[9, 12, 22, 35, 42, 43, 49]",7,"[9, 18, 43, 59, 62]",5,"[9, 12, 35, 39, 42, 43, 49, 59]",8,"[9, 35, 43, 59, 62]",5
11,9,"[14, 16, 26, 37, 38, 53]",6,"[3, 5, 12, 26]",4,"[14, 26, 37, 38]",4,"[3, 5, 12, 26, 42]",5,"[14, 26, 37, 38]",4,"[3, 5, 12, 26, 42]",5,"[12, 14, 26, 38, 59]",5,"[3, 5, 12, 26, 42]",5,"[12, 14, 26, 37, 38, 59]",6,"[3, 5, 12, 26, 42]",5,"[12, 18, 26, 37, 38, 43, 59]",7,"[3, 5, 12, 14, 26, 42]",6,"[12, 14, 18, 26, 37, 38, 59]",7,"[3, 5, 12, 14, 26, 42, 59]",7,"[12, 14, 18, 26, 38, 43, 59]",7,"[3, 5, 12, 17, 26, 42, 59]",7,"[4, 11, 18, 26, 38, 42, 43, 59]",8,"[5, 12, 17, 26, 42, 59]",6,"[4, 11, 18, 26, 36, 38, 42, 59]",8,"[4, 12, 26, 38, 42, 59]",6
11,10,"[14, 19, 54]",3,"[14, 15, 19, 29, 39]",5,"[14, 19, 37, 42]",4,"[14, 19, 29, 39]",4,"[14, 19, 42, 54]",4,"[14, 19, 29, 39]",4,"[13, 14, 19, 42]",4,"[14, 19, 29, 39]",4,"[13, 14, 19, 35, 42, 59]",6,"[14, 19, 29, 39]",4,"[13, 14, 19, 27, 42, 59]",6,"[13, 14, 19, 29, 39, 59]",6,"[13, 14, 19, 27, 42, 47, 59]",7,"[14, 19, 29, 39]",4,"[13, 14, 19, 27, 42, 59]",6,"[13, 14, 19, 29, 39, 59]",6,"[13, 14, 27, 37, 42, 59]",6,"[13, 14, 19, 27, 29, 34, 59]",7,"[13, 14, 27, 30, 40, 42, 51]",7,"[13, 14, 19, 29, 30, 59]",6
11,11,"[0, 13, 14, 21]",4,"[15, 35, 41]",3,"[0, 14]",2,"[15, 35, 41]",3,"[0, 14]",2,"[35, 42]",2,"[0, 17, 50]",3,"[17, 35]",2,"[14, 17, 58, 62]",4,"[0, 17, 35, 42, 50, 58]",6,"[14, 17, 20, 39, 50, 58, 62]",7,"[0, 17, 27, 35, 42, 58]",6,"[14, 20, 39, 58, 62]",5,"[17, 35, 42, 58]",4,"[20, 39, 42, 61, 62]",5,"[17, 35, 42, 58]",4,"[20, 27, 39, 50, 61, 62]",6,"[17, 20, 27]",3,"[20, 27, 39, 50, 51, 59, 61, 62]",8,"[17, 20, 27, 42]",4
