layer,head,patch_common_features_k5_s1.0_cls1,patch_count_k5_s1.0_cls1,cls_common_features_k5_s1.0_cls1,cls_count_k5_s1.0_cls1,patch_common_features_k5_s2.0_cls1,patch_count_k5_s2.0_cls1,cls_common_features_k5_s2.0_cls1,cls_count_k5_s2.0_cls1,patch_common_features_k5_s4.0_cls1,patch_count_k5_s4.0_cls1,cls_common_features_k5_s4.0_cls1,cls_count_k5_s4.0_cls1,patch_common_features_k5_s9.0_cls1,patch_count_k5_s9.0_cls1,cls_common_features_k5_s9.0_cls1,cls_count_k5_s9.0_cls1,patch_common_features_k7_s2.0_cls1,patch_count_k7_s2.0_cls1,cls_common_features_k7_s2.0_cls1,cls_count_k7_s2.0_cls1,patch_common_features_k7_s4.0_cls1,patch_count_k7_s4.0_cls1,cls_common_features_k7_s4.0_cls1,cls_count_k7_s4.0_cls1,patch_common_features_k7_s13.5_cls1,patch_count_k7_s13.5_cls1,cls_common_features_k7_s13.5_cls1,cls_count_k7_s13.5_cls1,patch_common_features_k7_s15.0_cls1,patch_count_k7_s15.0_cls1,cls_common_features_k7_s15.0_cls1,cls_count_k7_s15.0_cls1,patch_common_features_k11_s2.0_cls1,patch_count_k11_s2.0_cls1,cls_common_features_k11_s2.0_cls1,cls_count_k11_s2.0_cls1,patch_common_features_k11_s5.0_cls1,patch_count_k11_s5.0_cls1,cls_common_features_k11_s5.0_cls1,cls_count_k11_s5.0_cls1
0,0,"[12, 15, 25, 27, 45, 46, 60]",7,"[12, 15, 25, 27, 37, 45, 46, 60]",8,"[12, 15, 25, 27, 45, 46, 60]",7,"[12, 15, 25, 27, 37, 45, 46, 60]",8,"[12, 15, 25, 27, 45, 46, 60]",7,"[12, 15, 25, 27, 37, 45, 46, 60]",8,"[12, 15, 25, 27, 45, 46, 60]",7,"[12, 15, 25, 27, 45, 46, 60]",7,"[5, 12, 15, 25, 27, 45, 46, 60]",8,"[12, 15, 25, 27, 37, 45, 46, 60]",8,"[5, 12, 15, 25, 27, 45, 46, 60]",8,"[15, 25, 27, 37, 45, 46, 60]",7,"[5, 12, 15, 25, 27, 45, 46, 60]",8,"[15, 25, 27, 37, 45, 46, 60]",7,"[5, 12, 15, 25, 27, 45, 46, 60]",8,"[15, 25, 27, 37, 45, 46, 60]",7,"[5, 15, 25, 27, 45, 46, 60]",7,"[15, 25, 27, 37, 45, 46, 60]",7,"[15, 25, 27, 45, 46, 60]",6,"[15, 25, 27, 37, 45, 46, 60]",7
0,1,"[3, 10, 16, 22, 24, 26, 31, 32, 34, 61]",10,"[3, 24, 25, 27, 29, 31, 32, 46, 60, 61]",10,"[3, 10, 16, 22, 24, 26, 31, 32, 34, 61]",10,"[3, 24, 25, 29, 31, 32, 44, 46, 60, 61]",10,"[3, 10, 16, 22, 24, 26, 31, 32, 34, 61]",10,"[3, 24, 25, 29, 31, 32, 44, 46, 60, 61]",10,"[3, 10, 16, 22, 24, 26, 31, 32, 34, 61]",10,"[3, 24, 25, 29, 31, 32, 44, 46, 60, 61]",10,"[3, 10, 16, 22, 24, 26, 31, 32, 34, 61]",10,"[3, 24, 25, 29, 31, 32, 44, 46, 60, 61]",10,"[3, 10, 16, 22, 24, 26, 31, 32, 34, 61]",10,"[3, 24, 25, 29, 31, 32, 44, 46, 60, 61]",10,"[3, 10, 16, 22, 24, 26, 31, 32, 34, 61]",10,"[3, 24, 25, 29, 31, 32, 44, 46, 60, 61]",10,"[3, 10, 16, 22, 24, 26, 31, 32, 34, 61]",10,"[3, 24, 25, 29, 31, 32, 44, 46, 60, 61]",10,"[3, 10, 16, 22, 24, 26, 31, 32, 34, 61]",10,"[3, 24, 25, 29, 31, 32, 44, 46, 60, 61]",10,"[3, 10, 16, 22, 24, 26, 31, 32, 34, 61]",10,"[3, 24, 25, 29, 31, 32, 44, 46, 60, 61]",10
0,2,"[3, 18, 19, 29, 46, 55]",6,"[3, 18, 19, 21, 29, 46, 55]",7,"[3, 18, 19, 21, 29, 46, 55]",7,"[3, 18, 19, 21, 29, 46, 55, 56]",8,"[3, 18, 19, 21, 29, 46, 55]",7,"[3, 18, 19, 21, 29, 46, 55, 56]",8,"[3, 18, 19, 21, 29, 46, 55]",7,"[3, 18, 19, 21, 29, 46, 55, 56]",8,"[3, 18, 19, 21, 29, 30, 46, 55]",8,"[3, 18, 19, 21, 29, 30, 46, 55, 56]",9,"[3, 18, 19, 21, 29, 30, 46, 55, 56]",9,"[3, 18, 19, 21, 29, 30, 46, 55, 56]",9,"[3, 18, 19, 21, 29, 30, 46, 55, 56]",9,"[3, 18, 19, 21, 29, 30, 46, 55, 56]",9,"[3, 18, 19, 21, 29, 30, 46, 55, 56]",9,"[3, 18, 19, 21, 29, 30, 46, 55, 56]",9,"[3, 18, 19, 21, 29, 30, 46, 55, 56]",9,"[3, 18, 19, 21, 29, 30, 46, 55, 56]",9,"[3, 18, 19, 20, 21, 29, 30, 46, 55]",9,"[3, 18, 19, 21, 29, 30, 46, 55, 56]",9
0,3,"[6, 7, 13, 23, 38, 40, 41, 54, 61]",9,"[6, 7, 13, 23, 38, 40, 41, 54, 61]",9,"[6, 7, 13, 23, 38, 40, 41, 54, 61]",9,"[4, 6, 7, 13, 23, 38, 40, 41, 54, 61]",10,"[4, 6, 7, 13, 23, 38, 40, 41, 54, 61]",10,"[4, 6, 7, 13, 23, 38, 40, 41, 54, 61]",10,"[4, 6, 7, 13, 23, 38, 40, 41, 54, 61]",10,"[4, 6, 7, 13, 23, 38, 40, 41, 54, 61]",10,"[4, 6, 7, 13, 23, 38, 40, 41, 54, 61]",10,"[4, 6, 7, 13, 23, 38, 40, 41, 54, 61]",10,"[4, 6, 7, 13, 23, 38, 40, 41, 54, 61]",10,"[4, 6, 7, 13, 23, 38, 40, 41, 54, 61]",10,"[4, 6, 7, 13, 23, 38, 40, 41, 54, 61]",10,"[4, 6, 7, 13, 23, 38, 40, 41, 54, 61]",10,"[4, 6, 7, 13, 23, 38, 40, 41, 54, 61]",10,"[4, 6, 7, 13, 23, 38, 40, 41, 54, 61]",10,"[4, 6, 7, 13, 23, 38, 40, 41, 54, 61]",10,"[4, 6, 7, 13, 23, 38, 40, 41, 54, 61]",10,"[4, 6, 7, 13, 23, 38, 40, 41, 54, 61]",10,"[4, 6, 7, 13, 23, 38, 40, 41, 54, 61]",10
0,4,"[8, 14, 22, 25, 31, 33, 46, 58]",8,"[8, 22, 31, 33, 46, 58]",6,"[8, 14, 22, 25, 31, 33, 46, 49, 58]",9,"[8, 22, 25, 31, 33, 44, 46, 58]",8,"[8, 14, 22, 25, 31, 33, 46, 49, 58]",9,"[8, 22, 31, 33, 46, 49, 58]",7,"[8, 14, 22, 25, 31, 33, 46, 49, 58]",9,"[8, 22, 31, 33, 46, 58]",6,"[8, 14, 22, 25, 31, 33, 46, 49, 58]",9,"[8, 22, 25, 31, 33, 46, 58]",7,"[8, 14, 22, 25, 31, 33, 46, 58]",8,"[8, 22, 25, 31, 33, 46, 58]",7,"[8, 14, 22, 25, 31, 33, 46, 58]",8,"[8, 22, 25, 31, 33, 46, 58]",7,"[8, 14, 22, 25, 31, 33, 46, 58]",8,"[8, 22, 25, 31, 33, 46, 58]",7,"[8, 14, 22, 25, 31, 33, 46, 58]",8,"[8, 22, 25, 31, 33, 46, 58]",7,"[8, 22, 25, 31, 33, 46, 49, 58]",8,"[8, 22, 25, 31, 33, 46, 58]",7
0,5,"[0, 2, 13, 16, 29, 39, 40, 46, 47, 62]",10,"[0, 2, 13, 16, 29, 39, 40, 46, 47, 62]",10,"[0, 2, 13, 16, 29, 39, 40, 46, 47, 53, 62]",11,"[0, 2, 13, 16, 29, 39, 40, 46, 47]",9,"[0, 2, 13, 16, 29, 39, 40, 46, 47, 53, 62]",11,"[0, 2, 13, 16, 29, 39, 40, 46, 47]",9,"[0, 2, 13, 16, 29, 39, 40, 46, 47, 53, 62]",11,"[0, 2, 13, 16, 29, 39, 40, 46, 47]",9,"[0, 2, 13, 16, 29, 39, 40, 46, 47, 53, 62]",11,"[0, 2, 13, 16, 29, 39, 40, 46, 47, 53]",10,"[0, 2, 13, 16, 29, 39, 40, 46, 47, 53, 62]",11,"[0, 2, 13, 16, 29, 39, 40, 46, 47]",9,"[0, 2, 13, 16, 29, 39, 40, 46, 47, 53, 62]",11,"[0, 2, 13, 16, 29, 39, 40, 46, 47]",9,"[0, 2, 13, 16, 29, 39, 40, 46, 47, 53, 62]",11,"[0, 2, 13, 16, 29, 39, 40, 46, 47]",9,"[0, 2, 13, 16, 29, 39, 40, 46, 47, 53, 62]",11,"[0, 2, 13, 16, 29, 39, 40, 46, 47, 53]",10,"[0, 2, 13, 16, 29, 39, 40, 46, 47, 53]",10,"[0, 2, 13, 16, 29, 39, 40, 46, 47]",9
0,6,"[11, 18, 30, 37, 43, 59, 60]",7,"[11, 18, 30, 37, 43, 59, 60]",7,"[11, 18, 30, 37, 43, 59, 60]",7,"[11, 18, 30, 37, 43, 59, 60]",7,"[11, 18, 30, 37, 43, 59, 60]",7,"[11, 18, 30, 37, 43, 59, 60]",7,"[11, 18, 30, 37, 43, 59, 60]",7,"[11, 18, 30, 37, 43, 59, 60]",7,"[11, 18, 30, 37, 43, 59, 60]",7,"[11, 18, 30, 37, 43, 59, 60]",7,"[11, 18, 23, 30, 37, 43, 59, 60]",8,"[11, 18, 30, 37, 43, 59, 60]",7,"[11, 18, 23, 30, 37, 43, 59, 60]",8,"[11, 18, 30, 37, 43, 59, 60]",7,"[11, 18, 23, 30, 37, 43, 59, 60]",8,"[11, 18, 30, 37, 43, 59, 60]",7,"[11, 18, 23, 30, 37, 43, 59, 60]",8,"[11, 18, 30, 37, 43, 59, 60]",7,"[11, 18, 23, 30, 37, 43, 59, 60]",8,"[11, 18, 30, 37, 43, 59, 60]",7
0,7,"[2, 4, 7, 12, 21, 27, 29, 37, 40, 63]",10,"[2, 4, 7, 12, 21, 27, 29, 37, 40, 63]",10,"[2, 4, 7, 12, 21, 27, 29, 37, 40, 63]",10,"[2, 4, 7, 12, 21, 27, 29, 37, 40, 63]",10,"[2, 4, 7, 12, 21, 27, 29, 37, 40, 63]",10,"[2, 4, 7, 12, 21, 27, 29, 37, 40, 63]",10,"[2, 4, 7, 12, 21, 27, 29, 37, 40, 63]",10,"[2, 4, 7, 12, 21, 27, 29, 37, 40, 63]",10,"[2, 4, 7, 12, 21, 27, 29, 37, 40, 63]",10,"[2, 4, 7, 12, 21, 27, 29, 37, 40, 63]",10,"[2, 4, 7, 12, 21, 27, 29, 37, 40, 63]",10,"[2, 4, 7, 12, 21, 27, 29, 37, 40, 63]",10,"[2, 4, 7, 12, 21, 27, 29, 37, 40, 63]",10,"[2, 4, 7, 12, 21, 27, 29, 37, 40, 63]",10,"[2, 4, 7, 12, 21, 27, 29, 37, 40, 63]",10,"[2, 4, 7, 12, 21, 27, 29, 37, 40, 63]",10,"[2, 4, 7, 12, 21, 27, 29, 37, 40, 63]",10,"[2, 4, 7, 12, 21, 27, 29, 37, 40, 63]",10,"[2, 4, 7, 12, 21, 27, 29, 37, 40, 63]",10,"[2, 4, 7, 12, 21, 27, 29, 37, 40, 63]",10
0,8,"[9, 20, 30, 34, 37, 42, 45, 49, 53, 57]",10,"[9, 20, 30, 34, 37, 42, 45, 49, 53, 57]",10,"[9, 20, 30, 34, 37, 42, 45, 49, 53, 57]",10,"[9, 20, 30, 34, 37, 42, 45, 49, 57]",9,"[9, 20, 30, 34, 37, 42, 45, 49, 53, 57]",10,"[1, 9, 20, 30, 34, 37, 42, 45, 49, 57]",10,"[9, 20, 30, 34, 37, 42, 45, 49, 53, 57]",10,"[1, 9, 20, 30, 34, 37, 42, 45, 49, 57]",10,"[9, 20, 30, 34, 37, 42, 45, 49, 53, 57]",10,"[1, 9, 20, 30, 34, 37, 42, 45, 49, 57]",10,"[9, 20, 30, 34, 37, 42, 45, 49, 53, 57]",10,"[1, 9, 20, 30, 34, 37, 42, 45, 49, 57]",10,"[9, 20, 30, 34, 37, 42, 45, 49, 53, 57]",10,"[1, 9, 20, 30, 34, 37, 42, 45, 49, 57]",10,"[9, 20, 30, 34, 37, 42, 45, 49, 53, 57]",10,"[1, 9, 20, 30, 34, 37, 42, 45, 49, 57]",10,"[9, 20, 30, 34, 37, 42, 45, 49, 53, 57]",10,"[1, 9, 20, 30, 34, 37, 42, 45, 49, 57]",10,"[9, 20, 30, 34, 37, 42, 45, 49, 53, 57]",10,"[1, 9, 20, 30, 34, 37, 42, 45, 49, 57]",10
0,9,"[2, 12, 16, 17, 25, 36, 39, 43, 48, 59, 63]",11,"[2, 12, 16, 17, 25, 36, 39, 43, 48, 59, 63]",11,"[2, 12, 16, 17, 25, 36, 39, 43, 48, 59, 63]",11,"[2, 12, 16, 17, 25, 36, 39, 48, 59, 63]",10,"[2, 12, 16, 17, 25, 36, 39, 43, 48, 59, 63]",11,"[2, 12, 16, 17, 25, 36, 39, 43, 48, 59, 63]",11,"[2, 12, 16, 17, 25, 36, 39, 43, 48, 59, 63]",11,"[2, 12, 16, 17, 25, 36, 39, 43, 48, 59, 63]",11,"[2, 12, 16, 17, 25, 36, 39, 43, 48, 63]",10,"[2, 12, 16, 17, 25, 36, 39, 43, 48, 59, 63]",11,"[2, 12, 16, 17, 25, 36, 39, 43, 48, 59]",10,"[2, 12, 16, 17, 25, 36, 39, 43, 48, 59]",10,"[2, 12, 16, 17, 25, 36, 39, 43, 48, 59]",10,"[2, 12, 16, 17, 25, 36, 39, 43, 48, 59]",10,"[2, 12, 16, 17, 25, 36, 39, 43, 48, 59]",10,"[2, 12, 16, 17, 25, 36, 39, 43, 48, 59]",10,"[2, 12, 16, 17, 25, 36, 39, 43, 48, 59]",10,"[2, 12, 16, 17, 25, 36, 39, 43, 48, 59]",10,"[2, 12, 16, 17, 25, 36, 39, 43, 48]",9,"[2, 12, 16, 17, 25, 36, 39, 48, 59]",9
0,10,"[1, 6, 11, 13, 15, 16, 36, 49, 59]",9,"[1, 6, 11, 13, 15, 16, 33, 36, 37, 59]",10,"[1, 6, 11, 13, 15, 16, 36, 49, 59]",9,"[1, 6, 11, 13, 15, 16, 36, 37, 49, 59]",10,"[1, 6, 11, 13, 15, 16, 36, 49]",8,"[1, 6, 11, 13, 15, 16, 36, 37, 49, 59]",10,"[1, 6, 11, 13, 15, 16, 36, 49]",8,"[1, 6, 11, 13, 15, 16, 36, 37, 49, 59]",10,"[1, 6, 11, 13, 15, 16, 36, 49]",8,"[1, 6, 11, 13, 15, 16, 36, 37, 49, 59]",10,"[1, 6, 11, 13, 15, 16, 36, 49]",8,"[1, 6, 11, 13, 15, 16, 36, 37, 49, 59]",10,"[1, 6, 11, 13, 15, 16, 36, 49]",8,"[1, 6, 11, 13, 15, 16, 36, 37, 49, 59]",10,"[1, 6, 11, 13, 15, 16, 36, 49]",8,"[1, 6, 11, 13, 15, 16, 36, 37, 49, 59]",10,"[1, 6, 11, 13, 15, 16, 36, 49]",8,"[1, 6, 11, 13, 15, 16, 36, 37, 49, 59]",10,"[1, 6, 11, 13, 15, 16, 36]",7,"[1, 6, 11, 13, 15, 16, 36, 37, 49, 59]",10
0,11,"[0, 9, 34, 40, 48, 63]",6,"[0, 9, 16, 19, 34, 37, 40, 63]",8,"[0, 9, 34, 37, 40, 42, 48, 63]",8,"[0, 9, 34, 37, 40, 42, 48, 63]",8,"[0, 9, 34, 37, 40, 42, 48, 63]",8,"[0, 4, 9, 34, 37, 40, 42, 48, 63]",9,"[0, 9, 34, 37, 40, 42, 48, 63]",8,"[0, 4, 9, 34, 37, 40, 42, 48, 63]",9,"[0, 9, 34, 37, 40, 42, 48, 63]",8,"[0, 9, 16, 19, 34, 40, 42, 48, 63]",9,"[0, 9, 34, 37, 40, 42, 48, 63]",8,"[0, 9, 34, 37, 40, 42, 48, 63]",8,"[0, 9, 34, 37, 40, 42, 48, 63]",8,"[0, 9, 34, 37, 40, 42, 48, 63]",8,"[0, 9, 34, 37, 40, 42, 48, 63]",8,"[0, 9, 34, 37, 40, 42, 48, 63]",8,"[0, 9, 34, 37, 40, 42, 48, 63]",8,"[0, 9, 19, 34, 37, 40, 42, 48, 63]",9,"[0, 9, 34, 37, 40, 42, 48, 63]",8,"[0, 9, 34, 37, 40, 42, 48, 63]",8
1,0,"[3, 11, 30, 50, 53, 55, 59]",7,"[3, 4, 11, 30, 46, 50, 53, 55]",8,"[3, 4, 11, 28, 30, 52, 53, 55, 59]",9,"[3, 4, 11, 28, 30, 52, 53, 55]",8,"[3, 4, 11, 28, 30, 45, 52, 53, 55, 59]",10,"[3, 4, 11, 30, 52, 53, 55]",7,"[3, 4, 11, 28, 30, 52, 53, 55, 59]",9,"[3, 4, 11, 30, 52, 53, 55]",7,"[3, 4, 11, 28, 30, 45, 52, 53, 55]",9,"[3, 4, 11, 30, 52, 53, 55]",7,"[3, 4, 11, 30, 45, 52, 53, 55]",8,"[3, 4, 11, 30, 53, 55, 56]",7,"[3, 4, 11, 30, 45, 52, 53, 55]",8,"[3, 4, 11, 16, 30, 53, 55, 56]",8,"[3, 4, 11, 30, 45, 52, 53, 55]",8,"[3, 4, 11, 16, 30, 53, 55, 56]",8,"[3, 4, 11, 30, 45, 52, 53, 55]",8,"[3, 4, 11, 30, 52, 53, 55, 56]",8,"[3, 4, 11, 16, 30, 53, 55, 56]",8,"[3, 4, 11, 16, 30, 53, 55, 56]",8
1,1,"[2, 4, 11, 12, 21, 26, 40, 48, 50]",9,"[2, 3, 4, 11, 12, 21, 40, 48, 50]",9,"[2, 3, 4, 11, 12, 21, 30, 40, 48, 50]",10,"[2, 3, 4, 11, 12, 21, 30, 40, 48, 50]",10,"[2, 3, 4, 11, 12, 21, 30, 40, 48]",9,"[2, 3, 4, 11, 12, 21, 30, 40, 48, 50]",10,"[2, 3, 4, 11, 12, 21, 30, 40, 48]",9,"[2, 3, 4, 11, 12, 21, 30, 40, 48, 50]",10,"[2, 3, 4, 11, 12, 21, 30, 40, 48]",9,"[2, 3, 4, 11, 12, 21, 30, 40, 48, 50]",10,"[2, 3, 4, 11, 12, 21, 30, 40, 48]",9,"[2, 3, 4, 12, 21, 30, 40, 48, 50]",9,"[2, 4, 12, 21, 30, 40, 48]",7,"[2, 3, 4, 12, 21, 27, 30, 40, 48, 50]",10,"[2, 4, 12, 21, 30, 40, 48]",7,"[2, 3, 4, 12, 21, 27, 30, 40, 48, 50]",10,"[2, 3, 4, 11, 12, 21, 30, 40, 48]",9,"[2, 3, 4, 12, 21, 30, 40, 48, 50]",9,"[2, 4, 12, 15, 21, 30, 40, 48]",8,"[2, 3, 12, 21, 27, 30, 40, 48, 50, 62]",10
1,2,"[8, 35, 38, 43, 45, 46, 58, 63]",8,"[0, 8, 34, 35, 42, 43, 45, 62, 63]",9,"[21, 35, 43, 45, 46, 58, 63]",7,"[8, 21, 34, 35, 42, 43, 45, 62, 63]",9,"[21, 35, 43, 45, 46, 58, 63]",7,"[21, 34, 35, 42, 43, 45, 46, 63]",8,"[21, 27, 35, 43, 45, 46, 58, 63]",8,"[21, 34, 35, 42, 43, 45, 46, 63]",8,"[21, 27, 35, 43, 45, 46, 58, 63]",8,"[21, 34, 35, 42, 43, 45, 46, 63]",8,"[21, 27, 35, 43, 45, 46, 58, 63]",8,"[21, 27, 34, 35, 42, 43, 45, 46, 63]",9,"[21, 27, 35, 45, 46, 58, 63]",7,"[21, 27, 34, 35, 42, 43, 45, 46, 63]",9,"[21, 27, 35, 45, 46, 58, 63]",7,"[21, 27, 34, 35, 42, 43, 45, 46, 63]",9,"[21, 27, 35, 43, 45, 46, 58, 63]",8,"[21, 34, 35, 42, 43, 45, 46, 63]",8,"[21, 27, 35, 45, 46, 58, 63]",7,"[4, 21, 27, 34, 35, 42, 45, 58, 63]",9
1,3,"[2, 4, 13, 19, 20, 25, 35, 43, 44]",9,"[4, 13, 19, 20, 25, 35, 37, 43, 44]",9,"[4, 13, 19, 20, 25, 34, 35, 43, 44]",9,"[4, 13, 19, 20, 25, 34, 35, 43, 44]",9,"[4, 13, 19, 20, 25, 34, 35, 43, 44]",9,"[4, 13, 19, 20, 25, 34, 35, 43, 44]",9,"[4, 13, 19, 20, 25, 34, 35, 43, 44]",9,"[4, 13, 19, 20, 25, 34, 35, 43, 44]",9,"[4, 13, 19, 20, 25, 34, 35, 43, 44]",9,"[4, 13, 19, 20, 25, 34, 35, 43, 44]",9,"[2, 4, 13, 19, 20, 25, 34, 35, 43, 44]",10,"[4, 13, 19, 20, 25, 34, 35, 43, 44]",9,"[2, 4, 13, 19, 20, 25, 34, 35, 43, 44]",10,"[4, 13, 19, 20, 25, 35, 43, 44]",8,"[2, 4, 13, 19, 20, 25, 34, 35, 43, 44]",10,"[4, 13, 19, 20, 25, 35, 43, 44]",8,"[2, 4, 13, 19, 20, 25, 34, 35, 43, 44]",10,"[4, 13, 19, 20, 25, 34, 35, 43, 44]",9,"[4, 13, 19, 20, 25, 31, 34, 35, 43, 44]",10,"[4, 13, 19, 20, 25, 31, 34, 35, 43, 44]",10
1,4,"[20, 24, 32, 35, 38, 39, 50, 62, 63]",9,"[5, 20, 24, 32, 35, 38, 39, 50, 62, 63]",10,"[20, 24, 32, 35, 39, 47, 50, 62, 63]",9,"[5, 20, 24, 32, 35, 39, 47, 50, 62, 63]",10,"[20, 24, 32, 35, 39, 47, 50, 62, 63]",9,"[5, 20, 24, 32, 35, 39, 47, 50, 62, 63]",10,"[20, 24, 32, 35, 39, 47, 50, 62, 63]",9,"[5, 20, 24, 32, 35, 39, 47, 50, 62, 63]",10,"[20, 24, 32, 35, 39, 47, 50, 62, 63]",9,"[20, 24, 32, 35, 39, 47, 50, 62, 63]",9,"[20, 24, 32, 35, 39, 47, 50, 62, 63]",9,"[20, 24, 32, 35, 39, 47, 50, 62, 63]",9,"[20, 24, 32, 35, 39, 47, 50, 62, 63]",9,"[20, 24, 32, 35, 39, 47, 50, 62, 63]",9,"[20, 24, 32, 35, 39, 47, 50, 62, 63]",9,"[20, 24, 32, 35, 39, 47, 50, 62, 63]",9,"[20, 24, 32, 35, 39, 47, 50, 62, 63]",9,"[20, 24, 32, 35, 39, 47, 50, 62, 63]",9,"[20, 24, 27, 35, 39, 47, 50, 62, 63]",9,"[20, 24, 32, 35, 39, 47, 50, 62, 63]",9
1,5,"[1, 23, 29, 36, 39, 44, 59]",7,"[0, 1, 21, 23, 25, 41, 47]",7,"[1, 21, 23, 29, 36, 44, 47, 59]",8,"[0, 1, 13, 21, 23, 25, 41, 47]",8,"[1, 16, 21, 23, 29, 36, 44, 47, 59]",9,"[0, 1, 13, 21, 23, 25, 41, 47]",8,"[1, 16, 21, 23, 29, 36, 44, 47, 59]",9,"[0, 1, 13, 21, 23, 25, 41, 47]",8,"[1, 16, 21, 23, 29, 36, 44, 47, 59]",9,"[0, 1, 13, 21, 23, 25, 41, 47, 61]",9,"[1, 16, 21, 23, 29, 36, 44, 47, 59]",9,"[0, 1, 13, 21, 23, 25, 41, 47, 61]",9,"[1, 16, 21, 23, 36, 44, 47, 59]",8,"[0, 1, 13, 21, 23, 25, 41, 47, 61]",9,"[1, 16, 21, 23, 36, 44, 47, 59]",8,"[0, 1, 13, 21, 23, 25, 41, 47, 61]",9,"[1, 16, 21, 23, 29, 36, 44, 47, 59]",9,"[0, 1, 13, 21, 23, 25, 41, 47, 61]",9,"[1, 16, 21, 23, 36, 44, 59]",7,"[0, 1, 10, 13, 21, 23, 25, 41, 47, 61]",10
1,6,"[14, 18, 22, 37, 41, 62]",6,"[14, 18, 22, 37, 41, 47, 57, 62]",8,"[17, 18, 19, 22, 41, 57, 62]",7,"[14, 18, 19, 22, 37, 41, 47, 57, 62]",9,"[18, 19, 22, 37, 41, 57, 62]",7,"[14, 18, 19, 22, 37, 41, 47, 57, 62]",9,"[18, 19, 22, 37, 41, 47, 57, 62]",8,"[14, 18, 19, 22, 37, 41, 47, 57, 62]",9,"[14, 18, 19, 22, 37, 41, 57, 62]",8,"[14, 18, 19, 22, 37, 41, 47, 62]",8,"[14, 17, 18, 19, 22, 37, 41, 47, 57, 62]",10,"[14, 18, 19, 22, 37, 41, 47, 62]",8,"[14, 17, 18, 19, 22, 37, 41, 47, 57, 62]",10,"[14, 18, 19, 22, 37, 41, 47, 62]",8,"[14, 17, 18, 19, 22, 37, 41, 47, 57, 62]",10,"[14, 18, 19, 22, 37, 41, 47, 62]",8,"[14, 18, 19, 22, 37, 41, 47, 57, 62]",9,"[14, 18, 19, 22, 37, 41, 47, 62]",8,"[14, 18, 19, 22, 37, 39, 41, 47, 57]",9,"[14, 18, 19, 22, 37, 38, 39, 41, 47, 57]",10
1,7,"[8, 16, 19, 24, 32, 34, 38, 39, 53, 57]",10,"[8, 16, 24, 32, 39, 53]",6,"[8, 16, 19, 24, 32, 34, 38, 39, 57]",9,"[8, 16, 24, 32, 39, 63]",6,"[8, 19, 24, 32, 34, 38, 39, 57]",8,"[8, 16, 24, 26, 32, 39, 63]",7,"[8, 19, 24, 32, 34, 38, 39, 57]",8,"[8, 16, 24, 26, 32, 39, 63]",7,"[8, 19, 24, 32, 34, 39, 57, 63]",8,"[8, 16, 24, 26, 32, 39, 63]",7,"[8, 19, 24, 32, 34, 39, 57, 63]",8,"[8, 13, 16, 24, 26, 32, 39, 63]",8,"[8, 19, 24, 32, 34, 38, 39, 57, 63]",9,"[8, 13, 16, 24, 26, 32, 39, 63]",8,"[8, 19, 24, 32, 34, 38, 39, 57, 63]",9,"[8, 13, 16, 24, 26, 32, 39, 63]",8,"[8, 19, 24, 32, 34, 39, 57, 63]",8,"[8, 13, 16, 24, 26, 32, 39, 63]",8,"[19, 24, 32, 39, 55, 57, 63]",7,"[8, 13, 24, 26, 32, 39, 42, 63]",8
1,8,"[5, 19, 30, 33, 34, 42, 48, 57, 59]",9,"[5, 30, 33, 34, 42, 44, 48, 57]",8,"[5, 30, 33, 34, 42, 48, 59]",7,"[5, 30, 33, 34, 42, 48]",6,"[5, 30, 33, 34, 48, 59]",6,"[5, 30, 33, 34, 42, 48]",6,"[5, 7, 30, 33, 34, 48, 59]",7,"[5, 30, 33, 34, 42, 48]",6,"[5, 7, 30, 33, 34, 48, 59]",7,"[5, 18, 30, 33, 34, 42, 48]",7,"[5, 6, 7, 30, 33, 34, 59]",7,"[5, 7, 18, 30, 33, 34, 48]",7,"[5, 6, 7, 30, 33, 34, 48, 59]",8,"[5, 7, 18, 30, 33, 34, 48]",7,"[5, 6, 7, 30, 33, 34, 48, 59]",8,"[5, 7, 18, 30, 33, 34, 48]",7,"[5, 7, 30, 33, 34, 59]",6,"[5, 7, 18, 30, 33, 34, 48]",7,"[5, 6, 7, 18, 30, 33, 35, 59]",8,"[5, 6, 7, 18, 30, 33, 35, 48]",8
1,9,"[20, 23, 28, 54, 56, 58]",6,"[9, 20, 23, 28, 41, 52, 56, 58]",8,"[20, 23, 28, 54, 56]",5,"[9, 20, 23, 41, 56, 58]",6,"[9, 20, 23, 28, 54, 56]",6,"[9, 20, 23, 41, 56, 58]",6,"[9, 20, 23, 28, 54, 56]",6,"[9, 20, 23, 41, 56, 58]",6,"[9, 20, 23, 28, 54, 56, 60]",7,"[9, 20, 23, 41, 56, 58]",6,"[9, 20, 23, 28, 56, 60]",6,"[9, 20, 23, 41, 52, 53, 56]",7,"[9, 20, 23, 28, 56]",5,"[9, 20, 23, 32, 41, 44, 53, 56]",8,"[9, 20, 23, 28, 56]",5,"[9, 20, 23, 32, 41, 44, 53, 56]",8,"[9, 20, 23, 28, 56, 60]",6,"[9, 20, 23, 41, 53, 56]",6,"[9, 20, 23, 28, 44, 52, 56, 60]",8,"[1, 9, 20, 23, 32, 41, 44, 52, 53, 56]",10
1,10,"[6, 12, 17, 19, 21, 24, 39, 47, 61]",9,"[6, 12, 17, 19, 21, 24, 31, 39, 47, 61]",10,"[6, 12, 17, 19, 21, 24, 47, 61]",8,"[6, 12, 17, 19, 21, 24, 29, 39, 47, 61]",10,"[6, 12, 17, 19, 21, 24, 47, 61]",8,"[6, 12, 17, 19, 21, 24, 29, 39, 47, 61]",10,"[6, 12, 17, 19, 21, 24, 47, 61]",8,"[6, 12, 17, 19, 21, 24, 29, 39, 47, 61]",10,"[6, 12, 17, 19, 21, 24, 26, 47, 61]",9,"[6, 12, 17, 19, 21, 24, 29, 47, 61]",9,"[6, 12, 17, 19, 21, 24, 26, 47, 61]",9,"[6, 12, 17, 19, 21, 24, 29, 61]",8,"[6, 12, 17, 19, 21, 24, 26, 47, 61]",9,"[6, 12, 17, 19, 21, 24, 29, 61]",8,"[6, 12, 17, 19, 21, 24, 26, 47, 61]",9,"[6, 12, 17, 19, 21, 24, 29, 61]",8,"[6, 12, 17, 19, 21, 24, 26, 47, 61]",9,"[6, 12, 17, 19, 21, 24, 29, 61]",8,"[6, 12, 17, 19, 21, 24, 26, 61]",8,"[6, 12, 17, 19, 21, 24, 26, 29, 44, 61]",10
1,11,"[1, 3, 6, 7, 13, 15, 18, 21, 52]",9,"[1, 3, 6, 7, 15, 18, 21, 50, 51, 52, 59]",11,"[3, 7, 12, 13, 15, 18, 21, 27, 29]",9,"[1, 3, 6, 7, 18, 27, 50, 59]",8,"[3, 7, 12, 13, 15, 18, 21, 27, 29]",9,"[1, 3, 7, 18, 21, 27, 50, 59]",8,"[3, 7, 12, 13, 15, 18, 21, 27, 29]",9,"[1, 3, 7, 18, 27, 29, 50, 59]",8,"[3, 7, 12, 13, 15, 18, 21, 27, 29]",9,"[3, 7, 12, 18, 27, 29, 50, 59]",8,"[3, 7, 12, 13, 18, 21, 27, 29, 33, 48]",10,"[3, 7, 12, 18, 27, 29, 50]",7,"[3, 7, 12, 13, 18, 21, 27, 29, 33, 48]",10,"[3, 7, 12, 18, 27, 29, 50]",7,"[3, 7, 12, 13, 18, 21, 27, 29, 33, 48]",10,"[3, 7, 12, 18, 27, 29, 50]",7,"[3, 7, 12, 13, 18, 21, 27, 29, 33, 48]",10,"[3, 7, 12, 18, 27, 29, 50]",7,"[3, 7, 12, 13, 18, 27, 29, 33, 48]",9,"[3, 7, 12, 13, 18, 27, 29, 33, 50]",9
2,0,"[0, 18, 23, 24, 26, 28, 41, 57, 59, 60]",10,"[0, 18, 23, 24, 26, 28, 41, 57, 60]",9,"[5, 18, 23, 24, 26, 28, 41, 45, 57, 60]",10,"[18, 23, 24, 26, 28, 41, 45, 57, 60]",9,"[5, 18, 24, 26, 28, 41, 45, 57, 60]",9,"[5, 18, 23, 24, 26, 28, 41, 45, 57, 60]",10,"[5, 18, 24, 26, 28, 41, 45, 57, 60]",9,"[5, 18, 24, 26, 28, 41, 45, 57, 60]",9,"[5, 16, 18, 24, 26, 28, 41, 45, 57, 60]",10,"[5, 18, 24, 26, 28, 41, 45, 57, 60]",9,"[5, 16, 18, 24, 26, 28, 41, 45, 57, 60]",10,"[5, 16, 18, 24, 26, 28, 41, 45, 57, 60]",10,"[5, 16, 18, 24, 26, 28, 41, 45, 57, 60]",10,"[5, 16, 18, 24, 26, 28, 41, 45, 57, 60]",10,"[5, 16, 18, 24, 26, 28, 41, 45, 57, 60]",10,"[5, 16, 18, 24, 26, 28, 41, 45, 57, 60]",10,"[5, 16, 18, 24, 26, 28, 41, 45, 57, 60]",10,"[5, 16, 18, 24, 26, 28, 41, 45, 57, 60]",10,"[5, 16, 18, 24, 26, 28, 41, 45, 57, 60]",10,"[5, 16, 18, 24, 26, 28, 34, 41, 45, 57, 60]",11
2,1,"[11, 29, 31, 34, 51, 55, 59]",7,"[11, 29, 31, 34, 35, 51, 54, 55, 59]",9,"[1, 11, 29, 31, 34, 54, 55, 59, 61]",9,"[1, 11, 29, 31, 34, 54, 55, 59, 61]",9,"[1, 11, 29, 31, 34, 54, 55, 59, 61]",9,"[1, 29, 34, 35, 54, 55, 59, 61]",8,"[1, 11, 29, 31, 34, 54, 55, 61]",8,"[1, 29, 34, 35, 54, 55, 61]",7,"[1, 29, 31, 34, 54, 55, 59, 61]",8,"[1, 29, 31, 34, 35, 41, 54, 55, 59, 61]",10,"[1, 22, 29, 31, 34, 35, 54, 55, 61]",9,"[1, 29, 34, 35, 41, 54, 55, 59, 61]",9,"[1, 22, 29, 34, 54, 55, 61]",7,"[1, 29, 34, 35, 54, 55, 59, 61]",8,"[1, 22, 29, 34, 54, 55, 61]",7,"[1, 29, 34, 35, 54, 55, 59, 61]",8,"[1, 29, 31, 34, 41, 54, 55, 59, 61]",9,"[1, 29, 34, 35, 41, 54, 55, 59, 61]",9,"[1, 29, 34, 41, 51, 54, 55, 61]",8,"[1, 29, 34, 41, 54, 55, 61]",7
2,2,"[3, 26, 28, 29, 35, 39, 43, 48]",8,"[11, 26, 28, 29, 35, 43, 57]",7,"[4, 26, 29, 35, 41, 43, 57]",7,"[11, 26, 28, 29, 35, 43, 57]",7,"[4, 26, 29, 35, 41, 43, 57]",7,"[11, 26, 28, 29, 35, 43]",6,"[4, 26, 29, 35, 41, 43, 57]",7,"[11, 15, 26, 28, 29, 35, 43]",7,"[4, 26, 29, 35, 41, 43, 50, 57]",8,"[4, 11, 15, 26, 29, 35, 40, 43, 50, 57]",10,"[4, 15, 26, 29, 35, 41, 43, 50, 57]",9,"[11, 15, 26, 29, 35, 40, 43, 50]",8,"[4, 15, 26, 29, 35, 41, 43, 50, 57]",9,"[11, 15, 26, 29, 35, 40, 43, 50]",8,"[4, 15, 26, 29, 35, 41, 43, 50, 57]",9,"[11, 15, 26, 29, 35, 40, 43, 50]",8,"[4, 26, 29, 35, 41, 43, 50, 57]",8,"[4, 11, 15, 26, 29, 35, 40, 41, 43, 50]",10,"[24, 26, 29, 35, 40, 41, 43, 50, 57]",9,"[11, 15, 26, 29, 35, 40, 41, 43, 50]",9
2,3,"[2, 5, 6, 19, 23, 41, 45, 51]",8,"[5, 6, 19, 45, 51]",5,"[5, 6, 14, 19, 20, 25, 51]",7,"[3, 6, 14, 19, 20, 25, 51]",7,"[5, 6, 14, 19, 20, 25, 51]",7,"[5, 6, 14, 19, 20, 25, 35, 51]",8,"[5, 6, 14, 19, 20, 25, 51]",7,"[5, 6, 14, 19, 20, 25, 51]",7,"[3, 6, 14, 19, 20, 25, 51]",7,"[3, 6, 14, 19, 20, 25, 27, 51, 62]",9,"[6, 14, 19, 20, 25, 51]",6,"[3, 6, 14, 19, 20, 25, 27, 51, 62]",9,"[6, 14, 19, 20, 25, 51]",6,"[6, 14, 19, 20, 25, 27, 51, 62]",8,"[6, 14, 19, 20, 25, 51]",6,"[6, 14, 19, 20, 25, 27, 51, 62]",8,"[6, 14, 19, 20, 25, 27, 51]",7,"[3, 6, 14, 19, 20, 25, 27, 51, 62]",9,"[3, 6, 19, 20, 24, 25, 27, 51, 62]",9,"[3, 6, 14, 17, 19, 20, 24, 25, 27, 51, 62]",11
2,4,"[7, 24, 27, 32, 36, 40, 42]",7,"[4, 6, 7, 14, 24, 27, 29, 34, 36, 40, 42]",11,"[4, 6, 7, 24, 27, 28, 32, 34, 40, 42]",10,"[4, 6, 7, 14, 24, 27, 34, 36, 40, 42]",10,"[4, 7, 14, 24, 27, 32, 34, 40, 42]",9,"[4, 6, 7, 14, 24, 27, 34, 36, 40, 42]",10,"[4, 7, 14, 24, 27, 32, 34, 40, 42]",9,"[4, 6, 7, 14, 24, 27, 34, 36, 40, 42]",10,"[4, 6, 7, 24, 27, 28, 32, 34, 40, 42]",10,"[4, 6, 14, 24, 27, 28, 34, 40, 42]",9,"[4, 6, 7, 14, 24, 27, 28, 32, 34, 40]",10,"[4, 6, 14, 24, 27, 28, 34, 40, 42]",9,"[4, 6, 7, 14, 24, 27, 28, 32, 34, 40]",10,"[4, 6, 14, 24, 27, 34, 40, 42]",8,"[4, 6, 7, 14, 24, 27, 28, 32, 34, 40]",10,"[4, 6, 14, 24, 27, 34, 40, 42]",8,"[4, 6, 7, 14, 24, 27, 28, 32, 34, 40, 42]",11,"[4, 6, 14, 24, 27, 28, 34, 40, 42]",9,"[4, 6, 14, 24, 28, 32, 34, 40]",8,"[4, 6, 14, 24, 27, 28, 29, 34, 40, 42]",10
2,5,"[13, 19, 28, 45, 48, 54]",6,"[13, 19, 28, 30, 46, 48, 54]",7,"[19, 20, 30, 54, 55, 56]",6,"[19, 20, 30, 39, 54, 55, 56]",7,"[19, 20, 30, 39, 45, 54, 55, 56]",8,"[19, 20, 30, 39, 54, 55, 56]",7,"[19, 20, 30, 39, 45, 54, 55, 56]",8,"[19, 20, 30, 39, 54, 55, 56]",7,"[19, 20, 24, 30, 39, 54, 55, 56]",8,"[19, 20, 24, 30, 39, 55, 56]",7,"[19, 20, 24, 26, 30, 39, 45, 52, 53, 54, 55, 56]",12,"[19, 20, 24, 30, 39, 52, 53, 55, 56]",9,"[20, 26, 30, 39, 45, 52, 53, 54, 55, 56]",10,"[20, 24, 30, 39, 52, 53, 55, 56]",8,"[20, 26, 30, 39, 45, 52, 53, 54, 55, 56]",10,"[20, 24, 30, 39, 52, 53, 55, 56]",8,"[19, 20, 24, 30, 39, 52, 53, 55, 56]",9,"[20, 24, 30, 39, 52, 53, 55, 56]",8,"[20, 24, 30, 39, 52, 53, 55, 56]",8,"[20, 24, 30, 39, 52, 53, 55, 56]",8
2,6,"[12, 16, 33, 37, 38, 39, 53, 56, 58, 61]",10,"[12, 16, 33, 37, 38, 39, 53, 56, 58]",9,"[16, 19, 33, 37, 38, 39, 53, 56, 58, 61]",10,"[16, 19, 33, 37, 38, 39, 53, 56, 58]",9,"[16, 19, 33, 37, 38, 39, 53, 56, 58, 61]",10,"[16, 19, 33, 37, 38, 39, 53, 56, 58, 61]",10,"[16, 19, 33, 37, 38, 39, 53, 56, 58, 61]",10,"[16, 19, 33, 37, 38, 39, 53, 56, 58, 61]",10,"[16, 19, 33, 37, 38, 39, 53, 56, 58, 61]",10,"[16, 19, 33, 37, 38, 39, 53, 56, 58, 61]",10,"[16, 19, 33, 37, 38, 39, 53, 56, 58, 61]",10,"[16, 19, 33, 37, 38, 39, 53, 56, 58, 61]",10,"[16, 19, 33, 37, 38, 39, 53, 56, 58, 61]",10,"[16, 19, 33, 37, 38, 39, 53, 56, 58, 61]",10,"[16, 19, 33, 37, 38, 39, 53, 56, 58, 61]",10,"[16, 19, 33, 37, 38, 39, 53, 56, 58, 61]",10,"[16, 19, 33, 37, 38, 39, 53, 56, 58, 61]",10,"[16, 19, 33, 37, 39, 53, 56, 58, 61]",9,"[16, 19, 23, 33, 37, 39, 53, 56, 58, 61]",10,"[16, 19, 23, 33, 37, 39, 53, 56, 58, 61]",10
2,7,"[1, 21, 32, 48, 50, 56, 58, 61]",8,"[1, 3, 21, 32, 50, 58, 61]",7,"[1, 3, 20, 21, 27, 50, 56, 58, 61]",9,"[1, 3, 20, 21, 50, 58, 61]",7,"[1, 3, 20, 21, 27, 50, 56, 58, 61]",9,"[1, 3, 21, 50, 58, 61]",6,"[1, 3, 20, 21, 27, 50, 56, 58, 61]",9,"[1, 3, 50, 58, 61]",5,"[1, 3, 21, 27, 50, 56, 58, 61]",8,"[1, 3, 15, 21, 50, 58, 61]",7,"[1, 3, 21, 27, 31, 50, 56, 58, 61]",9,"[1, 3, 15, 50, 58, 61]",6,"[1, 3, 21, 27, 31, 50, 53, 56, 58, 61]",10,"[1, 3, 15, 50, 58, 61]",6,"[1, 3, 21, 27, 31, 50, 53, 56, 58, 61]",10,"[1, 3, 15, 50, 58, 61]",6,"[1, 3, 21, 27, 50, 56, 58, 61]",8,"[1, 3, 15, 27, 50, 58, 61]",7,"[1, 3, 27, 31, 50, 53, 56, 58, 61]",9,"[1, 3, 15, 27, 31, 50, 53, 58, 61]",9
2,8,"[2, 4, 23, 31, 34, 48, 49, 52, 56]",9,"[2, 4, 23, 31, 34, 48, 49, 52, 56]",9,"[4, 23, 31, 34, 48, 49, 52, 56]",8,"[4, 23, 31, 34, 48, 49, 56]",7,"[4, 23, 31, 34, 48, 49, 56]",7,"[4, 23, 31, 34, 48, 49, 56, 63]",8,"[4, 23, 31, 34, 48, 49, 56]",7,"[4, 23, 31, 34, 48, 49, 56, 63]",8,"[4, 17, 23, 31, 34, 48, 49, 56, 60, 63]",10,"[4, 17, 23, 31, 34, 48, 49, 56, 58, 63]",10,"[4, 17, 23, 31, 34, 48, 49, 56, 58, 63]",10,"[4, 17, 23, 31, 34, 48, 49, 56, 58, 63]",10,"[4, 17, 23, 31, 34, 48, 49, 56, 58, 63]",10,"[4, 17, 23, 31, 34, 48, 49, 56, 58, 63]",10,"[4, 17, 23, 31, 34, 48, 49, 56, 58, 63]",10,"[4, 17, 23, 31, 34, 48, 49, 56, 58, 63]",10,"[4, 17, 23, 31, 34, 48, 49, 56, 60, 63]",10,"[4, 17, 23, 31, 34, 48, 49, 56, 58, 63]",10,"[4, 17, 23, 31, 34, 48, 49, 58, 63]",9,"[4, 17, 23, 31, 34, 48, 49, 56, 58, 63]",10
2,9,"[11, 17, 20, 21, 29, 36, 49, 56, 58]",9,"[11, 17, 20, 21, 29, 32, 36, 49, 56, 58]",10,"[4, 20, 21, 29, 36, 49, 56, 58]",8,"[17, 20, 21, 29, 36, 42, 49, 56]",8,"[20, 21, 27, 29, 36, 42, 49, 56, 58]",9,"[17, 20, 21, 32, 36, 42, 49, 56]",8,"[20, 21, 27, 29, 36, 42, 49, 56, 58]",9,"[17, 20, 21, 32, 36, 42, 49, 56]",8,"[4, 20, 21, 27, 29, 36, 42, 49, 56, 58]",10,"[20, 21, 27, 29, 36, 42, 49, 56]",8,"[20, 21, 27, 35, 36, 42, 49, 56, 58]",9,"[20, 21, 27, 36, 42, 49, 56]",7,"[20, 21, 27, 35, 36, 42, 49, 56, 58]",9,"[20, 21, 27, 36, 42, 49, 56]",7,"[20, 21, 27, 35, 36, 42, 49, 56, 58]",9,"[20, 21, 27, 36, 42, 49, 56]",7,"[20, 21, 27, 35, 36, 42, 49, 56, 58]",9,"[20, 21, 27, 29, 36, 42, 49, 56]",8,"[20, 21, 27, 35, 36, 44, 49, 56]",8,"[20, 21, 27, 36, 44, 49, 56]",7
2,10,"[0, 10, 12, 15, 19, 20, 21, 54, 58]",9,"[0, 10, 12, 15, 19, 20, 21, 54]",8,"[0, 10, 12, 15, 19, 20, 21, 44, 54, 60]",10,"[0, 10, 12, 15, 19, 20, 21, 44, 49, 54, 60]",11,"[0, 10, 12, 15, 19, 20, 21, 44, 54, 60]",10,"[10, 12, 15, 19, 20, 21, 44, 49, 54, 60]",10,"[10, 12, 15, 19, 20, 21, 44, 54]",8,"[10, 12, 15, 19, 20, 21, 44, 49, 54, 60]",10,"[10, 15, 19, 20, 21, 28, 44, 49, 54, 60]",10,"[10, 15, 19, 20, 21, 44, 49, 54, 60]",9,"[10, 15, 19, 20, 21, 28, 44, 49, 54, 60]",10,"[10, 15, 19, 20, 44, 49, 52, 54, 60]",9,"[10, 15, 19, 20, 44, 49, 52, 54, 60]",9,"[10, 12, 15, 19, 20, 44, 49, 52, 54, 60]",10,"[10, 15, 19, 20, 44, 49, 52, 54, 60]",9,"[10, 12, 15, 19, 20, 44, 49, 52, 54, 60]",10,"[10, 15, 19, 20, 21, 28, 44, 49, 54, 60]",10,"[10, 15, 19, 20, 44, 49, 52, 54, 60]",9,"[10, 15, 19, 20, 43, 44, 49, 54, 60]",9,"[10, 15, 19, 20, 44, 49, 52, 54, 60]",9
2,11,"[8, 9, 18, 21, 23, 36, 44]",7,"[2, 8, 9, 18, 20, 21, 23, 36, 44]",9,"[2, 8, 9, 18, 21, 23, 36, 46]",8,"[2, 8, 9, 18, 21, 36, 42, 46]",8,"[2, 8, 9, 16, 18, 21, 23, 36, 46]",9,"[2, 8, 9, 16, 18, 21, 36, 42, 46]",9,"[2, 8, 9, 16, 18, 21, 23, 36, 46]",9,"[2, 8, 9, 16, 18, 21, 36, 42]",8,"[2, 8, 9, 16, 18, 21, 36, 42, 46]",9,"[2, 8, 9, 18, 21, 36, 42, 46]",8,"[2, 8, 9, 16, 18, 21, 22, 36, 42, 46]",10,"[2, 8, 9, 16, 18, 21, 36, 42, 46]",9,"[2, 8, 9, 16, 18, 21, 22, 36, 42, 46]",10,"[2, 8, 9, 16, 18, 21, 36, 42, 46]",9,"[2, 8, 9, 16, 18, 21, 22, 36, 42, 46]",10,"[2, 8, 9, 16, 18, 21, 36, 42, 46]",9,"[2, 8, 9, 16, 18, 21, 36, 42, 46]",9,"[2, 8, 9, 16, 18, 21, 36, 41, 42, 46]",10,"[2, 8, 9, 16, 18, 21, 22, 36, 42, 46]",10,"[2, 8, 9, 16, 18, 21, 36, 41, 42, 46]",10
3,0,"[6, 10, 13, 24, 42, 49, 50]",7,"[4, 6, 13, 15, 24, 49, 50]",7,"[11, 13, 24, 28, 36, 42, 49]",7,"[4, 11, 13, 15, 24, 36, 42, 49]",8,"[0, 8, 13, 24, 36, 42, 49]",7,"[4, 8, 11, 13, 15, 24, 36, 42, 49]",9,"[0, 8, 13, 24, 36, 42, 49]",7,"[0, 4, 8, 11, 13, 24, 42, 49]",8,"[4, 11, 13, 15, 24, 28, 36, 42, 49]",9,"[4, 11, 13, 15, 24, 28, 36, 42, 49]",9,"[11, 13, 15, 24, 28, 36, 42, 49]",8,"[4, 11, 13, 15, 24, 28, 36, 42, 49]",9,"[0, 11, 13, 24, 28, 36, 42, 49]",8,"[4, 11, 13, 15, 24, 28, 36, 42, 49]",9,"[0, 11, 13, 24, 28, 36, 42, 49]",8,"[4, 11, 13, 15, 24, 28, 36, 42, 49]",9,"[4, 11, 13, 15, 24, 28, 36, 42, 49]",9,"[4, 11, 13, 15, 24, 28, 36, 42, 49]",9,"[9, 11, 13, 15, 24, 28, 36, 42, 49]",9,"[9, 11, 13, 15, 24, 28, 36, 42, 49]",9
3,1,"[31, 45, 48, 51, 63]",5,"[31, 45, 48, 51, 63]",5,"[15, 16, 29, 31, 48, 51, 55, 63]",8,"[15, 29, 31, 39, 48, 51, 63]",7,"[3, 15, 16, 29, 31, 45, 48, 51, 55]",9,"[3, 15, 29, 31, 45, 48, 51]",7,"[3, 15, 16, 29, 31, 45, 48, 51, 55, 61]",10,"[3, 15, 26, 29, 31, 45, 48, 51, 61]",9,"[15, 24, 29, 31, 48, 51, 55]",7,"[15, 24, 29, 31, 38, 48, 51, 55]",8,"[15, 24, 29, 48, 51, 55]",6,"[15, 24, 29, 31, 38, 39, 48, 51, 55]",9,"[15, 24, 29, 31, 48, 51, 55]",7,"[15, 24, 29, 31, 38, 48, 51, 55]",8,"[15, 24, 29, 31, 48, 51, 55]",7,"[15, 24, 29, 31, 38, 48, 51, 55]",8,"[15, 24, 29, 31, 48, 51, 55]",7,"[15, 24, 29, 31, 38, 48, 51, 55]",8,"[15, 24, 29, 31, 32, 38, 48, 51, 55]",9,"[15, 24, 29, 31, 38, 42, 48, 51, 55]",9
3,2,"[1, 2, 41, 46, 48, 55]",6,"[2, 41, 46, 48, 55]",5,"[1, 2, 14, 18, 29, 39, 41, 54, 55, 60]",10,"[1, 2, 14, 39, 41, 51, 53, 54, 55, 60]",10,"[2, 14, 18, 29, 39, 41, 53, 55, 60]",9,"[2, 14, 18, 29, 39, 53, 55, 60]",8,"[2, 14, 18, 29, 39, 41, 53, 55, 60]",9,"[2, 14, 18, 29, 39, 41, 53, 55, 60]",9,"[2, 14, 18, 29, 30, 39, 54, 55, 60]",9,"[1, 2, 14, 18, 30, 39, 54, 55, 60]",9,"[1, 2, 14, 18, 29, 30, 39, 41, 54, 55, 60]",11,"[1, 2, 14, 18, 30, 39, 54, 55, 60]",9,"[1, 2, 14, 18, 29, 30, 39, 41, 54, 55, 60]",11,"[1, 2, 14, 18, 30, 39, 53, 54, 55, 60]",10,"[1, 2, 14, 18, 29, 30, 39, 41, 54, 55, 60]",11,"[1, 2, 14, 18, 30, 39, 53, 54, 55, 60]",10,"[2, 14, 18, 29, 30, 39, 41, 54, 55, 60]",10,"[1, 2, 14, 18, 30, 39, 54, 55, 60]",9,"[0, 1, 2, 14, 18, 30, 41, 54, 55, 60]",10,"[0, 1, 2, 14, 18, 30, 39, 54, 55, 60]",10
3,3,"[10, 24, 32, 35, 46, 51, 59, 63]",8,"[3, 20, 24, 33, 35, 63]",6,"[10, 28, 32, 35, 46, 51, 57, 63]",8,"[8, 10, 17, 20, 28, 35, 46, 63]",8,"[8, 10, 28, 35, 46, 51, 57, 59, 63]",9,"[8, 10, 17, 20, 28, 35, 46, 63]",8,"[8, 10, 28, 35, 46, 57, 59, 63]",8,"[8, 10, 17, 20, 28, 35, 46, 63]",8,"[8, 10, 12, 20, 28, 35, 46, 51, 57, 63]",10,"[8, 10, 20, 28, 31, 35, 46, 51, 57, 63]",10,"[8, 10, 12, 20, 28, 46, 51, 57, 63]",9,"[8, 10, 17, 20, 28, 31, 35, 46, 51]",9,"[8, 10, 12, 20, 28, 35, 46, 51, 57]",9,"[8, 10, 17, 20, 28, 31, 35, 46, 51]",9,"[8, 10, 12, 20, 28, 35, 46, 51, 57]",9,"[8, 10, 17, 20, 28, 31, 35, 46, 51]",9,"[8, 10, 12, 20, 28, 35, 46, 51, 57, 63]",10,"[8, 10, 20, 28, 31, 35, 46, 51, 57]",9,"[10, 12, 17, 20, 31, 42, 46, 51, 57]",9,"[10, 17, 20, 28, 31, 35, 46, 51, 57]",9
3,4,"[15, 19, 23, 37, 45, 50]",6,"[2, 14, 15, 19, 23, 37, 45]",7,"[4, 19, 21, 23, 33, 44, 50, 52]",8,"[2, 4, 23, 44, 50, 52]",6,"[19, 23, 37, 44, 47, 50, 52]",7,"[2, 4, 23, 44, 50, 52]",6,"[19, 23, 37, 47, 50, 52, 60]",7,"[2, 23, 32, 44, 50, 52]",6,"[2, 4, 20, 21, 23, 33, 44, 49, 50, 52]",10,"[2, 4, 21, 23, 33, 44, 49, 50, 52]",9,"[2, 4, 21, 23, 33, 44, 49, 50, 52]",9,"[2, 4, 21, 23, 33, 44, 49, 50, 52]",9,"[4, 21, 23, 33, 44, 47, 49, 50, 52]",9,"[2, 4, 21, 23, 44, 49, 50, 52]",8,"[4, 21, 23, 33, 44, 47, 49, 50, 52]",9,"[2, 4, 21, 23, 44, 49, 50, 52]",8,"[2, 4, 20, 21, 23, 33, 44, 49, 50, 52]",10,"[2, 4, 21, 23, 33, 44, 49, 50, 52]",9,"[2, 4, 21, 23, 33, 44, 49, 50, 52]",9,"[2, 4, 21, 33, 44, 49, 50, 52, 57]",9
3,5,"[5, 18, 21, 38, 46, 54]",6,"[4, 5, 18, 21, 29, 38, 46, 54]",8,"[4, 21, 29, 32, 38, 39]",6,"[4, 21, 29, 32, 37, 38, 39, 59]",8,"[4, 21, 29, 38, 39, 42, 59]",7,"[4, 21, 29, 38, 39, 59]",6,"[4, 21, 29, 38, 39, 42, 59]",7,"[4, 29, 38, 42, 59]",5,"[4, 8, 13, 21, 27, 29, 38, 39, 53]",9,"[4, 8, 27, 29, 38, 39, 55, 57]",8,"[4, 8, 13, 29, 38, 39, 53, 57, 59]",9,"[4, 8, 29, 38, 39, 53, 57, 59]",8,"[4, 8, 29, 38, 39, 53, 57, 59]",8,"[4, 8, 29, 38, 39, 42, 53, 57, 59]",9,"[4, 8, 29, 38, 39, 53, 57, 59]",8,"[4, 8, 29, 38, 39, 42, 53, 57, 59]",9,"[4, 8, 13, 27, 29, 38, 39, 53, 57]",9,"[4, 8, 27, 29, 38, 39, 55, 57, 59]",9,"[4, 8, 13, 29, 38, 39, 53, 59]",8,"[4, 8, 29, 38, 39, 53, 59]",7
3,6,"[2, 22, 34, 44, 45, 46]",6,"[19, 23, 28, 34, 62]",5,"[11, 22, 44, 45, 50, 54]",6,"[19, 22, 23, 25, 28, 34, 44, 56, 62]",9,"[18, 19, 22, 29, 44, 54]",6,"[19, 22, 23, 25, 28, 34, 62]",7,"[18, 19, 22, 29, 44, 54]",6,"[19, 22, 23, 25, 28, 34, 62]",7,"[11, 16, 22, 32, 44, 45, 50, 54]",8,"[19, 22, 23, 25, 26, 28, 29, 34, 52, 56, 62]",11,"[11, 16, 18, 22, 44, 45, 54]",7,"[19, 22, 23, 25, 26, 28, 29, 34, 52, 62]",10,"[18, 19, 22, 29, 33, 44, 54]",7,"[19, 22, 25, 26, 28, 29, 34, 62]",8,"[18, 19, 22, 29, 33, 44, 54]",7,"[19, 22, 25, 26, 28, 29, 34, 62]",8,"[11, 12, 16, 22, 32, 44, 45, 50]",8,"[19, 22, 23, 25, 26, 28, 29, 34, 40, 52, 62]",11,"[11, 12, 16, 22, 32, 33, 44, 45, 50]",9,"[18, 19, 22, 25, 26, 28, 29, 40, 52, 62]",10
3,7,"[4, 6, 21, 50, 54, 58]",6,"[4, 6, 21, 50, 54, 58]",6,"[15, 21, 27, 30, 37, 50, 60]",7,"[15, 21, 27, 30, 37, 60]",6,"[15, 21, 27, 30, 37, 50, 60]",7,"[15, 21, 27, 30, 37, 50, 60]",7,"[15, 21, 27, 28, 30, 37, 50, 60]",8,"[15, 21, 27, 28, 30, 37, 48, 50, 60]",9,"[8, 10, 15, 21, 27, 37, 49, 60]",8,"[8, 10, 15, 21, 27, 37, 49, 60]",8,"[8, 10, 15, 21, 27, 37, 49, 60]",8,"[8, 10, 15, 21, 27, 37, 49, 60]",8,"[8, 15, 21, 27, 37, 49, 50, 60]",8,"[8, 10, 15, 21, 27, 37, 48, 49, 60]",9,"[8, 15, 21, 27, 37, 49, 50, 60]",8,"[8, 10, 15, 21, 27, 37, 48, 49, 60]",9,"[8, 10, 15, 21, 27, 37, 49, 60]",8,"[8, 10, 15, 21, 27, 37, 49, 60]",8,"[3, 8, 10, 21, 27, 28, 37, 49, 50, 60]",10,"[8, 10, 15, 21, 27, 28, 37, 39, 49, 60]",10
3,8,"[15, 30, 36, 40, 42, 47, 56]",7,"[15, 30, 36, 40, 42, 55, 56]",7,"[15, 21, 30, 33, 44, 55]",6,"[15, 21, 30, 33, 43, 44, 55]",7,"[15, 30, 33, 44, 56]",5,"[15, 30, 33, 42, 55]",5,"[15, 30, 33, 42, 56]",5,"[15, 30, 33, 42, 56]",5,"[15, 20, 21, 23, 30, 32, 44, 55]",8,"[15, 20, 21, 23, 30, 32, 33, 44, 55]",9,"[15, 20, 21, 23, 30, 33, 44, 55]",8,"[15, 20, 21, 23, 30, 32, 44, 55]",8,"[15, 20, 21, 23, 30, 44, 55, 56]",8,"[15, 20, 23, 30, 32, 44, 55, 56]",8,"[15, 20, 21, 23, 30, 44, 55, 56]",8,"[15, 20, 23, 30, 44, 55, 56]",7,"[15, 20, 21, 23, 30, 32, 33, 44, 55, 60]",10,"[15, 20, 21, 23, 30, 32, 33, 44, 55, 60]",10,"[15, 20, 21, 23, 30, 32, 33, 44, 60]",9,"[15, 20, 21, 23, 30, 32, 33, 44, 55, 60]",10
3,9,"[12, 16, 25, 26, 27, 31, 37, 43]",8,"[5, 16, 27, 30, 31, 37, 43, 54, 60]",9,"[10, 14, 15, 16, 27, 30, 37, 43, 54, 60]",10,"[5, 10, 14, 16, 27, 30, 37, 43, 54, 60]",10,"[11, 15, 16, 27, 30, 37, 43, 47, 54, 60]",10,"[5, 10, 14, 16, 27, 30, 37, 43, 54, 60]",10,"[11, 15, 16, 27, 30, 37, 43, 47, 54, 60]",10,"[5, 14, 16, 27, 30, 37, 43, 54, 60]",9,"[10, 14, 16, 27, 30, 37, 43, 47, 60, 61]",10,"[5, 10, 14, 16, 27, 30, 43, 50, 54, 60]",10,"[11, 14, 16, 27, 30, 37, 43, 47, 60, 61]",10,"[5, 10, 14, 16, 27, 30, 43, 54, 60]",9,"[11, 14, 15, 16, 27, 30, 37, 43, 47, 60]",10,"[5, 10, 14, 16, 27, 30, 43, 54, 60]",9,"[11, 14, 15, 16, 27, 30, 37, 43, 47, 60]",10,"[5, 10, 14, 16, 27, 30, 43, 54, 60]",9,"[10, 11, 14, 16, 27, 30, 37, 43, 47, 60, 61]",11,"[5, 10, 14, 16, 27, 30, 43, 50, 54, 60]",10,"[11, 14, 16, 27, 30, 37, 45, 47, 61]",9,"[10, 14, 16, 27, 30, 43, 54, 60]",8
3,10,"[4, 7, 22, 38, 40, 48, 62]",7,"[0, 4, 7, 8, 13, 22, 40, 47, 62]",9,"[4, 7, 22, 38, 40, 47, 56, 62]",8,"[4, 7, 22, 40, 47, 56, 62, 63]",8,"[4, 7, 21, 22, 38, 40, 47, 56, 62]",9,"[4, 21, 22, 40, 47, 56, 62, 63]",8,"[4, 21, 22, 38, 40, 47, 56, 62]",8,"[4, 21, 22, 40, 47, 56, 62, 63]",8,"[4, 22, 38, 47, 48, 56, 62]",7,"[4, 22, 44, 47, 56, 62, 63]",7,"[4, 9, 22, 38, 46, 47, 56, 62]",8,"[4, 7, 9, 44, 47, 56, 62, 63]",8,"[4, 22, 38, 46, 47, 56, 62]",7,"[4, 9, 44, 47, 56, 62, 63]",7,"[4, 22, 38, 46, 47, 56, 62]",7,"[4, 9, 44, 47, 56, 62, 63]",7,"[4, 5, 22, 38, 47, 48, 56, 62]",8,"[4, 7, 9, 22, 44, 47, 48, 56, 62, 63]",10,"[4, 5, 22, 26, 38, 45, 46, 48, 56]",9,"[4, 7, 9, 44, 47, 48, 56, 62, 63]",9
3,11,"[3, 4, 5, 11, 18, 43, 45, 46, 49]",9,"[2, 3, 4, 5, 11, 31, 45, 46, 49]",9,"[3, 4, 5, 8, 11, 17, 45, 46]",8,"[2, 3, 4, 5, 8, 28, 31, 45]",8,"[3, 4, 5, 8, 11, 17, 18, 45, 46, 49]",10,"[3, 4, 5, 8, 17, 31, 45, 49]",8,"[3, 4, 5, 8, 11, 17, 18, 45, 46, 49]",10,"[3, 4, 5, 8, 17, 18, 31, 45, 49]",9,"[3, 4, 5, 11, 17, 28, 45, 50]",8,"[3, 4, 5, 11, 17, 28, 45]",7,"[3, 4, 5, 11, 17, 18, 28, 45, 50]",9,"[3, 4, 5, 11, 17, 28, 45, 50]",8,"[3, 4, 5, 11, 17, 18, 27, 45, 50]",9,"[3, 4, 5, 17, 27, 28, 31, 45, 50]",9,"[3, 4, 5, 11, 17, 18, 27, 45, 50]",9,"[3, 4, 5, 17, 27, 28, 31, 45, 50]",9,"[3, 4, 5, 17, 27, 28, 45, 50]",8,"[3, 4, 5, 17, 28, 45, 50]",7,"[3, 4, 5, 10, 17, 27, 28, 45, 50]",9,"[3, 4, 5, 10, 17, 27, 28, 44, 45, 50]",10
4,0,"[0, 18, 21, 24, 38, 59]",6,"[1, 2, 13, 23, 24, 26, 41, 63]",8,"[18, 21, 24, 31, 38, 56]",6,"[2, 13, 17, 18, 22, 23, 24, 41, 50, 63]",10,"[18, 21, 24, 31, 38, 52]",6,"[2, 13, 18, 24, 41, 50, 63]",7,"[18, 21, 24, 31, 38, 52]",6,"[2, 13, 18, 24, 41, 50, 63]",7,"[18, 21, 24, 31, 37, 38, 52]",7,"[2, 13, 17, 18, 22, 24, 38, 41, 50, 63]",10,"[18, 21, 31, 37, 38, 52]",6,"[2, 13, 18, 21, 22, 24, 41, 50, 63]",9,"[2, 18, 21, 31, 37, 38, 52]",7,"[2, 13, 18, 22, 24, 41, 50, 63]",8,"[2, 18, 21, 31, 37, 38, 52]",7,"[2, 13, 18, 22, 24, 41, 50, 63]",8,"[18, 21, 24, 31, 37, 38, 42, 52]",8,"[2, 13, 17, 18, 22, 24, 38, 41, 50, 63]",10,"[18, 31, 37, 38, 42, 46, 52, 56]",8,"[2, 3, 8, 13, 22, 24, 41, 50, 63]",9
4,1,"[17, 21, 23, 40, 41, 47, 52, 59]",8,"[6, 17, 21, 33, 51, 59]",6,"[17, 21, 38, 40, 41, 47, 52, 54, 59]",9,"[6, 17, 21, 33, 46]",5,"[17, 21, 38, 40, 41, 47, 52, 59]",8,"[6, 17, 19, 21, 30, 33, 49, 53]",8,"[17, 21, 23, 38, 40, 41, 47, 52]",8,"[6, 17, 18, 19, 21, 30, 33, 49, 53]",9,"[6, 17, 21, 38, 40, 41, 49, 52, 54]",9,"[6, 17, 21, 33, 38, 42, 46]",7,"[17, 21, 38, 40, 41, 49, 52, 54]",8,"[6, 17, 19, 21, 33, 38, 42, 49, 53]",9,"[17, 21, 38, 40, 41, 49, 52]",7,"[6, 17, 18, 19, 21, 30, 33, 38, 42, 49, 53]",11,"[17, 21, 38, 40, 41, 49, 52]",7,"[6, 17, 18, 19, 21, 30, 33, 38, 42, 49, 53]",11,"[6, 17, 21, 38, 40, 41, 49, 52, 54]",9,"[6, 17, 21, 33, 38, 42, 46]",7,"[17, 21, 38, 40, 41, 49, 52, 54, 56]",9,"[3, 6, 17, 19, 33, 38, 42, 46, 49]",9
4,2,"[9, 17, 21, 38, 40]",5,"[0, 3, 17, 21, 35, 39, 41, 58, 61]",9,"[9, 17, 21, 40, 61]",5,"[0, 15, 17, 21, 28, 35, 39, 41, 61]",9,"[9, 17, 21, 40, 61]",5,"[0, 17, 21, 28, 35, 39, 41, 61]",8,"[9, 17, 21, 40, 61]",5,"[0, 17, 21, 28, 35, 39, 41, 61]",8,"[9, 21, 32, 33, 35, 61]",6,"[0, 15, 21, 33, 35, 41, 60, 61]",8,"[9, 17, 21, 32, 61]",5,"[0, 15, 21, 28, 33, 35, 41, 61]",8,"[9, 17, 21, 32, 46, 51, 61]",7,"[0, 15, 21, 28, 35, 41, 61]",7,"[9, 17, 21, 32, 46, 51, 61]",7,"[0, 17, 21, 28, 35, 41, 61]",7,"[9, 19, 21, 32, 33, 35, 61]",7,"[0, 15, 33, 35, 41, 60, 61]",7,"[9, 17, 21, 32, 33, 49, 61]",7,"[0, 15, 33, 35, 41, 60, 61, 62]",8
4,3,"[0, 4, 13, 26, 29, 34, 42, 44]",8,"[4, 17, 26, 30, 31, 34, 41, 47, 48]",9,"[0, 4, 26, 28, 44]",5,"[4, 26, 30, 31, 34, 40, 41, 48]",8,"[0, 26, 28, 34, 40, 44, 48, 54]",8,"[4, 17, 26, 30, 31, 34, 40, 41, 48]",9,"[0, 26, 34, 40, 48, 54]",6,"[4, 17, 26, 30, 31, 34, 40, 41, 47, 48]",10,"[0, 4, 26, 40, 44, 48, 54, 62]",8,"[0, 4, 26, 30, 31, 34, 40, 41, 48, 62]",10,"[0, 17, 34, 40, 44, 54, 62]",7,"[17, 30, 31, 34, 40, 41, 48, 62]",8,"[0, 17, 34, 40, 44, 54]",6,"[17, 30, 31, 34, 40, 41, 48]",7,"[0, 17, 34, 40, 44, 54]",6,"[17, 30, 31, 34, 40, 41, 48]",7,"[0, 22, 40, 44, 48, 54, 62]",7,"[0, 6, 30, 31, 34, 40, 41, 48, 62]",9,"[0, 17, 34, 40, 44, 50, 54, 62]",8,"[17, 22, 30, 31, 34, 40, 48, 62]",8
4,4,"[2, 4, 23, 31, 43, 51, 56]",7,"[2, 4, 31, 43, 51]",5,"[4, 18, 21, 31, 39, 62]",6,"[4, 18, 31, 39, 43, 53, 62]",7,"[2, 4, 21, 31, 39, 44, 62]",7,"[4, 21, 31, 39, 53, 62]",6,"[2, 4, 21, 31, 39, 44, 62]",7,"[21, 31, 37, 39, 44, 53, 62]",7,"[4, 14, 18, 21, 31, 39, 44, 62]",8,"[4, 18, 21, 31, 39, 44, 62]",7,"[4, 14, 18, 21, 31, 39, 44, 62]",8,"[4, 14, 18, 21, 31, 39, 44, 53, 62]",9,"[14, 18, 21, 31, 39, 44, 62]",7,"[18, 21, 31, 39, 44, 53, 62]",7,"[14, 18, 21, 31, 39, 44, 62]",7,"[18, 21, 31, 39, 44, 53, 62]",7,"[4, 14, 18, 21, 23, 31, 39, 44, 62]",9,"[4, 18, 21, 31, 39, 44, 62]",7,"[10, 14, 17, 18, 21, 23, 31, 39, 44, 62]",10,"[14, 15, 17, 18, 21, 31, 39, 44, 53, 62]",10
4,5,"[0, 7, 12, 24, 28, 31, 33, 56]",8,"[0, 7, 12, 18, 24, 32, 53, 56, 58, 59]",10,"[7, 12, 28, 31, 32, 56, 57, 59]",8,"[7, 12, 18, 32, 53, 56, 57, 59]",8,"[12, 28, 31, 53, 59]",5,"[7, 12, 18, 28, 53, 56, 59]",7,"[12, 28, 31, 53, 59]",5,"[12, 18, 24, 28, 53, 56, 58, 59]",8,"[18, 31, 32, 33, 36, 44, 53, 57, 59]",9,"[12, 18, 32, 33, 36, 44, 53, 54, 56, 57, 59]",11,"[12, 18, 31, 32, 35, 44, 53, 57, 59]",9,"[12, 18, 32, 36, 44, 53, 54, 56, 57, 59]",10,"[12, 18, 31, 32, 35, 44, 53, 57, 59]",9,"[12, 18, 32, 44, 53, 56, 57, 59]",8,"[12, 18, 31, 32, 35, 44, 53, 57, 59]",9,"[12, 18, 32, 44, 53, 56, 57, 59]",8,"[18, 31, 32, 33, 36, 44, 53, 57, 59]",9,"[18, 32, 33, 36, 44, 53, 54, 56, 57, 59]",10,"[12, 18, 32, 33, 35, 44, 53, 57, 59]",9,"[18, 32, 35, 36, 44, 53, 56, 57, 59]",9
4,6,"[3, 7, 10, 22, 23, 44, 59]",7,"[3, 10, 19, 23, 43, 59]",6,"[1, 3, 7, 10, 11, 19, 59]",7,"[3, 5, 19, 43, 59]",5,"[1, 2, 3, 7, 8, 10, 19, 44, 59]",9,"[1, 3, 5, 19, 43, 59]",6,"[1, 2, 3, 7, 8, 19, 44, 59]",8,"[1, 3, 5, 19, 43, 44, 59]",7,"[1, 3, 10, 11, 15, 19, 27, 59]",8,"[3, 5, 11, 12, 15, 27, 43, 59]",8,"[1, 2, 3, 8, 15, 19, 27, 59]",8,"[3, 5, 12, 15, 19, 27, 43, 59]",8,"[1, 2, 3, 8, 15, 19, 27, 59]",8,"[1, 2, 3, 5, 8, 15, 19, 27, 43, 59]",10,"[1, 2, 3, 8, 15, 19, 27, 59]",8,"[1, 2, 3, 5, 8, 15, 19, 27, 43, 59]",10,"[1, 2, 3, 5, 10, 11, 15, 27, 59]",9,"[3, 5, 11, 12, 15, 27, 43, 59]",8,"[1, 2, 3, 8, 15, 27, 34, 54]",8,"[2, 3, 5, 8, 15, 27, 43, 59]",8
4,7,"[0, 5, 22, 32, 36, 58, 62]",7,"[22, 27, 29, 58, 62, 63]",6,"[0, 1, 5, 22, 32, 36, 40, 53]",8,"[0, 8, 22, 23, 26, 27, 29, 32, 40, 53, 62]",11,"[0, 1, 5, 22, 24, 36, 62]",7,"[0, 22, 23, 26, 27, 29, 40, 53, 62]",9,"[0, 1, 5, 14, 24, 36, 62]",7,"[0, 22, 23, 26, 27, 29, 40, 53, 62]",9,"[0, 1, 5, 8, 32, 36, 40, 53]",8,"[0, 8, 22, 23, 26, 27, 32, 40, 53]",9,"[0, 1, 8, 24, 32, 36, 40]",7,"[0, 8, 22, 23, 26, 27, 32, 40, 53, 62]",10,"[0, 1, 5, 24, 32, 36]",6,"[0, 8, 22, 23, 26, 27, 40, 53, 62]",9,"[0, 1, 5, 24, 32, 36]",6,"[0, 8, 22, 23, 26, 27, 40, 53, 62]",9,"[0, 1, 5, 8, 32, 36, 40, 53]",8,"[0, 1, 8, 22, 23, 26, 27, 32, 40, 53]",10,"[0, 1, 8, 18, 24, 32, 36, 56]",8,"[0, 8, 18, 23, 26, 27, 32, 40, 53]",9
4,8,"[5, 19, 41, 58]",4,"[0, 15, 19, 24, 41, 43, 55]",7,"[15, 19, 25, 28, 44, 58]",6,"[0, 15, 24, 32, 43, 44, 47, 55]",8,"[19, 20, 28, 44, 58]",5,"[0, 15, 24, 32, 43, 44, 47, 55]",8,"[19, 20, 28, 44, 58]",5,"[0, 15, 24, 28, 43, 47, 55]",7,"[19, 28, 41, 44, 47, 54, 58]",7,"[13, 15, 24, 43, 44, 45, 47, 48, 55]",9,"[18, 19, 20, 28, 44, 47, 54, 58]",8,"[0, 13, 15, 18, 24, 43, 44, 45, 47, 48, 55]",11,"[18, 19, 20, 28, 44, 54, 58]",7,"[0, 15, 18, 24, 43, 44, 45, 47, 55]",9,"[18, 19, 20, 28, 44, 54, 58]",7,"[0, 15, 18, 24, 43, 44, 45, 47, 55]",9,"[19, 20, 28, 41, 44, 47, 54, 58]",8,"[13, 15, 24, 43, 44, 45, 47, 48, 55]",9,"[18, 19, 20, 28, 41, 45, 54, 58]",8,"[13, 18, 24, 43, 44, 45, 48, 63]",8
4,9,"[2, 11, 15, 20, 38, 47, 55]",7,"[2, 4, 13, 15, 35, 38, 39, 43]",8,"[15, 20, 26, 33, 38, 47, 55]",7,"[4, 15, 16, 18, 33, 35, 43, 47, 56]",9,"[11, 15, 18, 19, 37, 38, 47]",7,"[2, 4, 15, 16, 18, 35, 43, 47, 56]",9,"[11, 15, 19, 31, 37, 38, 47]",7,"[2, 4, 15, 16, 18, 38, 39, 43, 47, 56]",10,"[15, 20, 26, 33, 38, 40, 47]",7,"[4, 15, 16, 18, 33, 35, 43, 47, 56]",9,"[15, 18, 19, 20, 26, 33, 37, 38, 47]",9,"[4, 15, 16, 18, 33, 35, 43, 47, 56]",9,"[15, 18, 19, 20, 33, 37, 38, 47]",8,"[4, 15, 16, 18, 35, 43, 47, 56]",8,"[4, 15, 18, 19, 20, 33, 37, 38, 47]",9,"[4, 15, 16, 18, 35, 43, 47, 56]",8,"[4, 15, 20, 26, 33, 37, 38, 40, 47]",9,"[0, 4, 15, 16, 18, 33, 35, 43, 47]",9,"[0, 4, 15, 18, 19, 20, 26, 33, 38, 55]",10,"[0, 4, 15, 16, 18, 33, 43, 47]",8
4,10,"[8, 11, 23, 26, 29, 49, 51, 58]",8,"[8, 11, 18, 29, 36, 51, 54, 59]",8,"[18, 23, 29, 39, 49, 51, 59]",7,"[10, 18, 29, 36, 45, 51]",6,"[11, 18, 23, 29, 49, 51, 58, 59]",8,"[10, 12, 18, 19, 29, 36, 45, 51, 59]",9,"[8, 18, 23, 29, 49, 51, 58, 59]",8,"[18, 19, 29, 36, 45, 51, 59]",7,"[2, 10, 18, 23, 39, 45, 49, 59]",8,"[2, 10, 18, 29, 33, 36, 45, 54, 59]",9,"[2, 18, 23, 39, 45, 49, 59]",7,"[2, 10, 18, 29, 33, 36, 41, 43, 45, 54, 59]",11,"[18, 23, 43, 45, 49, 59]",6,"[2, 10, 18, 29, 33, 36, 41, 45, 59]",9,"[18, 23, 43, 45, 49, 59]",6,"[2, 10, 18, 29, 33, 36, 41, 45, 59]",9,"[2, 10, 18, 23, 39, 41, 45, 49, 59]",9,"[2, 10, 18, 29, 33, 36, 45, 54, 59]",9,"[2, 11, 16, 18, 23, 39, 41, 45, 49]",9,"[2, 10, 18, 29, 33, 36, 45, 54, 59]",9
4,11,"[6, 10, 18, 28, 32, 42, 45, 52]",8,"[4, 6, 10, 18, 20, 32, 45, 52]",8,"[4, 6, 10, 20, 32, 39, 52]",7,"[3, 4, 6, 10, 20, 32, 39, 52]",8,"[4, 6, 10, 20, 32, 39, 52]",7,"[4, 6, 10, 20, 32, 39, 52]",7,"[4, 6, 10, 18, 20, 32, 39, 52]",8,"[4, 6, 10, 18, 20, 32, 39, 52]",8,"[3, 4, 6, 10, 20, 32, 38, 39, 52]",9,"[3, 4, 6, 10, 25, 32, 38, 39, 52, 55]",10,"[4, 6, 10, 20, 32, 39, 52]",7,"[3, 4, 6, 10, 20, 25, 32, 39, 52, 55]",10,"[4, 6, 10, 20, 32, 39, 52]",7,"[4, 6, 10, 20, 25, 32, 39, 52]",8,"[4, 6, 10, 20, 32, 39, 52]",7,"[4, 6, 10, 20, 25, 32, 39, 52]",8,"[3, 4, 6, 10, 20, 32, 38, 39, 52, 55]",10,"[3, 4, 6, 10, 25, 32, 38, 39, 52, 55]",10,"[3, 4, 6, 10, 20, 31, 32, 38, 39, 44, 52]",11,"[3, 4, 6, 10, 25, 32, 39, 44, 52, 55]",10
5,0,"[2, 16, 20, 22, 23, 35, 49]",7,"[2, 16, 20, 22, 23, 31, 35, 49]",8,"[2, 16, 22, 23, 33, 39]",6,"[2, 16, 22, 23, 33, 39, 49]",7,"[2, 16, 20, 22, 23, 27, 39]",7,"[2, 16, 20, 22, 23, 27, 31, 39]",8,"[2, 16, 20, 22, 23, 27, 39, 46]",8,"[2, 16, 20, 22, 23, 27, 39, 46]",8,"[2, 10, 16, 22, 23, 33, 39, 46]",8,"[2, 10, 16, 22, 23, 39]",6,"[2, 10, 16, 22, 23, 27, 31, 39, 46]",9,"[2, 10, 16, 22, 23, 39, 46]",7,"[2, 10, 16, 20, 22, 23, 39, 46]",8,"[2, 10, 16, 20, 22, 23, 27, 39, 46]",9,"[2, 10, 16, 20, 22, 23, 39, 46]",8,"[2, 10, 16, 20, 22, 23, 27, 39, 46]",9,"[2, 10, 16, 22, 23, 33, 39, 46]",8,"[2, 10, 16, 22, 23, 39]",6,"[2, 10, 16, 22, 23, 27, 39, 46]",8,"[2, 10, 16, 22, 23, 27, 32, 39, 46]",9
5,1,"[4, 13, 37, 49, 56]",5,"[1, 2, 6, 13, 30, 31, 37, 49]",8,"[13, 21, 30, 36, 37, 49, 61]",7,"[13, 21, 30, 31, 37, 49, 56, 60]",8,"[4, 9, 21, 30, 37, 49, 52, 56, 61]",9,"[13, 30, 31, 37, 49, 56, 60]",7,"[4, 9, 21, 30, 37, 49, 52, 56]",8,"[30, 31, 37, 52, 56, 60]",6,"[13, 21, 30, 32, 36, 37, 60, 61]",8,"[13, 18, 21, 30, 36, 37, 56, 60]",8,"[9, 21, 30, 36, 37, 57, 61]",7,"[13, 21, 30, 31, 36, 37, 56, 60]",8,"[9, 21, 30, 36, 37, 57, 60]",7,"[21, 30, 31, 36, 37, 60]",6,"[9, 21, 30, 36, 37, 57, 60]",7,"[21, 30, 31, 36, 37, 60]",6,"[13, 21, 30, 32, 36, 37, 57, 60, 61]",9,"[13, 18, 21, 30, 36, 37, 60]",7,"[9, 21, 30, 32, 35, 36, 37, 57, 60]",9,"[9, 18, 21, 30, 32, 35, 36, 37, 60]",9
5,2,"[1, 12, 19, 20, 21, 47, 62]",7,"[1, 3, 12, 19, 21, 27, 41, 45]",8,"[4, 12, 19, 20, 21, 45, 47, 62]",8,"[1, 12, 19, 21, 27, 45, 62]",7,"[12, 19, 20, 21, 23, 45, 47, 62]",8,"[1, 12, 19, 21, 25, 27, 45, 62]",8,"[12, 19, 20, 21, 23, 45, 47, 62]",8,"[1, 12, 19, 21, 25, 27, 45, 62]",8,"[4, 20, 21, 25, 45, 47, 57, 62]",8,"[8, 9, 12, 19, 21, 25, 27, 45, 46, 62]",10,"[19, 20, 21, 25, 36, 45, 47, 57, 62]",9,"[9, 12, 19, 21, 25, 27, 45, 62]",8,"[19, 20, 21, 25, 36, 45, 47, 62]",8,"[12, 19, 21, 25, 27, 45, 62]",7,"[19, 20, 21, 25, 36, 45, 47, 62]",8,"[12, 19, 21, 25, 27, 45, 62]",7,"[4, 20, 21, 25, 45, 47, 57, 62]",8,"[8, 9, 12, 19, 21, 25, 27, 45, 46, 62]",10,"[4, 20, 21, 25, 36, 45, 47, 57, 60, 62]",10,"[9, 19, 21, 25, 27, 45, 57, 62]",8
5,3,"[1, 6, 13, 16, 28, 40, 63]",7,"[1, 5, 6, 13, 21, 28, 40, 63]",8,"[1, 5, 13, 21, 28, 57, 63]",7,"[1, 5, 6, 13, 21, 28, 33, 57, 63]",9,"[5, 13, 21, 28, 38, 40, 51, 63]",8,"[1, 5, 13, 21, 28, 33, 40, 51, 63]",9,"[13, 28, 38, 39, 40, 51, 63]",7,"[1, 5, 13, 21, 24, 28, 33, 51, 63]",9,"[1, 5, 21, 28, 39, 57, 58, 63]",8,"[1, 5, 21, 28, 33, 57, 63]",7,"[5, 21, 28, 38, 57, 63]",6,"[1, 5, 21, 28, 33, 38, 57, 63]",8,"[5, 28, 38, 57, 63]",5,"[1, 5, 21, 28, 33, 38, 63]",7,"[5, 28, 38, 57, 63]",5,"[1, 5, 21, 28, 33, 38, 63]",7,"[1, 5, 21, 28, 39, 58, 63]",7,"[1, 5, 21, 28, 33, 63]",6,"[5, 21, 28, 35, 38, 40, 58, 63]",8,"[1, 5, 21, 28, 33, 35, 38, 40, 63]",9
5,4,"[6, 16, 17, 19, 28, 29, 33, 36, 62]",9,"[2, 3, 26, 27, 28, 29, 33, 34, 40]",9,"[6, 16, 17, 28, 29, 32, 59, 62]",8,"[2, 3, 6, 26, 27, 28, 34, 40]",8,"[6, 16, 17, 28, 29, 59, 62]",7,"[2, 3, 6, 26, 27, 28, 34, 40]",8,"[6, 16, 17, 28, 29, 33, 36, 59, 62]",9,"[2, 6, 26, 27, 28, 34, 40]",7,"[6, 14, 16, 17, 28, 29, 32, 59, 62]",9,"[2, 6, 26, 27, 28, 32, 34, 40, 59]",9,"[6, 13, 14, 16, 17, 28, 29, 32, 59, 62]",10,"[2, 3, 6, 26, 27, 28, 34, 40, 59]",9,"[6, 16, 17, 28, 36, 59, 62]",7,"[2, 3, 6, 26, 27, 28, 34, 40, 59]",9,"[6, 16, 17, 28, 36, 59, 62]",7,"[2, 3, 6, 26, 27, 28, 34, 40, 59]",9,"[6, 13, 14, 16, 17, 28, 29, 32, 59, 62]",10,"[2, 6, 26, 27, 28, 32, 34, 40, 59]",9,"[6, 13, 16, 17, 28, 32, 59, 62]",8,"[2, 6, 26, 27, 28, 34, 40, 59]",8
5,5,"[9, 10, 20, 41, 49, 50, 55, 60]",8,"[20, 26, 30, 39, 43, 49, 57]",7,"[1, 9, 37, 39, 41]",5,"[1, 20, 26, 30, 39, 43, 49, 50]",8,"[1, 9, 10, 30, 37, 41, 46]",7,"[1, 20, 26, 30, 39, 43, 49, 50]",8,"[1, 10, 30, 37, 39, 41, 46]",7,"[1, 20, 26, 30, 39, 43, 46, 50]",8,"[1, 6, 37, 39, 41, 42, 61]",7,"[1, 26, 30, 37, 39, 43, 49, 50]",8,"[1, 6, 9, 37, 39, 41, 42, 46]",8,"[1, 9, 26, 30, 37, 39, 43, 49, 50]",9,"[1, 9, 37, 41, 46, 49]",6,"[1, 9, 26, 30, 37, 39, 43, 49, 50]",9,"[1, 9, 37, 41, 46, 49]",6,"[1, 9, 26, 30, 37, 39, 43, 49, 50]",9,"[1, 6, 37, 39, 41, 42, 61]",7,"[1, 26, 30, 37, 39, 43, 50, 61]",8,"[1, 6, 9, 37, 39, 41, 42, 46, 49, 61]",10,"[1, 26, 30, 37, 39, 43, 46, 61]",8
5,6,"[0, 3, 12, 14, 18, 25, 32, 54, 58]",9,"[0, 3, 5, 12, 14, 18, 25, 32]",8,"[0, 3, 12, 13, 14, 18, 32, 54, 58]",9,"[0, 3, 12, 13, 14, 18, 38]",7,"[0, 3, 12, 13, 18, 32, 54, 58]",8,"[0, 3, 12, 13, 14, 18]",6,"[0, 3, 12, 13, 18, 32, 54, 58]",8,"[0, 3, 12, 13, 14, 18]",6,"[0, 3, 12, 13, 14, 18, 37, 54]",8,"[0, 3, 12, 13, 14, 18, 37, 38, 43]",9,"[0, 3, 13, 18, 54, 58]",6,"[0, 3, 12, 13, 14, 18, 38]",7,"[0, 3, 13, 18, 54, 58]",6,"[0, 3, 12, 13, 18, 38]",6,"[0, 3, 13, 18, 54, 58]",6,"[0, 3, 12, 13, 18, 38]",6,"[3, 13, 14, 18, 37, 54]",6,"[0, 3, 12, 13, 14, 18, 37, 38]",8,"[3, 13, 18, 37, 43, 54, 58]",7,"[0, 3, 12, 13, 18, 38, 43]",7
5,7,"[0, 27, 40, 42, 62]",5,"[0, 10, 13, 42, 58, 59, 62]",7,"[0, 1, 10, 17, 20, 40, 42, 44]",8,"[0, 1, 10, 17, 20, 42, 44, 58, 62]",9,"[0, 1, 17, 20, 40, 42, 44, 62]",8,"[0, 1, 10, 20, 42, 44, 58, 62]",8,"[0, 1, 19, 20, 40, 42, 44, 62]",8,"[0, 1, 10, 20, 42, 44, 58, 62]",8,"[0, 1, 10, 17, 20, 34, 40, 42, 44]",9,"[0, 1, 10, 17, 36, 42, 44, 58]",8,"[0, 1, 17, 20, 36, 40, 42, 44]",8,"[0, 1, 10, 17, 20, 42, 44, 58]",8,"[1, 17, 19, 20, 40, 42, 44]",7,"[0, 1, 10, 17, 20, 42, 44, 58]",8,"[1, 17, 19, 20, 40, 42, 44]",7,"[0, 1, 10, 17, 20, 42, 44, 58]",8,"[0, 1, 10, 17, 20, 34, 42, 44]",8,"[0, 1, 10, 17, 42, 44, 58]",7,"[0, 1, 17, 19, 20, 23, 38, 42, 44]",9,"[0, 1, 10, 17, 42, 44, 58]",7
5,8,"[1, 5, 11, 18, 19, 26, 35, 63]",8,"[1, 13, 18, 22, 26, 57, 60, 62, 63]",9,"[0, 15, 19, 26, 48, 63]",6,"[1, 18, 26, 60, 62, 63]",6,"[0, 1, 18, 19, 26, 48, 49, 63]",8,"[18, 26, 32, 60, 62, 63]",6,"[0, 1, 18, 19, 26, 32, 48, 49, 63]",9,"[18, 26, 32, 60, 62, 63]",6,"[0, 15, 16, 19, 26, 63]",6,"[0, 1, 18, 26, 44, 45, 60, 62, 63]",9,"[0, 19, 26, 49, 63]",5,"[0, 1, 18, 25, 26, 32, 44, 45, 60, 63]",10,"[0, 19, 26, 32, 49, 63]",6,"[18, 25, 26, 32, 45, 60, 63]",7,"[0, 19, 26, 32, 49, 63]",6,"[18, 25, 26, 32, 45, 60, 63]",7,"[0, 7, 15, 16, 19, 26, 63]",7,"[0, 1, 18, 26, 44, 45, 60, 62, 63]",9,"[0, 6, 16, 19, 26, 49, 63]",7,"[0, 1, 18, 26, 44, 57, 60, 63]",8
5,9,"[20, 34, 37, 45, 57]",5,"[14, 20, 25, 30, 36, 37, 47, 57]",8,"[14, 20, 30, 34, 41, 45, 50, 57]",8,"[14, 20, 25, 30, 36, 37, 47, 50, 57, 58]",10,"[14, 20, 30, 34, 37, 41, 45, 57]",8,"[14, 25, 30, 36, 37, 47, 50, 57, 58]",9,"[14, 20, 30, 34, 37, 41, 45, 57]",8,"[14, 25, 30, 36, 37, 47, 50, 57, 58]",9,"[4, 14, 20, 30, 41, 45, 50, 57]",8,"[4, 14, 25, 30, 36, 37, 47, 50, 57, 58]",10,"[14, 20, 30, 41, 45, 50, 56, 57]",8,"[4, 14, 25, 30, 36, 37, 47, 50, 57, 58]",10,"[14, 20, 30, 41, 45, 50, 56, 57]",8,"[14, 25, 30, 36, 37, 47, 50, 57, 58]",9,"[14, 20, 30, 41, 45, 50, 56, 57]",8,"[14, 25, 30, 36, 37, 47, 50, 57, 58]",9,"[4, 14, 20, 30, 41, 45, 50, 57]",8,"[4, 14, 30, 36, 47, 50, 57, 58]",8,"[4, 14, 30, 41, 50, 56, 57, 60]",8,"[4, 8, 14, 25, 30, 36, 50, 57, 58]",9
5,10,"[5, 6, 16, 22, 24, 48, 49, 52, 63]",9,"[6, 21, 22, 28, 29, 48, 49, 52]",8,"[5, 6, 16, 24, 43, 48, 52, 62, 63]",9,"[6, 10, 14, 21, 24, 29, 52, 62, 63]",9,"[5, 6, 24, 43, 48, 52, 63]",7,"[5, 6, 10, 21, 22, 29, 52]",7,"[5, 6, 22, 24, 43, 48, 52, 63]",8,"[5, 6, 21, 22, 29, 52, 63]",7,"[6, 14, 16, 24, 52, 62, 63]",7,"[6, 10, 14, 19, 21, 24, 29, 52, 62]",9,"[5, 6, 14, 24, 43, 52, 62]",7,"[6, 10, 14, 19, 21, 24, 28, 29, 52, 62]",10,"[5, 6, 14, 24, 52, 62]",6,"[5, 6, 10, 14, 21, 28, 29, 52, 62]",9,"[5, 6, 14, 24, 52, 62]",6,"[5, 6, 10, 14, 21, 28, 29, 52, 62]",9,"[6, 14, 16, 24, 25, 43, 52, 62]",8,"[6, 10, 14, 19, 21, 24, 29, 52, 62]",9,"[6, 14, 24, 25, 52, 62]",6,"[6, 14, 19, 21, 24, 29, 52, 62]",8
5,11,"[2, 3, 8, 10, 22, 38, 48, 50]",8,"[2, 3, 10, 16, 22, 35, 45, 48]",8,"[2, 3, 10, 13, 35, 38, 48]",7,"[2, 3, 32, 35, 45, 48, 62]",7,"[2, 3, 10, 22, 35, 38, 48]",7,"[3, 32, 35, 45, 48, 62]",6,"[2, 3, 8, 22, 35, 48]",6,"[3, 22, 27, 32, 45, 48]",6,"[2, 3, 10, 13, 35, 48, 62, 63]",8,"[2, 35, 48, 62, 63]",5,"[3, 41, 48, 62]",4,"[3, 32, 45, 48, 62]",5,"[3, 22, 48, 62]",4,"[3, 32, 45, 48, 62]",5,"[3, 22, 48]",3,"[3, 32, 45, 48, 62]",5,"[10, 13, 35, 48, 62, 63]",6,"[2, 29, 35, 48, 62, 63]",6,"[2, 3, 35, 41, 48, 62, 63]",7,"[2, 29, 32, 35, 41, 48, 62, 63]",8
6,0,"[14, 24, 36, 48, 60]",5,"[3, 14, 19, 21, 29, 32, 42, 60]",8,"[11, 24, 36]",3,"[3, 14, 19, 29, 32, 60]",6,"[36, 48, 49]",3,"[3, 14, 24, 29, 32, 60]",6,"[16, 36, 48, 49]",4,"[3, 14, 24, 29, 32, 60]",6,"[11, 14, 16, 24, 36]",5,"[3, 11, 14, 29, 32, 60]",6,"[11, 16, 36]",3,"[3, 14, 19, 24, 29, 32, 60]",7,"[11, 16, 36, 63]",4,"[3, 14, 19, 24, 32, 60]",6,"[11, 16, 36, 63]",4,"[3, 14, 19, 24, 32, 60]",6,"[11, 14, 16, 36, 61]",5,"[2, 3, 11, 14, 29, 32, 60]",7,"[0, 1, 11, 16, 27, 36, 50]",7,"[2, 3, 7, 14, 19, 24, 32, 55, 60]",9
6,1,"[14, 18, 22, 30]",4,"[12, 17, 20, 27, 29, 58, 61]",7,"[5, 14, 18, 22, 30, 44, 45, 53]",8,"[12, 20, 27, 29, 61]",5,"[5, 14, 18, 22, 30, 45]",6,"[12, 20, 27, 29, 41]",5,"[5, 14, 18, 22, 30, 45]",6,"[4, 12, 20, 27, 29, 41]",6,"[5, 14, 18, 22, 30, 55]",6,"[8, 12, 20, 27, 29, 43, 61]",7,"[5, 14, 18, 22, 30, 45, 55]",7,"[4, 8, 12, 20, 27, 29, 61]",7,"[5, 14, 18, 22, 25, 30, 45]",7,"[4, 8, 12, 20, 27, 29, 61]",7,"[5, 14, 18, 22, 25, 30, 45]",7,"[4, 8, 12, 20, 27, 29, 61]",7,"[5, 14, 18, 22, 30, 55]",6,"[8, 12, 20, 27, 29, 43, 53, 61]",8,"[5, 14, 18, 22, 25, 30, 55]",7,"[4, 12, 20, 29, 43, 44, 53, 61]",8
6,2,"[0, 2, 10, 12, 22, 26, 30, 46, 55]",9,"[0, 12, 22, 25, 26, 51, 55]",7,"[10, 12, 22, 26, 30, 44, 55]",7,"[12, 25, 26, 51, 54, 55]",6,"[0, 8, 10, 12, 22, 26, 30, 44, 55]",9,"[0, 26, 30, 51, 55]",5,"[0, 8, 10, 12, 26, 30, 44, 53, 55]",9,"[0, 26, 30, 51, 55]",5,"[10, 12, 22, 25, 44, 54, 55]",7,"[7, 21, 25, 26, 51, 54, 55]",7,"[8, 10, 12, 22, 25, 30, 44, 55]",8,"[9, 21, 25, 26, 30, 51, 54, 55]",8,"[0, 10, 12, 25, 30, 44, 55]",7,"[9, 25, 26, 30, 51, 55]",6,"[0, 10, 12, 25, 30, 44, 55]",7,"[9, 25, 26, 30, 51, 55]",6,"[2, 8, 10, 12, 22, 25, 44, 54, 55]",9,"[7, 21, 25, 51, 54, 55, 61]",7,"[8, 10, 22, 25, 30, 43, 44, 54, 55]",9,"[9, 21, 25, 30, 51, 54, 55]",7
6,3,"[16, 17, 23, 49, 62]",5,"[5, 8, 10, 17, 20, 23, 49, 50, 62]",9,"[6, 16, 17, 19, 23, 49, 50, 62]",8,"[5, 6, 17, 20, 23, 49, 50, 52, 62]",9,"[6, 19, 23, 48, 50, 62]",6,"[5, 6, 17, 20, 23, 50]",6,"[6, 19, 23, 48, 50, 52, 62]",7,"[5, 6, 20, 23, 48, 50]",6,"[6, 17, 23, 30, 50, 52, 62]",7,"[5, 8, 17, 23, 30, 49, 50, 52]",8,"[6, 17, 23, 30, 50, 52]",6,"[5, 6, 13, 17, 23, 30, 50, 52]",8,"[6, 17, 19, 23, 30, 48, 50, 62]",8,"[5, 6, 17, 20, 23, 48, 50, 52]",8,"[6, 17, 19, 23, 30, 48, 50, 62]",8,"[5, 6, 17, 20, 23, 48, 50, 52]",8,"[5, 17, 23, 30, 50, 52, 62]",7,"[5, 8, 17, 23, 30, 50, 52]",7,"[5, 6, 17, 30]",4,"[5, 6, 13, 17, 20, 23, 30, 50]",8
6,4,"[14, 16, 29, 39, 54]",5,"[5, 16, 18, 23, 29, 39, 44, 52]",8,"[14, 26, 29, 39, 54]",5,"[5, 11, 18, 23, 29, 34, 39, 44, 52, 59]",10,"[0, 14, 26, 29, 39, 54]",6,"[5, 11, 18, 23, 29, 34, 39, 44, 52, 59]",10,"[0, 14, 26, 29, 39, 54]",6,"[5, 11, 18, 23, 29, 39, 52]",7,"[14, 23, 26, 29, 34, 39, 54]",7,"[5, 11, 18, 23, 24, 29, 34, 39, 59]",9,"[14, 18, 23, 26, 29, 34, 39, 54]",8,"[5, 11, 18, 23, 29, 34, 39, 59]",8,"[14, 18, 23, 26, 29, 39, 51, 54]",8,"[5, 11, 18, 23, 29, 34, 39, 59]",8,"[14, 18, 23, 26, 29, 39, 51, 54]",8,"[5, 11, 18, 23, 29, 34, 39, 59]",8,"[14, 18, 23, 26, 29, 34, 39, 54]",8,"[5, 11, 18, 23, 24, 29, 34, 44, 59]",9,"[14, 18, 23, 26, 29, 34, 39, 54]",8,"[5, 18, 23, 29, 34, 54, 59]",7
6,5,"[30, 40, 46, 50, 55]",5,"[22, 28, 38, 40, 50, 55]",6,"[40, 50, 54, 55, 59, 61]",6,"[3, 22, 28, 40, 50, 52, 55, 61]",8,"[40, 46, 50, 54, 55, 59, 61]",7,"[22, 28, 40, 50, 52, 61]",6,"[40, 46, 50, 54, 55, 59]",6,"[1, 22, 28, 40, 50, 52, 60]",7,"[23, 40, 51, 54, 55, 61]",6,"[1, 3, 22, 23, 28, 51, 52, 55, 61]",9,"[23, 40, 46, 50, 51, 54, 55, 61]",8,"[22, 23, 28, 40, 45, 51, 52, 61]",8,"[23, 40, 46, 50, 54, 55, 61]",7,"[22, 23, 28, 40, 50, 51, 52, 60, 61]",9,"[23, 40, 46, 50, 54, 55, 61]",7,"[22, 23, 28, 40, 50, 51, 52, 60, 61]",9,"[23, 40, 51, 54, 55, 61]",6,"[3, 22, 23, 28, 51, 52, 55, 61]",8,"[17, 23, 40, 46, 50, 51, 54, 55, 61]",9,"[22, 23, 28, 40, 51, 52, 55, 61]",8
6,6,"[18, 31, 36, 38, 52, 53, 61]",7,"[2, 11, 22, 24, 36, 53, 54, 60, 63]",9,"[16, 18, 31, 36, 38, 52, 61]",7,"[2, 11, 22, 24, 36, 53, 54, 60, 63]",9,"[18, 36, 38, 52, 53, 61]",6,"[2, 11, 22, 24, 36, 53, 54, 60, 63]",9,"[18, 36, 38, 52, 53, 61]",6,"[2, 11, 22, 24, 36, 53, 54, 60, 63]",9,"[14, 36, 43, 52, 60]",5,"[2, 11, 22, 24, 36, 52, 54, 60, 63]",9,"[36, 43, 52, 61]",4,"[2, 11, 22, 24, 26, 36, 54, 60, 63]",9,"[36, 52, 53, 55, 58, 61]",6,"[2, 11, 22, 24, 26, 36, 54, 60, 63]",9,"[36, 52, 53, 55, 58, 61]",6,"[2, 11, 22, 24, 26, 36, 54, 60, 63]",9,"[14, 36, 43, 52, 60]",5,"[2, 11, 22, 24, 36, 52, 54, 60, 63]",9,"[14, 36, 43, 52, 56]",5,"[2, 11, 24, 26, 36, 54, 60, 63]",8
6,7,"[19, 22, 23, 26, 27, 30, 49, 53]",8,"[7, 19, 22, 25, 30, 49, 51, 59, 62]",9,"[20, 22, 23, 26, 30, 53, 59]",7,"[7, 10, 19, 22, 25, 30, 49, 51, 59, 62]",10,"[20, 22, 23, 26, 30, 49, 53, 59]",8,"[7, 10, 19, 22, 25, 30, 45, 49, 59, 62]",10,"[20, 22, 23, 26, 30, 49, 53, 59]",8,"[7, 10, 19, 22, 25, 30, 45, 49, 59, 62]",10,"[13, 20, 23, 30, 53, 59, 62]",7,"[7, 10, 19, 22, 25, 30, 49, 51, 59, 62]",10,"[19, 20, 23, 30, 49, 53, 59]",7,"[7, 10, 19, 25, 30, 49, 59, 62]",8,"[19, 20, 23, 30, 49, 53, 59]",7,"[7, 10, 19, 25, 30, 49, 59, 62]",8,"[19, 20, 23, 30, 49, 53, 59]",7,"[7, 10, 19, 25, 30, 49, 59, 62]",8,"[13, 19, 20, 23, 30, 53, 59]",7,"[0, 7, 10, 19, 22, 25, 30, 49, 59, 62]",10,"[19, 20, 23, 24, 30, 49, 59]",7,"[7, 10, 17, 19, 25, 30, 49, 59, 62]",9
6,8,"[12, 18, 25, 45, 60]",5,"[0, 12, 18, 23, 28, 43, 46, 49]",8,"[4, 12, 18, 25, 32, 41, 48]",7,"[0, 12, 18, 43, 45, 48]",6,"[4, 12, 18, 25, 32, 41, 43, 48]",8,"[0, 8, 12, 18, 32, 43, 45, 48]",8,"[4, 18, 25, 32, 41, 45, 48]",7,"[0, 8, 12, 18, 32, 43, 45, 48]",8,"[4, 18, 25, 32, 41, 43, 48, 50, 57]",9,"[0, 12, 18, 32, 43, 45, 48, 50, 57]",9,"[4, 18, 25, 32, 41, 43, 48]",7,"[12, 18, 32, 43, 45, 48]",6,"[4, 18, 25, 32, 41, 43, 48]",7,"[12, 18, 32, 43, 45, 48]",6,"[4, 18, 25, 32, 41, 43, 48]",7,"[12, 18, 32, 43, 45, 48]",6,"[4, 18, 25, 32, 41, 43, 48, 50]",8,"[12, 18, 32, 43, 48, 50, 57]",7,"[4, 9, 25, 32, 38, 41, 43, 48]",8,"[4, 18, 32, 43, 45, 48, 57]",7
6,9,"[1, 13, 17, 22, 24, 25, 41, 45, 57]",9,"[0, 5, 7, 8, 22, 31, 33, 55, 56]",9,"[24, 25, 41, 45, 47, 57, 61, 63]",8,"[0, 5, 8, 22, 31, 33, 55, 56]",8,"[24, 25, 41, 45, 54, 57, 63]",7,"[0, 5, 8, 22, 33, 50, 55, 56]",8,"[24, 25, 41, 45, 54, 57, 63]",7,"[0, 5, 7, 8, 22, 33, 50, 55]",8,"[1, 25, 41, 45, 47, 57, 61, 63]",8,"[0, 5, 8, 13, 31, 33, 55]",7,"[25, 41, 45, 57, 61, 63]",6,"[0, 5, 8, 13, 31, 33, 50, 55]",8,"[25, 41, 45, 57, 61, 63]",6,"[0, 5, 8, 13, 31, 33, 50, 55]",8,"[25, 41, 45, 57, 61, 63]",6,"[0, 5, 8, 13, 31, 33, 50, 55]",8,"[1, 25, 41, 45, 47, 61, 63]",7,"[0, 1, 5, 8, 13, 31, 33, 55]",8,"[1, 25, 41, 45, 47, 57, 61, 63]",8,"[0, 5, 8, 13, 31, 33, 50, 55]",8
6,10,"[3, 4, 15, 17, 25, 43]",6,"[5, 6, 19, 20, 38, 42, 53, 57, 60]",9,"[3, 4, 12, 15, 25, 43, 57]",7,"[5, 6, 10, 20, 38, 42, 43, 53, 57, 60]",10,"[3, 4, 15, 25, 43, 57]",6,"[5, 6, 10, 20, 38, 42, 53, 57, 60]",9,"[3, 4, 15, 25, 38, 43, 57]",7,"[5, 6, 10, 20, 38, 42, 43, 53, 57, 60]",10,"[3, 4, 12, 13, 25, 43, 57]",7,"[5, 6, 10, 20, 38, 42, 53, 57, 60]",9,"[3, 4, 12, 13, 25, 43, 57]",7,"[5, 6, 10, 20, 38, 42, 43, 53, 57, 60]",10,"[2, 3, 4, 12, 13, 16, 25, 43, 57]",9,"[5, 6, 10, 20, 38, 42, 43, 53, 57, 60]",10,"[2, 3, 4, 12, 13, 16, 25, 43, 57]",9,"[5, 6, 10, 20, 38, 42, 43, 53, 57, 60]",10,"[3, 4, 12, 13, 43, 57]",6,"[5, 6, 10, 20, 38, 42, 53, 57]",8,"[2, 3, 4, 5, 12, 13, 43, 57]",8,"[5, 6, 10, 13, 20, 38, 42, 43, 53, 57]",10
6,11,"[11, 25, 30, 38, 49, 53, 59]",7,"[7, 10, 20, 26, 28, 43, 46, 58]",8,"[2, 7, 11, 25, 30, 47, 49, 52, 53, 59]",10,"[7, 10, 17, 26, 28, 46, 58]",7,"[2, 11, 17, 30, 49, 53, 59]",7,"[7, 10, 17, 26, 27, 28, 40, 46, 58]",9,"[2, 11, 30, 49, 53, 59]",6,"[7, 10, 17, 24, 27, 28, 40, 58]",8,"[2, 7, 17, 25, 30, 49, 52, 53]",8,"[7, 10, 17, 23, 26, 27, 28, 34, 46, 58]",10,"[2, 7, 11, 17, 29, 30, 49, 52, 53]",9,"[7, 10, 17, 26, 27, 28, 34, 58]",8,"[2, 11, 17, 29, 30, 49, 52, 53]",8,"[7, 10, 17, 27, 28, 34, 58]",7,"[2, 11, 17, 29, 30, 49, 52, 53]",8,"[7, 10, 17, 27, 28, 34, 58]",7,"[2, 7, 17, 25, 30, 38, 52, 53]",8,"[7, 10, 17, 23, 26, 27, 28, 34, 58]",9,"[2, 7, 17, 30, 52, 53]",6,"[7, 10, 17, 26, 27, 28, 29, 34, 58]",9
7,0,"[3, 19, 21, 33, 35, 48, 51]",7,"[19, 26, 28, 33, 42, 48, 49, 59]",8,"[3, 19, 33, 42, 48]",5,"[19, 26, 28, 33, 42, 44, 49, 59]",8,"[3, 19, 33, 42, 48, 51]",6,"[19, 26, 28, 33, 42, 44, 45, 49, 59]",9,"[3, 19, 33, 42, 48, 51]",6,"[19, 26, 28, 33, 42, 44, 45, 49, 59]",9,"[3, 33, 42, 43, 48, 51]",6,"[8, 26, 27, 28, 42, 43, 44, 45, 49, 59]",10,"[3, 19, 33, 42, 48, 51]",6,"[8, 27, 28, 42, 44, 45, 49, 59]",8,"[3, 19, 33, 42, 48, 51]",6,"[27, 28, 42, 44, 45, 48, 49, 59]",8,"[3, 19, 33, 42, 48, 51]",6,"[27, 28, 42, 44, 45, 48, 49, 59]",8,"[3, 36, 42, 43, 48, 51]",6,"[8, 26, 27, 28, 42, 43, 44, 45, 49]",9,"[3, 31, 36, 42, 43, 48, 51]",7,"[8, 27, 28, 36, 42, 44, 45, 48, 49, 59]",10
7,1,"[2, 7, 20, 21, 31, 45, 55]",7,"[2, 7, 11, 20, 21, 41, 52, 55]",8,"[2, 7, 45, 52, 55, 62]",6,"[2, 11, 20, 21, 38, 41, 52]",7,"[2, 62]",2,"[2, 11, 20, 21, 38, 41, 52]",7,"[2, 34, 62]",3,"[2, 11, 21, 38, 39, 41, 52]",7,"[31, 55, 58, 62]",4,"[2, 11, 20, 21, 38, 39, 41, 48, 52, 55]",10,"[39, 58, 62]",3,"[2, 9, 11, 20, 21, 38, 39, 41, 52]",9,"[38, 46, 58, 62]",4,"[2, 9, 11, 21, 38, 39, 41, 52]",8,"[38, 46, 58, 62]",4,"[2, 9, 11, 21, 38, 39, 41, 52]",8,"[31, 55, 58, 62]",4,"[2, 11, 20, 21, 38, 39, 41, 48, 52, 55]",10,"[39, 41, 52, 55, 58, 62]",6,"[2, 9, 11, 38, 39, 41, 48, 52]",8
7,2,"[8, 11, 18, 28, 33, 48, 55]",7,"[5, 8, 11, 13, 18, 33, 47, 48]",8,"[8, 11, 18, 28, 33, 42, 55]",7,"[5, 8, 11, 13, 18, 33, 47, 48, 55]",9,"[8, 11, 18, 28, 33, 42, 55]",7,"[5, 8, 11, 13, 18, 33, 47, 48]",8,"[8, 11, 18, 28, 33, 40, 42, 55]",8,"[5, 8, 11, 13, 18, 33, 47, 48]",8,"[8, 11, 18, 28, 33, 55, 57]",7,"[5, 8, 11, 13, 18, 32, 33, 47, 48, 55]",10,"[8, 11, 18, 28, 33, 42, 55, 57]",8,"[5, 11, 13, 18, 32, 33, 47, 48, 55]",9,"[8, 11, 18, 28, 33, 42, 55]",7,"[5, 11, 13, 18, 32, 33, 47, 48]",8,"[8, 11, 18, 28, 33, 42, 55]",7,"[5, 11, 13, 18, 32, 33, 47, 48]",8,"[5, 8, 18, 28, 33, 55, 57]",7,"[5, 8, 11, 13, 18, 32, 33, 47, 48, 55]",10,"[8, 18, 28, 33, 40, 55, 57]",7,"[11, 13, 18, 32, 33, 47, 48, 55]",8
7,3,"[11, 27, 30, 34, 38, 39, 45]",7,"[10, 15, 17, 30, 33, 40, 45, 60]",8,"[10, 11, 27, 30, 38, 39, 47]",7,"[3, 10, 15, 17, 25, 30, 33, 45, 60]",9,"[10, 11, 27, 30, 38, 39, 47]",7,"[3, 10, 15, 25, 30, 33, 45, 60]",8,"[10, 11, 27, 30, 38, 39, 47]",7,"[3, 10, 15, 25, 30, 33, 45, 60]",8,"[10, 21, 22, 27, 30, 47]",6,"[3, 10, 15, 17, 25, 30, 45]",7,"[3, 10, 15, 21, 27, 30, 47, 48]",8,"[3, 10, 15, 25, 30, 33, 45, 60]",8,"[3, 10, 27, 30, 47, 48]",6,"[3, 10, 15, 25, 30, 33, 45, 60]",8,"[3, 10, 27, 30, 47, 48]",6,"[3, 10, 15, 25, 30, 33, 45, 60]",8,"[3, 10, 15, 21, 27, 30, 47]",7,"[3, 10, 15, 17, 21, 25, 30, 45]",8,"[3, 10, 21, 27, 30, 47]",6,"[3, 10, 15, 21, 25, 30, 45, 60]",8
7,4,"[18, 19, 48, 53, 59]",5,"[5, 13, 14, 20, 39, 43, 53, 62]",8,"[18, 19, 48, 53, 59]",5,"[5, 13, 14, 20, 39, 42, 43, 53, 62]",9,"[18, 48, 53, 59]",4,"[5, 13, 14, 20, 39, 42, 43, 53, 62]",9,"[18, 48, 53, 54, 59]",5,"[5, 13, 14, 20, 39, 42, 43, 62]",8,"[18, 48, 53, 59, 61, 63]",6,"[5, 13, 14, 20, 39, 42, 43, 53, 62]",9,"[18, 48, 53, 59, 61, 63]",6,"[5, 13, 14, 20, 39, 42, 43, 62]",8,"[18, 48, 53, 59, 61, 63]",6,"[5, 13, 14, 20, 39, 42, 43, 62]",8,"[18, 48, 53, 59, 61, 63]",6,"[5, 13, 14, 20, 39, 42, 43, 62]",8,"[18, 48, 53, 54, 59, 61, 63]",7,"[5, 13, 14, 20, 39, 42, 43, 53, 62]",9,"[18, 53, 55, 63]",4,"[5, 13, 14, 20, 39, 42, 62]",7
7,5,"[12, 24, 30, 32, 55, 63]",6,"[4, 11, 12, 24, 27, 32, 57, 60]",8,"[12, 24, 30, 63]",4,"[10, 11, 12, 24, 27, 32, 57, 60]",8,"[12, 23, 24, 30, 63]",5,"[4, 10, 11, 12, 24, 27, 32, 57]",8,"[3, 12, 24, 30, 63]",5,"[10, 11, 12, 24, 27, 32, 57]",7,"[12, 15, 24, 30, 63]",5,"[10, 11, 12, 21, 24, 27, 35]",7,"[12, 24, 30, 63]",4,"[10, 11, 12, 21, 24, 27, 35, 60]",8,"[3, 12, 24, 30, 63]",5,"[10, 11, 12, 21, 24, 27, 60]",7,"[3, 12, 24, 30, 63]",5,"[10, 11, 12, 21, 24, 27, 60]",7,"[12, 15, 21, 24, 30, 63]",6,"[10, 11, 12, 21, 24, 27, 35]",7,"[12, 15, 20, 21, 24, 29, 30, 63]",8,"[10, 11, 12, 21, 24, 27, 35]",7
7,6,"[27, 36, 38, 44, 46, 50, 61]",7,"[27, 34, 36, 38, 43, 44, 50]",7,"[27, 36, 38, 44, 46, 50]",6,"[34, 36, 38, 44, 46, 62]",6,"[36, 38, 39, 44, 59]",5,"[20, 25, 34, 36, 38, 39, 44, 62]",8,"[27, 36, 38, 39, 44, 59]",6,"[34, 36, 38, 39, 44, 62]",6,"[20, 27, 36, 38, 44, 46, 62]",7,"[20, 34, 36, 38, 44, 46, 51, 62]",8,"[20, 25, 36, 38, 39, 44, 46, 58, 62]",9,"[20, 25, 34, 36, 39, 44, 46, 58, 62]",9,"[20, 25, 27, 36, 38, 39, 44, 46, 58, 59, 62]",11,"[20, 25, 34, 36, 39, 44, 46, 58, 62]",9,"[20, 25, 27, 36, 38, 39, 44, 46, 58, 59, 62]",11,"[20, 25, 34, 36, 39, 44, 46, 58, 62]",9,"[20, 27, 36, 38, 44, 46, 62]",7,"[20, 34, 36, 38, 44, 46, 51, 62]",8,"[20, 25, 36, 44, 46, 58, 62]",7,"[20, 25, 34, 36, 44, 46, 58, 62]",8
7,7,"[4, 6, 36, 40, 45, 57]",6,"[6, 7, 36, 45, 51, 57]",6,"[4, 6, 26, 33, 36, 40, 57]",7,"[2, 6, 7, 16, 33, 36, 40, 45, 51, 57]",10,"[4, 6, 33, 36, 40, 52, 57]",7,"[2, 6, 7, 13, 16, 33, 36, 40, 57]",9,"[6, 36, 40, 52, 57]",5,"[6, 7, 33, 36, 40, 57]",6,"[4, 6, 13, 15, 26, 33, 36, 40]",8,"[2, 6, 7, 13, 16, 33, 51, 57]",8,"[4, 6, 13, 26, 36, 40, 52, 57]",8,"[2, 6, 7, 13, 33, 36, 40, 57]",8,"[4, 6, 13, 26, 36, 40, 52, 57]",8,"[2, 6, 7, 13, 33, 36, 40, 57]",8,"[4, 6, 13, 26, 36, 40, 52, 57]",8,"[2, 6, 7, 13, 33, 36, 40, 57]",8,"[4, 6, 13, 15, 26, 36, 40]",7,"[2, 6, 7, 13, 33, 40, 51, 57]",8,"[4, 6, 13, 26, 36, 40, 52, 57]",8,"[2, 7, 13, 20, 33, 36, 57]",7
7,8,"[1, 31, 37, 56, 61]",5,"[11, 27, 29, 30, 37, 50, 61]",7,"[1, 30, 31, 61]",4,"[4, 24, 27, 30, 37, 38, 50, 52, 61]",9,"[1, 27, 30, 31, 48, 61]",6,"[24, 27, 30, 36, 37, 50, 61]",7,"[1, 27, 30, 31, 37, 48, 61]",7,"[24, 27, 29, 30, 36, 37, 50, 61]",8,"[16, 27, 30, 31, 35, 46]",6,"[4, 24, 27, 30, 38, 50, 52, 61, 63]",9,"[1, 16, 27, 30, 31, 35]",6,"[4, 24, 27, 30, 38, 50, 61, 63]",8,"[1, 23, 27, 30, 31, 35]",6,"[24, 27, 29, 30, 36, 37, 50, 61, 63]",9,"[1, 23, 27, 30, 31, 35]",6,"[24, 27, 29, 30, 36, 37, 50, 61, 63]",9,"[16, 27, 30, 31, 35, 46]",6,"[4, 24, 27, 30, 38, 50, 52, 61, 63]",9,"[16, 17, 18, 27, 30, 31, 38]",7,"[4, 24, 27, 29, 30, 38, 50, 61, 63]",9
7,9,"[23, 31, 39, 43, 44, 51]",6,"[0, 23, 39, 44, 61]",5,"[23, 44, 51]",3,"[0, 23, 39, 40, 44, 51, 61]",7,"[0, 23, 43, 51]",4,"[0, 23, 39, 44, 51, 61]",6,"[0, 23, 39, 43, 51, 61]",6,"[0, 23, 39, 44, 51, 61]",6,"[12, 23, 40, 44, 51]",5,"[0, 12, 23, 40, 44, 51, 61]",7,"[23, 40, 51, 61]",4,"[0, 23, 40, 44, 51, 61]",6,"[23, 43, 51, 61]",4,"[0, 23, 40, 44, 51, 61]",6,"[23, 43, 51, 61]",4,"[0, 23, 40, 44, 51, 61]",6,"[12, 23, 40, 44, 51, 61]",6,"[12, 23, 40, 44, 51, 61]",6,"[12, 22, 23, 40, 51, 61]",6,"[12, 13, 22, 23, 40, 44, 51, 61]",8
7,10,"[34, 53, 55]",3,"[35, 49, 53]",3,"[34, 53, 55, 63]",4,"[36, 41, 49, 53, 54, 59]",6,"[27, 34, 49, 54, 55, 61]",6,"[41, 49, 53, 54, 59]",5,"[27, 34, 49, 53, 54, 55, 61]",7,"[41, 49, 53, 54, 59]",5,"[20, 54, 55, 63]",4,"[10, 36, 41, 50, 54, 59]",6,"[27, 49, 54, 55]",4,"[10, 36, 41, 49, 50, 54, 59]",7,"[6, 27, 49, 54]",4,"[36, 41, 49, 50, 54, 59]",6,"[6, 27, 49, 54]",4,"[36, 41, 49, 50, 54, 59]",6,"[10, 20, 36, 54, 55, 63]",6,"[10, 36, 41, 50, 54, 59]",6,"[10, 20, 27, 36, 49, 54, 63]",7,"[10, 27, 33, 36, 41, 49, 50, 54, 59]",9
7,11,"[0, 4, 7, 21, 29, 36, 41]",7,"[1, 21, 29, 41]",4,"[1, 3, 4, 5, 7, 21, 22, 29, 41]",9,"[1, 3, 12, 21, 29, 34, 41]",7,"[1, 4, 5, 7, 21, 22, 29, 36, 41]",9,"[1, 3, 12, 21, 29, 34, 41]",7,"[1, 3, 4, 5, 7, 21, 22, 29, 41]",9,"[1, 3, 21, 29, 34, 41]",6,"[1, 4, 7, 21, 22, 29, 41]",7,"[1, 8, 21, 22, 34, 41]",6,"[1, 4, 5, 7, 21, 22, 29, 34, 41]",9,"[1, 3, 8, 21, 22, 29, 34, 41]",8,"[1, 3, 4, 5, 7, 21, 22, 34, 41]",9,"[1, 3, 21, 22, 34, 41]",6,"[1, 3, 4, 5, 7, 21, 22, 34, 41]",9,"[1, 3, 21, 22, 34, 41]",6,"[1, 4, 7, 21, 22, 29, 41]",7,"[1, 8, 14, 21, 22, 34, 41]",7,"[1, 3, 4, 5, 7, 21, 22, 34, 41]",9,"[1, 3, 8, 14, 21, 22, 34, 41]",8
8,0,"[4, 15, 48, 56]",4,"[4, 15, 23, 25, 38, 48, 53]",7,"[4, 8, 25, 29, 48, 56]",6,"[23, 25, 38, 48, 52]",5,"[4, 8, 48, 51]",4,"[4, 23, 25, 38, 45, 48, 52]",7,"[4, 8, 48, 51]",4,"[4, 23, 25, 38, 45, 48, 52]",7,"[8, 25, 29, 45, 48, 56]",6,"[25, 42, 45, 48, 52]",5,"[4, 8, 45, 46, 48]",5,"[25, 38, 42, 45, 48, 52]",6,"[4, 45, 46, 48]",4,"[25, 38, 45, 48, 52]",5,"[4, 45, 46, 48]",4,"[25, 38, 45, 48, 52]",5,"[25, 29, 45, 48, 56]",5,"[25, 42, 45, 48, 52]",5,"[25, 29, 45, 48]",4,"[25, 27, 38, 42, 45, 48, 52]",7
8,1,"[23, 36, 45]",3,"[10, 36, 45, 46, 63]",5,"[25, 34, 36, 45]",4,"[10, 14, 36, 45, 62, 63]",6,"[14, 36, 37, 45]",4,"[10, 14, 36, 45, 63]",5,"[14, 36, 37, 45]",4,"[14, 36, 45]",3,"[10, 14, 25, 36, 63]",5,"[10, 14, 36, 63]",4,"[14, 36, 45]",3,"[10, 14, 34, 36]",4,"[14, 36, 45, 60]",4,"[10, 14, 36, 62]",4,"[14, 36, 45, 60]",4,"[10, 14, 36, 62]",4,"[10, 14, 25, 34, 36, 60]",6,"[10, 14, 36, 63]",4,"[10, 14, 36, 60]",4,"[10, 14, 36, 60, 63]",5
8,2,"[9, 19, 28, 61]",4,"[9, 26, 41, 44, 48, 56, 61]",7,"[9, 26, 28, 61]",4,"[9, 26, 44, 48, 56, 61]",6,"[6, 9, 26, 28, 61]",5,"[26, 44, 48, 56, 61]",5,"[6, 9, 19, 26, 28, 35, 61]",7,"[26, 44, 48, 56, 61]",5,"[9, 19, 26, 61]",4,"[0, 3, 4, 9, 22, 26, 44, 48, 50, 56, 61]",11,"[6, 26, 28, 56, 61]",5,"[0, 9, 26, 30, 44, 50, 56, 61]",8,"[6, 19, 26, 28, 56, 61]",6,"[0, 26, 30, 44, 48, 56, 61]",7,"[6, 19, 26, 28, 56, 61]",6,"[0, 26, 30, 44, 48, 56, 61]",7,"[19, 26, 28, 61]",4,"[0, 3, 4, 9, 26, 48, 50, 56, 61]",9,"[24, 26, 28, 30, 56, 61]",6,"[0, 9, 26, 30, 44, 50, 56, 61]",8
8,3,"[13, 27, 45, 53]",4,"[2, 10, 16, 21, 23, 56]",6,"[1, 13, 23, 27, 45, 56]",6,"[10, 16, 21, 23, 56]",5,"[1, 13, 23, 27, 44, 45, 56]",7,"[2, 10, 16, 21, 23, 56]",6,"[1, 23, 27, 44, 45]",5,"[2, 10, 16, 21, 23, 56]",6,"[1, 13, 23, 56]",4,"[10, 16, 23, 24, 26, 54, 56]",7,"[1, 23, 27, 38, 44]",5,"[10, 16, 21, 23, 25, 26, 54, 56]",8,"[1, 27, 38, 44, 45]",5,"[1, 10, 16, 21, 23, 52, 54, 56]",8,"[1, 27, 38, 44, 45]",5,"[1, 10, 16, 21, 23, 52, 54, 56]",8,"[1, 13, 23, 38, 56]",5,"[10, 16, 23, 24, 26, 54, 56]",7,"[1, 26, 27, 38, 46, 56]",6,"[1, 10, 16, 23, 26, 52, 54, 56]",8
8,4,"[25, 32, 58]",3,"[11, 17, 19, 37]",4,"[4, 14, 17, 25, 26, 32, 58]",7,"[11, 17, 19, 32]",4,"[17, 25, 26, 32, 58]",5,"[11, 17]",2,"[17, 25, 26, 32]",4,"[11, 17]",2,"[1, 14, 19, 25, 32, 45, 58]",7,"[1, 11, 12, 17, 32]",5,"[14, 17, 25, 32, 45, 58]",6,"[1, 11, 12, 17, 32]",5,"[14, 17, 25, 32, 45, 58]",6,"[11, 17, 32]",3,"[14, 17, 25, 32, 45, 58]",6,"[11, 17, 32]",3,"[1, 14, 19, 25, 32, 45, 58]",7,"[1, 11, 17, 19, 24, 32, 45]",7,"[4, 14, 32, 45, 58]",5,"[1, 11, 17, 27, 32, 45, 54]",7
8,5,"[1, 7, 16, 24, 30, 57, 62]",7,"[7, 16, 30, 62]",4,"[1, 7, 16, 24, 30, 57, 62]",7,"[1, 7, 11, 16, 30, 35, 57, 62]",8,"[1, 7, 16, 24, 29, 30, 57, 62]",8,"[7, 11, 16, 30, 44, 47, 62]",7,"[1, 7, 16, 29, 30, 47, 62]",7,"[7, 11, 16, 29, 30, 44, 47, 62]",8,"[1, 7, 11, 16, 29, 47, 57, 62]",8,"[1, 11, 16, 30, 47, 55, 57, 62]",8,"[1, 7, 11, 29, 47, 57, 62]",7,"[11, 16, 29, 30, 47, 55, 57, 62]",8,"[1, 7, 11, 29, 47, 57, 62]",7,"[11, 16, 29, 30, 44, 47, 55, 62]",8,"[1, 7, 11, 29, 47, 57, 62]",7,"[11, 16, 29, 30, 44, 47, 55, 62]",8,"[1, 11, 16, 29, 30, 47, 57]",7,"[1, 11, 16, 29, 30, 47, 57, 62]",8,"[1, 11, 29, 30, 47, 57, 60]",7,"[11, 16, 29, 30, 35, 44, 47, 60, 62]",9
8,6,"[0, 2, 6, 7, 38, 53]",6,"[6, 7, 38, 59, 63]",5,"[2, 6, 38]",3,"[6, 38, 53, 59, 63]",5,"[0, 2, 6, 38, 59]",5,"[6, 38, 59, 63]",4,"[0, 2, 6, 38, 59]",5,"[38, 59, 63]",3,"[0, 2, 6, 38, 53]",5,"[19, 38, 63]",3,"[0, 38, 59]",3,"[38, 45, 59, 63]",4,"[0, 9, 38, 59]",4,"[38, 45, 57, 59, 63]",5,"[0, 9, 38, 59]",4,"[38, 45, 57, 59, 63]",5,"[0, 2, 6, 38, 53]",5,"[38, 45, 63]",3,"[33, 38, 53, 54]",4,"[38, 44, 45, 59, 63]",5
8,7,"[12, 16, 44, 58, 62]",5,"[16, 20, 34, 36, 43, 58]",6,"[12, 16, 36, 44, 58, 62]",6,"[16, 36, 52, 58]",4,"[16, 36, 44, 58, 62]",5,"[16, 20, 24, 36, 52, 58]",6,"[16, 36, 44, 58, 62]",5,"[16, 20, 24, 36, 52, 58]",6,"[12, 16, 36, 44, 58, 62]",6,"[16, 24, 36, 44, 52, 58]",6,"[12, 16, 24, 36, 44, 58, 62]",7,"[16, 24, 36, 44, 52, 58]",6,"[16, 24, 36, 44, 58, 62]",6,"[16, 24, 36, 44, 52, 58]",6,"[16, 24, 36, 44, 58, 62]",6,"[16, 24, 36, 44, 52, 58]",6,"[12, 16, 36, 44, 58, 59, 62]",7,"[16, 24, 36, 44, 52, 58]",6,"[12, 18, 44, 58, 62]",5,"[16, 24, 44, 52, 58, 62]",6
8,8,"[42, 52, 60]",3,"[10, 14, 27, 29, 42, 57, 62]",7,"[14, 42, 52, 62]",4,"[14, 25, 27, 29, 42, 57, 62]",7,"[14, 29, 42, 52]",4,"[25, 27, 29, 42, 57, 62]",6,"[14, 29, 42, 52]",4,"[27, 29, 42, 57, 62]",5,"[42, 51, 52, 55, 62]",5,"[27, 52, 57, 62]",4,"[42, 51, 52, 62]",4,"[13, 25, 27, 29, 52, 57, 62]",7,"[42, 51, 52]",3,"[13, 27, 29, 42, 57, 62]",6,"[42, 51, 52]",3,"[13, 27, 29, 42, 57, 62]",6,"[51, 52, 55, 62]",4,"[14, 23, 27, 52, 57, 62]",6,"[26, 42, 52]",3,"[18, 25, 27, 52, 57, 62]",6
8,9,"[7, 22, 25, 27, 58]",5,"[15, 16, 18, 25, 27, 29, 30]",7,"[8, 27, 56, 58]",4,"[15, 16, 18, 25, 27, 30]",6,"[22, 27, 58]",3,"[15, 16, 18, 25, 27, 30, 58]",7,"[8, 22, 27, 58]",4,"[15, 16, 18, 25, 27, 30, 58]",7,"[8, 27, 56, 58]",4,"[8, 15, 16, 18, 25, 27, 30, 35]",8,"[8, 27, 58, 61]",4,"[15, 16, 18, 25, 27, 30, 58]",7,"[8, 27, 58]",3,"[15, 16, 18, 25, 27, 29, 30, 58]",8,"[8, 27, 58]",3,"[15, 16, 18, 25, 27, 29, 30, 58]",8,"[8, 27, 56, 58]",4,"[8, 15, 16, 18, 25, 27, 30, 35]",8,"[8, 27, 53, 61]",4,"[13, 15, 16, 18, 27, 30, 35, 53]",8
8,10,"[10, 49, 58, 62]",4,"[10, 31, 58, 60]",4,"[10, 15, 45, 49, 50, 62]",6,"[7, 10, 31, 49, 58, 60]",6,"[10, 15, 45, 49, 62]",5,"[7, 10, 13, 31, 58, 60]",6,"[10, 15, 45, 50, 60, 62]",6,"[7, 10, 13, 31, 58, 60]",6,"[10, 15, 49, 62]",4,"[7, 10, 13, 31, 49, 58, 60]",7,"[10, 45, 49, 58, 60, 62]",6,"[7, 10, 13, 23, 31, 58, 60]",7,"[6, 10, 45, 58, 60, 62]",6,"[7, 10, 13, 23, 31, 58, 60]",7,"[6, 10, 15, 45, 58, 60, 62]",7,"[7, 10, 13, 23, 31, 58, 60]",7,"[10, 49, 62]",3,"[7, 10, 13, 31, 49, 60]",6,"[18, 49, 58, 60]",4,"[7, 9, 10, 13, 31, 49, 58, 60]",8
8,11,"[49, 52, 54, 57, 62]",5,"[15, 27, 33, 52, 56, 57, 63]",7,"[49, 52, 54, 62]",4,"[15, 27, 52, 56, 57, 63]",6,"[21, 49, 52, 54, 62]",5,"[27, 42, 52, 53, 56, 63]",6,"[21, 49, 52, 54, 57, 62]",6,"[27, 32, 42, 52, 53, 56, 63]",7,"[22, 52, 54, 56, 62]",5,"[9, 27, 47, 52, 56, 63]",6,"[14, 21, 22, 49, 54, 56, 57, 62]",8,"[9, 27, 47, 52, 53, 56, 63]",7,"[14, 21, 22, 49, 54, 56, 62]",7,"[9, 27, 47, 52, 53, 56, 63]",7,"[14, 21, 49, 54, 56, 62]",6,"[9, 27, 47, 52, 53, 56, 63]",7,"[14, 22, 52, 54, 56, 62]",6,"[9, 27, 47, 52, 56, 63]",6,"[21, 22, 49, 52, 54, 56, 62]",7,"[9, 20, 27, 47, 52, 56, 60, 63]",8
9,0,"[27, 48, 61]",3,"[11, 24, 30, 42, 57, 62, 63]",7,"[48, 61]",2,"[0, 3, 4, 11, 24, 30, 57, 61, 62]",9,"[48, 61]",2,"[0, 4, 11, 24, 30, 42, 57, 61, 62, 63]",10,"[33, 48, 57, 61]",4,"[0, 11, 24, 30, 42, 57, 61, 62, 63]",9,"[34, 48, 61]",3,"[0, 3, 4, 11, 24, 57, 61, 63]",8,"[33, 34, 48, 61]",4,"[0, 3, 11, 24, 57, 61, 63]",7,"[33, 48]",2,"[0, 3, 11, 24, 57, 61, 63]",7,"[33, 48]",2,"[0, 3, 11, 24, 57, 61, 63]",7,"[34, 48, 61, 63]",4,"[0, 3, 11, 24, 61, 63]",6,"[34, 47, 48, 61, 63]",5,"[47, 48, 61, 63]",4
9,1,"[10, 58]",2,"[10, 58]",2,[58],1,[58],1,"[6, 58]",2,"[6, 20, 41, 58]",4,"[6, 41, 58]",3,"[6, 20, 41, 58]",4,"[40, 51, 58]",3,"[40, 41, 58, 61]",4,"[6, 40, 41, 58]",4,"[30, 41, 58]",3,"[6, 30, 41, 58]",4,"[6, 30, 40, 41, 58]",5,"[6, 30, 41, 58]",4,"[6, 30, 40, 41, 58]",5,"[40, 41, 51, 58]",4,"[40, 41, 58, 61]",4,"[2, 6, 40, 41, 58]",5,"[6, 40, 41, 58]",4
9,2,[46],1,"[9, 10, 13, 20, 25, 42, 46, 50]",8,"[6, 11, 13, 37, 46]",5,"[9, 11, 13, 20, 25, 37, 42, 46, 50]",9,"[6, 11, 16, 37, 46]",5,"[11, 13, 20, 25, 33, 37, 42, 50]",8,"[6, 11, 16, 21, 46]",5,"[13, 20, 25, 33, 37, 42, 50]",7,"[11, 13, 20, 25, 28, 42, 46]",7,"[10, 11, 20, 25, 42, 46]",6,"[6, 11, 13, 28, 46]",5,"[11, 13, 20, 25, 42, 46, 50]",7,"[11, 13, 21, 28, 33, 46]",6,"[11, 13, 20, 37, 42, 46, 50]",7,"[11, 13, 21, 28, 33, 46]",6,"[11, 13, 20, 37, 42, 46, 50]",7,"[11, 20, 25, 28, 42, 46]",6,"[11, 20, 25, 42, 46]",5,"[11, 24, 28, 46]",4,"[11, 20, 25, 42, 46, 47, 62]",7
9,3,"[11, 34, 39, 44, 55]",5,"[11, 19, 21, 34, 39, 44, 51]",7,"[11, 19, 34, 36, 39, 44, 55]",7,"[11, 19, 21, 34, 51]",5,"[11, 19, 34, 39, 44]",5,"[0, 11, 19, 21, 34, 39, 51]",7,"[11, 19, 34, 39, 44]",5,"[0, 11, 19, 21, 34, 39, 51]",7,"[11, 19, 21, 34, 36, 39, 55]",7,"[11, 19, 21, 34, 36, 39]",6,"[11, 19, 34, 39]",4,"[11, 17, 19, 21, 34, 36, 39]",7,"[0, 11, 19, 34, 39]",5,"[0, 11, 19, 21, 34, 39]",6,"[0, 11, 19, 34, 39]",5,"[0, 11, 19, 21, 34, 39]",6,"[11, 19, 21, 30, 34, 36, 39, 55]",8,"[11, 19, 21, 34, 39]",5,"[11, 19, 21, 30, 36, 39]",6,"[11, 17, 19, 21, 34, 36, 39]",7
9,4,[],0,"[17, 18]",2,"[2, 7, 27]",3,"[17, 18]",2,"[2, 27]",2,"[17, 18]",2,"[2, 27]",2,"[17, 18]",2,"[7, 27, 30, 51]",4,"[17, 18, 62]",3,"[2, 7, 27, 51]",4,"[17, 18, 27]",3,"[2, 7, 27, 51]",4,"[17, 18]",2,"[2, 7, 17, 27, 51]",5,"[17, 18]",2,"[7, 27, 30, 51]",4,"[17, 18, 27]",3,"[2, 7, 17, 27, 30, 51]",6,"[17, 18, 27, 51, 62]",5
9,5,"[19, 26, 56]",3,"[5, 10, 19, 26, 50, 51, 56]",7,"[19, 26, 56]",3,"[5, 10, 19, 26, 50, 51]",6,"[19, 26, 56]",3,"[10, 19, 26, 50]",4,"[19, 26, 56]",3,"[10, 19, 26, 50, 56]",5,"[26, 47, 56]",3,"[5, 19, 26, 33, 50]",5,"[26, 56]",2,"[10, 19, 26, 33, 50, 51, 62]",7,"[19, 26, 56, 62]",4,"[10, 19, 26, 33, 50, 51, 62]",7,"[19, 26, 56, 62]",4,"[10, 19, 26, 33, 50, 51, 62]",7,"[26, 47, 56]",3,"[5, 19, 26, 33, 47, 50]",6,"[19, 26, 47]",3,"[19, 26, 33, 50, 62]",5
9,6,"[1, 22, 29, 47, 54, 59]",6,"[1, 16, 19, 22, 54, 59]",6,"[1, 16, 22, 29, 54, 59]",6,"[1, 16, 19, 22, 49, 54]",6,"[16, 29, 54]",3,"[1, 16, 19, 20, 22, 49, 54]",7,"[16, 54]",2,"[1, 16, 19, 20, 22, 49, 54]",7,"[2, 16, 17, 22, 29, 54]",6,"[1, 16, 17, 22, 49, 54]",6,"[2, 16, 20, 54, 62]",5,"[16, 20, 22, 49, 54]",5,"[2, 16, 20, 54, 62]",5,"[16, 19, 20, 22, 49, 54]",6,"[2, 16, 20, 54, 62]",5,"[16, 19, 20, 22, 49, 54]",6,"[2, 16, 17, 22, 29, 54, 62]",7,"[1, 16, 17, 22, 29, 54]",6,"[2, 16, 17, 22, 29, 42, 62]",7,"[16, 17, 22, 29, 49, 54, 62]",7
9,7,"[28, 33, 60]",3,[32],1,"[10, 13, 33]",3,"[7, 16, 27, 32]",4,"[10, 51]",2,"[27, 32]",2,[],0,"[27, 32]",2,"[7, 10, 13, 62]",4,"[59, 62]",2,"[7, 13, 33, 51, 55]",5,"[3, 51]",2,"[7, 13, 51, 55]",4,"[21, 51]",2,"[7, 13, 51, 55]",4,"[16, 21, 51]",3,"[10, 39, 62]",3,"[7, 21, 59, 62]",4,"[7, 36, 39, 51, 55]",5,"[7, 21, 39, 51, 55]",5
9,8,"[25, 45, 61]",3,"[3, 13, 25, 35, 57, 60, 61]",7,"[25, 32, 45, 49, 60, 61]",6,"[3, 25, 37, 49, 57, 60, 61]",7,"[25, 32, 45, 60, 61]",5,"[3, 25, 57, 60, 61]",5,"[25, 45, 60, 61]",4,"[3, 25, 57, 60, 61]",5,"[32, 49, 60, 61]",4,"[3, 13, 25, 32, 49, 60, 61]",7,"[32, 45, 49, 60, 61]",5,"[3, 25, 32, 49, 60, 61]",6,"[32, 45, 49, 61]",4,"[3, 25, 37, 49, 60, 61]",6,"[32, 45, 49, 61]",4,"[3, 25, 37, 49, 60, 61]",6,"[32, 49, 60, 61]",4,"[3, 13, 32, 49, 60, 61]",6,"[32, 45, 49, 60, 61]",5,"[3, 13, 31, 32, 49, 60, 61]",7
9,9,"[6, 11, 12, 15, 27, 50]",6,"[0, 6, 15, 25, 38, 50, 54, 57]",8,"[6, 11, 12, 15]",4,"[0, 6, 15, 23, 25, 54]",6,"[6, 11, 15]",3,"[0, 6, 15, 23, 25, 54]",6,"[6, 11, 12, 15]",4,"[0, 6, 15, 25, 54]",5,"[6, 12, 15, 34]",4,"[0, 6, 15, 23, 25, 54, 59, 61]",8,"[6, 12, 15, 34]",4,"[0, 6, 15, 23, 34, 36, 54, 61]",8,"[6, 12, 15, 34]",4,"[0, 6, 15, 34, 36, 54, 61]",7,"[6, 12, 15, 34]",4,"[0, 6, 15, 34, 36, 54, 61]",7,"[6, 15, 34]",3,"[0, 6, 15, 22, 23, 25, 34, 54, 59]",9,"[12, 15, 34]",3,"[0, 6, 15, 34, 36, 51, 54, 61]",8
9,10,"[6, 13, 15, 16, 21, 35, 37]",7,"[6, 13, 35, 37, 40, 45, 51, 62]",8,"[6, 13, 15, 16, 35, 37, 40]",7,"[6, 13, 35, 37, 40, 51]",6,"[6, 13, 15, 16, 35, 37]",6,"[6, 13, 16, 21, 35, 37, 40, 57]",8,"[6, 13, 15, 16, 35, 37]",6,"[6, 13, 16, 21, 35, 37, 40, 57]",8,"[15, 16, 35]",3,"[6, 13, 16, 35, 37, 42, 51, 53]",8,"[13, 15, 16, 29, 35, 57]",6,"[6, 13, 16, 35, 37]",5,"[6, 13, 15, 16, 29, 35]",6,"[6, 13, 16, 35, 37, 40, 57]",7,"[6, 13, 15, 16, 29, 35]",6,"[6, 13, 16, 35, 37, 40, 57]",7,"[13, 15, 16, 35, 57]",5,"[6, 13, 15, 16, 35, 37, 42, 51, 53]",9,"[13, 15, 16, 30, 35, 57]",6,"[13, 16, 35, 37, 42, 53, 57]",7
9,11,"[38, 40, 59]",3,"[8, 38, 40, 44, 47, 55, 59]",7,"[38, 40, 59]",3,"[8, 38, 40, 55, 59]",5,"[8, 38, 40, 59]",4,"[8, 38, 40, 47, 55, 59]",6,"[8, 38, 40, 59]",4,"[8, 38, 40, 47, 55, 59]",6,"[8, 11, 38, 40, 59]",5,"[8, 10, 38, 55]",4,"[8, 18, 38, 40, 47, 59]",6,"[8, 38, 40, 46, 55]",5,"[18, 38, 40, 47, 59]",5,"[8, 38, 40, 46, 47, 55, 59]",7,"[18, 38, 40, 47, 59]",5,"[8, 38, 40, 46, 47, 55, 59]",7,"[11, 38, 44, 59]",4,"[10, 38, 55]",3,"[18, 38, 47, 59]",4,"[10, 11, 38, 46, 47, 55, 57, 59]",8
10,0,"[17, 36, 39, 43]",4,"[17, 19, 40, 43, 47, 50, 57]",7,"[17, 36, 39, 43]",4,"[16, 17, 39, 40, 43, 47, 50, 57]",8,"[36, 39, 43]",3,"[16, 17, 39, 40, 43, 47, 57]",7,"[36, 39, 43]",3,"[17, 39, 40, 43, 47, 57]",6,"[17, 36, 43, 44, 50]",5,"[16, 17, 39, 40, 43, 50]",6,"[31, 36, 39, 43]",4,"[16, 17, 39, 40, 43, 47]",6,"[31, 36, 43]",3,"[16, 17, 39, 40, 43, 47]",6,"[31, 36, 43]",3,"[16, 17, 39, 40, 43, 47]",6,"[17, 36, 43, 50]",4,"[16, 17, 39, 40, 43, 50]",6,"[9, 31, 36, 43]",4,"[16, 40, 43, 50]",4
10,1,"[37, 38, 45, 63]",4,"[20, 22, 37, 38, 45, 63]",6,"[22, 37, 38, 41, 45, 63]",6,"[20, 22, 37, 45, 63]",5,"[38, 41, 45, 63]",4,"[38, 45, 63]",3,"[38, 41, 45, 63]",4,"[38, 45, 63]",3,"[18, 22, 37, 63]",4,"[20, 22, 27, 37, 45, 63]",6,"[3, 22, 37, 41, 63]",5,"[22, 38, 45, 63]",4,"[3, 38, 41, 63]",4,"[22, 38, 41, 63]",4,"[3, 38, 41, 63]",4,"[22, 38, 41, 63]",4,"[18, 22, 37, 38, 63]",5,"[20, 22, 27, 37, 45, 63]",6,"[20, 22, 37, 38, 41, 63]",6,"[20, 38, 41, 63]",4
10,2,"[11, 26, 35, 44]",4,"[26, 35, 46]",3,"[11, 26, 35, 44, 48]",5,"[26, 35, 36, 46]",4,"[0, 11, 26, 32, 35, 46, 48]",7,"[26, 32, 35, 46]",4,"[0, 11, 26, 32, 35, 46, 48]",7,"[26, 32, 35, 46]",4,"[11, 32, 35, 44]",4,"[26, 35, 36]",3,"[0, 11, 32, 35, 48]",5,"[26, 32, 35, 48, 62]",5,"[0, 11, 32, 35, 48]",5,"[26, 32, 35, 46, 48, 62]",6,"[0, 11, 32, 35, 48]",5,"[26, 32, 35, 46, 48, 62]",6,"[11, 32, 35, 44, 48]",5,"[35, 36]",2,"[0, 11, 32, 35, 48, 53, 62]",7,"[0, 35, 36, 46, 48, 53]",6
10,3,"[5, 17, 60, 63]",4,"[5, 19, 26]",3,"[5, 30, 60, 63]",4,"[5, 19, 26, 30]",4,"[5, 6, 63]",3,"[5, 26, 30]",3,"[5, 6, 63]",3,"[5, 26, 30]",3,"[5, 6, 15, 60, 63]",5,"[5, 7, 15, 19, 26, 30]",6,"[5, 6, 60, 63]",4,"[5, 15, 26, 30]",4,"[6, 60, 63]",3,"[5, 15, 26, 30]",4,"[6, 60, 63]",3,"[5, 15, 26, 30]",4,"[5, 6, 15, 60, 63]",5,"[5, 7, 15, 19, 26, 30]",6,"[6, 60, 63]",3,"[5, 15, 19, 26, 30]",5
10,4,"[49, 51]",2,"[0, 20, 42, 56, 63]",5,"[6, 19, 42]",3,"[20, 42, 56, 63]",4,"[6, 9, 19, 42]",4,"[20, 42, 55, 56, 63]",5,"[6, 9, 19, 42]",4,"[20, 42, 55, 56, 63]",5,"[9, 19, 42, 62]",4,"[42, 63]",2,"[6, 9, 11, 19]",4,"[52, 56, 63]",3,"[6, 9, 19]",3,"[52, 56, 63]",3,"[6, 9, 19]",3,"[52, 56, 63]",3,"[9, 19, 42, 62, 63]",5,"[22, 42, 63]",3,"[9, 11, 19, 22, 52, 63]",6,"[9, 19, 22, 52, 63]",5
10,5,"[2, 8, 53]",3,"[3, 34, 45, 46, 62]",5,"[2, 8, 18, 53]",4,"[3, 34, 45, 62]",4,"[7, 8, 16, 53]",4,"[3, 34, 45, 62]",4,"[7, 8, 16]",3,"[3, 34, 45, 62]",4,"[8, 9, 21, 53]",4,"[0, 3, 34, 45]",4,"[8, 9, 53]",3,"[3, 9, 45, 62]",4,"[8, 9, 53]",3,"[3, 34, 45, 62]",4,"[8, 9, 53]",3,"[3, 34, 45, 62]",4,"[8, 9, 10, 21, 34, 58]",6,"[3, 9, 34, 45, 53, 62]",6,"[9, 28, 53, 62]",4,"[0, 3, 9, 45, 53, 62]",6
10,6,"[0, 25, 28, 30, 49]",5,"[0, 16, 25, 49]",4,"[4, 12, 25, 28, 30, 49]",6,"[16, 22, 25, 28, 49]",5,"[4, 25, 28, 30, 49]",5,"[16, 22, 25, 49]",4,"[4, 25, 28, 30, 49]",5,"[16, 22, 25, 49]",4,"[4, 12, 25, 28, 30, 38]",6,"[4, 16, 22, 25, 38]",5,"[4, 12, 22, 25, 28, 30, 38]",7,"[4, 16, 22, 25]",4,"[4, 12, 25, 28, 30, 49]",6,"[4, 16, 22, 25]",4,"[4, 12, 25, 28, 30, 49]",6,"[4, 16, 22, 25]",4,"[4, 12, 25, 28, 30, 38]",6,"[4, 16, 22, 25, 38]",5,"[4, 22, 25, 30, 38]",5,"[4, 16, 22, 25, 37, 38]",6
10,7,"[25, 42, 46]",3,"[25, 35, 37, 42, 46]",5,"[25, 42, 45, 46]",4,"[7, 25, 42, 45]",4,"[25, 42, 45, 46]",4,"[7, 25, 42, 45]",4,"[25, 42, 45, 58]",4,"[7, 25, 42, 45]",4,"[7, 25, 42, 45, 46, 56]",6,"[7, 25, 27, 37, 42, 45, 57]",7,"[7, 25, 37, 42, 45, 46]",6,"[7, 25, 30, 37, 42, 45, 57]",7,"[25, 37, 42, 45, 46, 57, 58]",7,"[7, 25, 30, 37, 42, 45, 57]",7,"[25, 37, 42, 45, 46, 57, 58]",7,"[7, 25, 30, 37, 42, 45, 57]",7,"[7, 25, 37, 42, 45, 46, 56]",7,"[7, 25, 27, 37, 42, 45, 56, 57]",8,"[25, 37, 42, 45, 56, 58]",6,"[7, 25, 37, 42, 45, 57]",6
10,8,"[6, 10]",2,"[29, 58]",2,"[6, 10, 47]",3,"[28, 47]",2,"[10, 49]",2,"[28, 60]",2,"[10, 49]",2,"[28, 60]",2,"[0, 6, 30, 47, 56]",5,"[0, 28, 47, 48]",4,"[0, 30, 47, 60]",4,"[0, 28, 47, 60]",4,"[10, 47, 60]",3,"[28, 60]",2,"[10, 47, 60]",3,"[28, 60]",2,"[0, 6, 30, 47, 56]",5,"[0, 30, 47, 48]",4,"[0, 6, 10, 30, 47, 60]",6,"[0, 28, 30, 60]",4
10,9,"[10, 16, 28, 34, 44, 55]",6,"[10, 16, 28, 55]",4,"[10, 28, 30, 34, 44, 55]",6,"[10, 16, 19, 28, 30, 55]",6,"[10, 28, 30, 34, 44]",5,"[10, 16, 19, 28, 30]",5,"[10, 28, 30, 34, 44]",5,"[16, 28, 30, 55]",4,"[10, 19, 28, 30, 44, 55]",6,"[10, 16, 19, 28]",4,"[10, 19, 28, 30, 34, 44]",6,"[10, 16, 19, 28, 30]",5,"[10, 19, 28, 30, 34, 44]",6,"[10, 16, 19, 28, 30]",5,"[10, 19, 28, 30, 34, 44]",6,"[10, 16, 19, 28, 30]",5,"[10, 19, 28, 30, 34, 44]",6,"[10, 16, 19, 28]",4,"[10, 28, 30, 34, 44]",5,"[10, 16, 28]",3
10,10,"[7, 27, 35, 44]",4,"[11, 27, 33, 44]",4,"[7, 20, 27, 35, 44]",5,"[11, 23, 27, 33, 35, 44]",6,"[7, 27, 35, 61]",4,"[11, 26, 27, 33, 35]",5,"[7, 27, 35, 61]",4,"[11, 26, 27, 33]",4,"[7, 20, 27, 35, 44, 48, 61]",7,"[11, 23, 27, 33, 44]",5,"[7, 27, 35, 61]",4,"[11, 23, 26, 27, 33, 35]",6,"[7, 27, 35, 61]",4,"[0, 11, 23, 26, 27, 33, 35]",7,"[7, 27, 35, 61]",4,"[0, 11, 23, 26, 27, 33, 35]",7,"[7, 20, 23, 27, 35, 48, 61]",7,"[11, 23, 27, 33]",4,"[7, 23, 35, 44, 48, 61]",6,"[10, 11, 23, 26, 33, 35]",6
10,11,"[49, 53]",2,"[7, 8, 24, 38]",4,"[49, 52, 53]",3,"[7, 24, 27, 38, 52, 53]",6,"[49, 53]",2,"[5, 7, 24, 38, 53]",5,"[49, 53]",2,"[5, 7, 24, 38, 53]",5,"[1, 52, 53]",3,"[38, 52, 53]",3,"[49, 52, 53]",3,"[5, 38, 53, 61]",4,"[49, 53]",2,"[38, 53, 61]",3,"[49, 53]",2,"[38, 53, 61]",3,"[1, 52, 53]",3,"[38, 52, 53]",3,"[48, 49, 50, 53]",4,"[5, 38, 53]",3
11,0,"[24, 25, 26, 30, 38, 46, 56]",7,"[5, 7, 33, 34, 39, 48, 51, 61]",8,"[24, 25, 26, 30, 38, 46, 56]",7,"[5, 7, 33, 34, 39, 48, 51, 53, 61]",9,"[24, 26, 30, 46, 56]",5,"[5, 7, 33, 34, 39, 48, 51, 53, 61]",9,"[24, 26, 30, 46, 49, 56]",6,"[5, 7, 33, 34, 39, 48, 51, 53, 61]",9,"[16, 24, 25, 26, 30, 46]",6,"[5, 7, 33, 34, 39, 48, 51, 53, 61]",9,"[24, 26, 30, 38, 43, 46, 56]",7,"[5, 7, 33, 34, 39, 48, 53, 61]",8,"[24, 26, 30, 38, 46, 56]",6,"[5, 7, 33, 34, 39, 48, 51, 53, 61]",9,"[24, 26, 30, 38, 46, 56]",6,"[5, 7, 33, 34, 39, 48, 51, 53, 61]",9,"[16, 24, 25, 26, 30, 38, 46]",7,"[5, 6, 7, 33, 34, 39, 51, 53, 61]",9,"[24, 26, 30, 38, 46]",5,"[5, 6, 33, 34, 39, 48, 53, 61]",8
11,1,"[7, 30, 47, 49, 51, 61]",6,"[21, 49, 51]",3,"[7, 30, 47, 49, 51, 61]",6,"[21, 47, 49]",3,"[7, 30, 47, 49, 51, 61]",6,"[19, 21, 47, 49]",4,"[7, 30, 47, 49, 51, 61]",6,"[19, 21, 49, 51]",4,"[7, 47, 51, 61]",4,"[7, 45, 47, 49, 51]",5,"[7, 47, 51]",3,"[47, 51]",2,"[7, 47, 51, 61]",4,[51],1,"[7, 47, 51, 61]",4,[51],1,"[7, 47, 51, 61]",4,"[42, 45, 47, 51]",4,"[7, 42, 47, 49, 51]",5,"[7, 42, 47, 51]",4
11,2,"[1, 18, 45, 46]",4,"[10, 45]",2,"[1, 17, 36, 45, 46]",5,"[7, 45]",2,"[1, 17, 18, 45, 46]",5,[45],1,"[1, 17, 18, 45, 46]",5,[45],1,"[1, 7, 24, 45, 46]",5,"[7, 45, 62]",3,"[1, 17, 18, 45, 46]",5,"[7, 45]",2,"[1, 17, 18, 45, 46]",5,[45],1,"[1, 17, 18, 45, 46]",5,[45],1,"[1, 7, 18, 24, 45, 46]",6,"[1, 7, 45, 62]",4,"[1, 17, 45, 46, 52]",5,"[45, 52]",2
11,3,"[5, 27, 50, 57, 59, 61]",6,"[14, 50, 54, 56, 60]",5,"[27, 50, 57, 59, 61]",5,"[14, 27, 50, 54, 56, 60]",6,"[27, 50, 57, 59, 61]",5,"[14, 27, 50, 56, 60]",5,"[5, 50, 57, 59, 61]",5,"[14, 27, 50, 56, 60]",5,"[50, 54, 56, 59, 61]",5,"[14, 27, 50, 54, 56, 60]",6,"[0, 14, 50, 54, 59, 61]",6,"[14, 50, 54, 56, 60]",5,"[0, 14, 50, 59, 61]",5,"[14, 27, 50, 54, 56, 60]",6,"[0, 14, 50, 59, 61]",5,"[14, 27, 50, 54, 56, 60]",6,"[5, 14, 50, 54, 56, 59, 61]",7,"[14, 27, 50, 54, 56, 60]",6,"[14, 54, 56, 59, 61]",5,"[14, 54, 56, 59, 60, 61]",6
11,4,"[2, 53, 61]",3,"[8, 19, 40, 53]",4,"[8, 53]",2,"[8, 19, 40, 53]",4,[53],1,"[8, 19, 40, 53]",4,[53],1,"[8, 40, 53]",3,"[2, 6, 8, 9, 19, 53]",6,"[8, 17, 19, 40, 53]",5,"[2, 6, 53]",3,"[8, 17, 19, 40, 53]",5,"[2, 6, 53]",3,"[8, 19, 40, 53]",4,"[2, 6, 53]",3,"[8, 19, 40, 53]",4,"[2, 6, 8, 9, 19]",5,"[8, 17, 19, 40, 53]",5,"[2, 6, 9, 61]",4,"[2, 6, 7, 19, 40, 53]",6
11,5,"[20, 32, 41, 46, 52]",5,"[20, 32, 41, 53]",4,"[20, 32, 41, 46]",4,"[14, 20, 32, 41, 53]",5,"[20, 32, 41, 46]",4,"[14, 20, 32, 41, 46, 53]",6,"[20, 32, 41, 46, 47]",5,"[20, 32, 41, 46, 53]",5,"[14, 19, 20, 32, 36, 41, 46]",7,"[14, 19, 20, 32, 41, 46, 53]",7,"[0, 14, 19, 20, 32, 36, 41, 46]",8,"[0, 19, 20, 41, 46, 53, 56]",7,"[0, 14, 19, 20, 32, 36, 41, 46]",8,"[0, 19, 20, 32, 41, 46, 53]",7,"[0, 14, 19, 20, 32, 36, 41, 46]",8,"[0, 19, 20, 32, 41, 46, 53]",7,"[14, 19, 20, 32, 36, 41, 46]",7,"[14, 19, 20, 32, 41, 46, 53, 56]",8,"[0, 14, 19, 20, 32, 36, 41, 46]",8,"[0, 14, 19, 32, 41, 46, 56]",7
11,6,"[3, 5, 15, 16]",4,"[16, 20, 55]",3,"[5, 16, 48, 58]",4,"[15, 16, 18, 55]",4,"[3, 5, 16, 53, 58]",5,"[16, 18, 38, 55]",4,"[5, 16, 48, 53, 58]",5,"[16, 18, 38, 55]",4,"[5, 15, 16, 18, 53, 58]",6,"[15, 18, 19]",3,"[5, 15, 16, 40, 53, 58]",6,"[3, 15, 55]",3,"[5, 15, 16, 40, 58]",5,"[3, 48, 55]",3,"[5, 15, 16, 40, 58]",5,"[3, 48, 55]",3,"[5, 15, 16, 18, 58]",5,"[15, 18, 19]",3,"[7, 15, 53, 58, 59]",5,"[2, 15, 16, 18, 59]",5
11,7,"[2, 9, 31, 37]",4,[31],1,"[2, 31]",2,"[6, 14, 26, 31, 49]",5,"[2, 9, 31]",3,"[26, 31]",2,"[3, 9, 31]",3,"[26, 31]",2,"[3, 14, 24, 26, 31, 49]",6,"[6, 14, 24, 26, 31, 49]",6,"[3, 26, 31]",3,"[14, 26, 31, 49]",4,"[3, 26, 30, 31]",4,"[14, 26, 31]",3,"[3, 26, 30, 31]",4,"[14, 26, 31]",3,"[3, 14, 24, 26, 31, 49]",6,"[6, 14, 24, 26, 31, 49]",6,"[3, 6, 26, 31, 49]",5,"[3, 6, 26, 31, 49, 55]",6
11,8,"[18, 37, 38, 55, 59]",5,"[18, 22, 38, 45, 55, 62]",6,"[18, 37, 38, 55, 59]",5,"[18, 22, 38, 42, 45, 55, 62]",7,"[18, 37, 38, 42, 55, 59]",6,"[18, 22, 38, 42, 45, 55, 62]",7,"[18, 37, 38, 42, 55, 59]",6,"[18, 22, 38, 42, 45, 55, 62]",7,"[18, 28, 37, 38, 42, 55, 59]",7,"[18, 22, 38, 42, 62]",5,"[18, 38, 42, 55, 59]",5,"[18, 22, 38, 42, 45, 62]",6,"[18, 37, 38, 42, 55, 59]",6,"[18, 22, 38, 42, 51, 52, 62]",7,"[18, 37, 38, 42, 55, 59]",6,"[18, 22, 38, 42, 51, 52, 62]",7,"[18, 37, 38, 42, 59]",5,"[18, 22, 38, 42, 62]",5,"[18, 38, 42, 59]",4,"[18, 22, 38, 42, 51, 52, 62]",7
11,9,"[14, 16, 26, 37, 38, 52]",6,"[5, 12, 13, 14, 26, 42]",6,"[14, 16, 26, 37, 38]",5,"[12, 13, 14, 26, 42]",5,"[14, 16, 26, 37, 38]",5,"[12, 13, 14, 26, 42]",5,"[14, 16, 26, 37, 38]",5,"[12, 13, 14, 26, 42]",5,"[0, 14, 16, 37, 38]",5,"[0, 12, 14, 26, 63]",5,"[0, 14, 16, 38]",4,"[0, 5, 12, 13, 14, 26, 42]",7,"[14, 16, 26, 38]",4,"[0, 5, 12, 13, 14, 26, 42]",7,"[14, 16, 26, 38]",4,"[0, 5, 12, 13, 14, 26, 42]",7,"[0, 14, 16, 17, 38]",5,"[0, 12, 14, 26, 42]",5,"[0, 14, 17, 59]",4,"[5, 12, 14, 42, 59]",5
11,10,"[14, 19, 53, 54]",4,"[14, 15, 19, 29, 39]",5,"[14, 19, 46]",3,"[14, 15, 19, 29, 39, 60]",6,"[14, 19, 46, 53]",4,"[14, 15, 19, 29, 39, 46, 60]",7,"[14, 19, 46, 53]",4,"[14, 15, 19, 29, 39, 46]",6,"[14, 19, 27, 46]",4,"[14, 19, 29, 39, 60]",5,"[14, 19, 46]",3,"[14, 19, 29, 39, 46]",5,"[14, 19, 46]",3,"[14, 19, 29, 39, 46]",5,"[14, 19, 46]",3,"[14, 19, 29, 39, 46]",5,"[14, 19, 27, 46, 57]",5,"[14, 19, 29, 39]",4,"[14, 19, 27, 46, 57]",5,"[14, 19, 29, 39, 46]",5
11,11,"[14, 21, 41, 50, 57, 59]",6,"[35, 41, 50]",3,"[14, 19, 21, 41, 57, 59]",6,"[9, 35, 41, 50]",4,"[19, 21, 35, 41, 57, 59]",6,"[35, 41, 50]",3,"[19, 21, 35, 57, 59]",5,"[35, 41, 50]",3,"[7, 17, 19, 21, 57]",5,"[9, 19, 21, 30, 35, 41]",6,"[19, 21, 35, 57]",4,"[19, 35]",2,"[7, 19, 35, 57]",4,"[19, 35]",2,"[7, 19, 35, 57]",4,"[19, 35]",2,"[7, 19, 21, 57]",4,"[9, 19, 30, 35]",4,"[0, 7, 19, 21, 57]",5,"[19, 35, 57]",3
